sale_date,product_id,total_items_sold,total_revenue
2026-03-11,1,317,20665.00
2026-03-11,2,112,9820.00
2026-03-11,17,39,4660.00
2026-03-11,15,31,3790.00
2026-03-11,3,20,2350.00
2026-03-11,45,15,1600.00
2026-03-11,20,10,1200.00
2026-03-11,16,6,978.00
2026-03-11,44,11,950.00
2026-03-11,18,4,634.00
2026-03-11,46,4,520.00
2026-03-11,19,3,435.00
2026-03-11,37,3,195.00
2026-03-11,39,1,115.00
2026-03-10,1,599,39475.00
2026-03-10,2,197,16925.00
2026-03-10,17,51,6165.00
2026-03-10,15,42,4980.00
2026-03-10,3,42,4980.00
2026-03-10,44,41,3420.00
2026-03-10,20,24,2910.00
2026-03-10,16,15,2318.00
2026-03-10,45,18,1890.00
2026-03-10,46,10,1505.00
2026-03-10,18,7,1069.00
2026-03-10,19,6,870.00
2026-03-10,37,5,325.00
2026-03-09,1,378,24750.00
2026-03-09,2,165,14325.00
2026-03-09,15,46,5515.00
2026-03-09,17,34,4035.00
2026-03-09,45,27,2835.00
2026-03-09,18,14,2246.00
2026-03-09,3,19,2235.00
2026-03-09,20,16,1890.00
2026-03-09,46,11,1760.00
2026-03-09,44,21,1680.00
2026-03-09,16,11,1630.00
2026-03-09,19,3,489.00
2026-03-09,37,6,390.00
2026-03-09,38,3,255.00
2026-03-08,1,784,51725.00
2026-03-08,2,245,21225.00
2026-03-08,17,72,8530.00
2026-03-08,15,64,7785.00
2026-03-08,3,53,6395.00
2026-03-08,20,36,4240.00
2026-03-08,45,34,3790.00
2026-03-08,44,26,2225.00
2026-03-08,18,12,1794.00
2026-03-08,16,11,1792.00
2026-03-08,46,7,1240.00
2026-03-08,37,18,1230.00
2026-03-08,19,5,779.00
2026-03-08,38,1,85.00
2026-03-07,1,992,65320.00
2026-03-07,2,390,33650.00
2026-03-07,17,116,14115.00
2026-03-07,15,82,9730.00
2026-03-07,3,63,7495.00
2026-03-07,20,50,5875.00
2026-03-07,44,59,5030.00
2026-03-07,45,37,3925.00
2026-03-07,16,15,2283.00
2026-03-07,18,12,1740.00
2026-03-07,19,10,1558.00
2026-03-07,37,18,1200.00
2026-03-07,46,6,945.00
2026-03-07,38,6,510.00
2026-03-07,39,3,345.00
2026-03-06,1,1101,72705.00
2026-03-06,2,394,34590.00
2026-03-06,15,101,12065.00
2026-03-06,17,82,9705.00
2026-03-06,3,71,8315.00
2026-03-06,20,46,5490.00
2026-03-06,45,46,5255.00
2026-03-06,44,54,4555.00
2026-03-06,16,29,4475.00
2026-03-06,18,23,3551.00
2026-03-06,46,9,1225.00
2026-03-06,37,15,975.00
2026-03-06,19,6,870.00
2026-03-06,38,10,850.00
2026-03-06,39,3,345.00
2026-03-05,1,1196,79030.00
2026-03-05,2,367,32235.00
2026-03-05,15,71,8440.00
2026-03-05,3,65,8050.00
2026-03-05,17,66,7940.00
2026-03-05,20,39,4585.00
2026-03-05,44,44,3790.00
2026-03-05,45,31,3260.00
2026-03-05,18,17,2789.00
2026-03-05,37,38,2560.00
2026-03-05,16,14,2119.00
2026-03-05,46,7,1050.00
2026-03-05,19,5,725.00
2026-03-05,38,6,590.00
2026-03-04,1,865,57350.00
2026-03-04,2,323,27955.00
2026-03-04,17,80,9800.00
2026-03-04,15,77,9430.00
2026-03-04,3,60,7225.00
2026-03-04,44,55,4490.00
2026-03-04,20,35,4075.00
2026-03-04,45,34,3605.00
2026-03-04,16,14,2370.00
2026-03-04,37,32,2080.00
2026-03-04,18,14,2065.00
2026-03-04,19,8,1214.00
2026-03-04,46,5,870.00
2026-03-04,38,8,720.00
2026-03-04,39,1,115.00
2026-03-03,1,930,61125.00
2026-03-03,2,287,24775.00
2026-03-03,15,82,9680.00
2026-03-03,17,72,8380.00
2026-03-03,3,46,5515.00
2026-03-03,20,33,4045.00
2026-03-03,44,37,3190.00
2026-03-03,18,21,3115.00
2026-03-03,45,28,2980.00
2026-03-03,16,18,2664.00
2026-03-03,37,16,1040.00
2026-03-03,19,5,725.00
2026-03-03,46,3,390.00
2026-03-03,39,2,230.00
2026-03-03,38,2,170.00
2026-03-02,1,770,51070.00
2026-03-02,2,326,28690.00
2026-03-02,3,65,7950.00
2026-03-02,17,65,7700.00
2026-03-02,15,52,6230.00
2026-03-02,45,34,3580.00
2026-03-02,20,28,3295.00
2026-03-02,44,26,2115.00
2026-03-02,18,10,1504.00
2026-03-02,16,8,1303.00
2026-03-02,46,7,1050.00
2026-03-02,37,14,910.00
2026-03-02,19,5,868.00
2026-03-02,38,2,190.00
2026-03-01,1,1416,93840.00
2026-03-01,2,466,40830.00
2026-03-01,15,108,13370.00
2026-03-01,17,104,12610.00
2026-03-01,3,84,10310.00
2026-03-01,44,64,5320.00
2026-03-01,45,47,5255.00
2026-03-01,20,41,5115.00
2026-03-01,18,27,4023.00
2026-03-01,16,22,3279.00
2026-03-01,46,13,1805.00
2026-03-01,19,8,1160.00
2026-03-01,37,16,1115.00
2026-03-01,38,7,595.00
2026-02-28,1,1231,80585.00
2026-02-28,2,410,35250.00
2026-02-28,17,118,14145.00
2026-02-28,15,107,12680.00
2026-02-28,3,72,8680.00
2026-02-28,20,62,7280.00
2026-02-28,45,62,6470.00
2026-02-28,16,40,6232.00
2026-02-28,44,64,5560.00
2026-02-28,18,25,3787.00
2026-02-28,37,24,1680.00
2026-02-28,19,9,1305.00
2026-02-28,46,5,650.00
2026-02-28,38,7,595.00
2026-02-28,39,4,460.00
2026-02-27,1,1029,67890.00
2026-02-27,2,400,34580.00
2026-02-27,15,90,10875.00
2026-02-27,3,92,10755.00
2026-02-27,17,84,9960.00
2026-02-27,44,61,5225.00
2026-02-27,45,37,3925.00
2026-02-27,20,27,3205.00
2026-02-27,18,21,3099.00
2026-02-27,16,18,2753.00
2026-02-27,19,14,2138.00
2026-02-27,37,15,1005.00
2026-02-27,38,8,680.00
2026-02-27,46,4,630.00
2026-02-27,39,2,230.00
2026-02-26,1,987,65220.00
2026-02-26,2,321,28125.00
2026-02-26,15,81,9865.00
2026-02-26,17,72,8705.00
2026-02-26,3,57,6755.00
2026-02-26,20,43,5245.00
2026-02-26,45,46,5075.00
2026-02-26,44,53,4555.00
2026-02-26,16,23,3478.00
2026-02-26,18,16,2482.00
2026-02-26,46,13,2130.00
2026-02-26,38,10,850.00
2026-02-26,19,5,779.00
2026-02-26,37,10,680.00
2026-02-25,1,605,39820.00
2026-02-25,2,246,21070.00
2026-02-25,15,60,6950.00
2026-02-25,17,55,6575.00
2026-02-25,3,46,5415.00
2026-02-25,44,52,4335.00
2026-02-25,45,35,3680.00
2026-02-25,20,25,2975.00
2026-02-25,16,17,2627.00
2026-02-25,18,10,1504.00
2026-02-25,46,5,760.00
2026-02-25,19,5,725.00
2026-02-25,37,6,390.00
2026-02-25,38,2,170.00
2026-02-24,1,574,37685.00
2026-02-24,2,216,18540.00
2026-02-24,17,59,6960.00
2026-02-24,15,48,5770.00
2026-02-24,3,42,5130.00
2026-02-24,44,37,3135.00
2026-02-24,45,26,2780.00
2026-02-24,20,21,2565.00
2026-02-24,18,11,1757.00
2026-02-24,46,9,1225.00
2026-02-24,16,7,1015.00
2026-02-24,37,11,805.00
2026-02-24,38,4,380.00
2026-02-24,19,2,290.00
2026-02-24,39,1,115.00
2026-02-23,1,586,38420.00
2026-02-23,2,226,19710.00
2026-02-23,15,67,7955.00
2026-02-23,17,50,6000.00
2026-02-23,44,47,4155.00
2026-02-23,3,34,3960.00
2026-02-23,45,34,3610.00
2026-02-23,18,21,3261.00
2026-02-23,20,26,3090.00
2026-02-23,16,13,2101.00
2026-02-23,46,5,705.00
2026-02-23,37,8,565.00
2026-02-23,39,4,460.00
2026-02-23,19,3,435.00
2026-02-23,38,4,340.00
2026-02-22,1,495,32460.00
2026-02-22,2,165,14065.00
2026-02-22,3,46,5415.00
2026-02-22,15,40,5000.00
2026-02-22,17,30,3700.00
2026-02-22,16,18,2969.00
2026-02-22,44,23,2015.00
2026-02-22,20,15,1825.00
2026-02-22,45,17,1790.00
2026-02-22,46,8,1150.00
2026-02-22,19,7,1069.00
2026-02-22,18,5,725.00
2026-02-22,37,3,195.00
2026-02-22,38,1,85.00
2026-02-21,1,1152,75435.00
2026-02-21,2,330,29130.00
2026-02-21,17,90,10875.00
2026-02-21,3,79,9485.00
2026-02-21,15,70,8300.00
2026-02-21,45,44,4895.00
2026-02-21,20,32,3780.00
2026-02-21,16,23,3389.00
2026-02-21,44,36,2915.00
2026-02-21,18,11,1684.00
2026-02-21,19,7,1069.00
2026-02-21,46,5,760.00
2026-02-21,37,7,485.00
2026-02-21,38,5,425.00
2026-02-21,39,2,230.00
2026-02-20,1,768,51375.00
2026-02-20,2,233,20025.00
2026-02-20,3,57,6755.00
2026-02-20,17,56,6640.00
2026-02-20,15,39,4685.00
2026-02-20,20,29,3385.00
2026-02-20,16,18,2772.00
2026-02-20,44,32,2735.00
2026-02-20,45,26,2645.00
2026-02-20,18,14,2192.00
2026-02-20,19,8,1214.00
2026-02-20,46,6,780.00
2026-02-20,38,3,295.00
2026-02-20,37,3,225.00
2026-02-19,1,591,38685.00
2026-02-19,2,204,17540.00
2026-02-19,17,51,6015.00
2026-02-19,3,48,5595.00
2026-02-19,15,45,5475.00
2026-02-19,44,45,3690.00
2026-02-19,45,34,3580.00
2026-02-19,16,18,2826.00
2026-02-19,18,12,1937.00
2026-02-19,20,12,1380.00
2026-02-19,19,8,1268.00
2026-02-19,46,7,1020.00
2026-02-19,37,7,455.00
2026-02-19,38,3,255.00
2026-02-19,39,1,115.00
2026-02-18,1,629,41125.00
2026-02-18,2,211,18535.00
2026-02-18,17,53,6420.00
2026-02-18,15,48,5820.00
2026-02-18,3,47,5555.00
2026-02-18,44,48,4045.00
2026-02-18,16,22,3549.00
2026-02-18,20,24,2960.00
2026-02-18,45,25,2590.00
2026-02-18,18,13,1974.00
2026-02-18,46,5,650.00
2026-02-18,37,9,600.00
2026-02-18,19,3,489.00
2026-02-18,38,3,315.00
2026-02-18,39,1,115.00
2026-02-17,1,1197,79470.00
2026-02-17,2,421,36545.00
2026-02-17,17,117,13905.00
2026-02-17,3,79,9510.00
2026-02-17,15,76,9015.00
2026-02-17,20,52,6130.00
2026-02-17,44,70,6005.00
2026-02-17,45,45,5155.00
2026-02-17,18,21,3153.00
2026-02-17,16,13,1955.00
2026-02-17,19,12,1848.00
2026-02-17,46,8,1095.00
2026-02-17,37,6,390.00
2026-02-17,38,2,170.00
2026-02-16,1,1088,71530.00
2026-02-16,2,347,30555.00
2026-02-16,15,87,10355.00
2026-02-16,17,75,9375.00
2026-02-16,3,75,8750.00
2026-02-16,44,72,6345.00
2026-02-16,45,47,4950.00
2026-02-16,20,37,4405.00
2026-02-16,16,20,2900.00
2026-02-16,18,12,1794.00
2026-02-16,19,11,1649.00
2026-02-16,37,17,1165.00
2026-02-16,46,6,865.00
2026-02-16,38,6,510.00
2026-02-15,1,1317,86985.00
2026-02-15,2,441,38385.00
2026-02-15,3,106,12865.00
2026-02-15,17,102,11930.00
2026-02-15,15,88,10495.00
2026-02-15,44,78,6800.00
2026-02-15,20,46,5440.00
2026-02-15,16,27,4058.00
2026-02-15,45,28,2850.00
2026-02-15,18,18,2699.00
2026-02-15,19,17,2681.00
2026-02-15,46,14,1930.00
2026-02-15,37,14,925.00
2026-02-15,39,5,625.00
2026-02-15,38,4,380.00
2026-02-14,1,1169,76750.00
2026-02-14,2,406,35510.00
2026-02-14,17,114,13960.00
2026-02-14,15,110,13275.00
2026-02-14,3,58,7020.00
2026-02-14,44,75,6445.00
2026-02-14,45,54,5940.00
2026-02-14,16,28,4276.00
2026-02-14,18,28,4222.00
2026-02-14,20,35,4025.00
2026-02-14,46,16,2190.00
2026-02-14,19,14,2084.00
2026-02-14,37,14,910.00
2026-02-14,39,4,460.00
2026-02-14,38,2,170.00
2026-02-13,1,1068,69855.00
2026-02-13,2,350,30310.00
2026-02-13,15,71,8390.00
2026-02-13,17,67,7905.00
2026-02-13,3,60,7025.00
2026-02-13,44,68,5830.00
2026-02-13,45,50,5160.00
2026-02-13,20,26,3090.00
2026-02-13,16,11,1684.00
2026-02-13,18,11,1649.00
2026-02-13,46,11,1485.00
2026-02-13,19,6,870.00
2026-02-13,37,10,680.00
2026-02-13,39,4,485.00
2026-02-13,38,4,340.00
2026-02-12,1,933,61380.00
2026-02-12,2,338,29290.00
2026-02-12,17,65,8175.00
2026-02-12,3,64,7460.00
2026-02-12,15,58,7395.00
2026-02-12,44,61,4985.00
2026-02-12,45,44,4655.00
2026-02-12,20,34,4060.00
2026-02-12,16,23,3567.00
2026-02-12,18,11,1811.00
2026-02-12,37,19,1280.00
2026-02-12,46,8,1205.00
2026-02-12,19,7,1015.00
2026-02-12,38,5,425.00
2026-02-12,39,3,345.00
2026-02-11,1,747,49665.00
2026-02-11,2,270,23370.00
2026-02-11,15,61,7315.00
2026-02-11,17,57,6805.00
2026-02-11,3,53,6445.00
2026-02-11,44,60,4925.00
2026-02-11,45,42,4360.00
2026-02-11,20,21,2465.00
2026-02-11,16,15,2175.00
2026-02-11,18,13,1993.00
2026-02-11,46,8,1095.00
2026-02-11,19,4,634.00
2026-02-11,37,9,615.00
2026-02-11,39,1,115.00
2026-02-11,38,1,85.00
2026-02-10,1,321,20985.00
2026-02-10,2,109,9465.00
2026-02-10,15,32,3980.00
2026-02-10,3,16,1840.00
2026-02-10,45,18,1800.00
2026-02-10,17,12,1430.00
2026-02-10,44,13,1215.00
2026-02-10,20,9,1085.00
2026-02-10,16,7,1069.00
2026-02-10,18,6,924.00
2026-02-10,19,3,489.00
2026-02-10,39,3,395.00
2026-02-10,37,5,325.00
2026-02-10,46,2,315.00
2026-02-09,1,426,28170.00
2026-02-09,2,122,10550.00
2026-02-09,3,28,3470.00
2026-02-09,17,26,3090.00
2026-02-09,20,22,2630.00
2026-02-09,15,18,2245.00
2026-02-09,45,13,1415.00
2026-02-09,44,15,1395.00
2026-02-09,37,10,650.00
2026-02-09,18,4,634.00
2026-02-09,19,4,580.00
2026-02-09,16,4,580.00
2026-02-09,46,3,445.00
2026-02-09,38,3,255.00
2026-02-09,39,1,115.00
2026-02-08,1,944,62425.00
2026-02-08,2,321,28345.00
2026-02-08,17,78,9545.00
2026-02-08,15,73,8895.00
2026-02-08,3,68,8045.00
2026-02-08,45,49,5175.00
2026-02-08,44,55,4770.00
2026-02-08,20,26,3340.00
2026-02-08,16,15,2318.00
2026-02-08,18,12,1740.00
2026-02-08,37,17,1135.00
2026-02-08,46,5,760.00
2026-02-08,38,4,360.00
2026-02-08,19,1,145.00
2026-02-08,39,1,115.00
2026-02-07,1,1213,79955.00
2026-02-07,2,349,30585.00
2026-02-07,17,109,12910.00
2026-02-07,15,84,10160.00
2026-02-07,3,83,9970.00
2026-02-07,20,45,5325.00
2026-02-07,45,48,5140.00
2026-02-07,18,34,5038.00
2026-02-07,44,53,4415.00
2026-02-07,16,28,4222.00
2026-02-07,19,9,1305.00
2026-02-07,37,19,1235.00
2026-02-07,46,8,1095.00
2026-02-07,39,1,115.00
2026-02-07,38,1,85.00
2026-02-06,1,541,35645.00
2026-02-06,2,175,14915.00
2026-02-06,15,40,4700.00
2026-02-06,17,39,4635.00
2026-02-06,3,36,4190.00
2026-02-06,45,20,2090.00
2026-02-06,44,24,2025.00
2026-02-06,18,11,1684.00
2026-02-06,20,12,1480.00
2026-02-06,16,8,1195.00
2026-02-06,37,13,875.00
2026-02-06,19,4,580.00
2026-02-06,46,2,315.00
2026-02-06,39,2,305.00
2026-02-06,38,1,85.00
2026-02-05,1,502,33920.00
2026-02-05,2,163,14115.00
2026-02-05,15,39,4910.00
2026-02-05,17,39,4810.00
2026-02-05,3,24,2935.00
2026-02-05,44,26,2210.00
2026-02-05,20,17,2055.00
2026-02-05,45,17,1745.00
2026-02-05,16,10,1450.00
2026-02-05,46,7,1135.00
2026-02-05,18,5,779.00
2026-02-05,19,5,725.00
2026-02-05,37,4,260.00
2026-02-05,39,1,115.00
2026-02-05,38,1,85.00
2026-02-04,1,642,42105.00
2026-02-04,2,200,17620.00
2026-02-04,44,68,5895.00
2026-02-04,3,48,5770.00
2026-02-04,15,47,5580.00
2026-02-04,17,44,5285.00
2026-02-04,45,26,2825.00
2026-02-04,20,17,2005.00
2026-02-04,16,12,1794.00
2026-02-04,18,12,1740.00
2026-02-04,46,8,1260.00
2026-02-04,37,10,710.00
2026-02-04,19,3,435.00
2026-02-04,38,2,170.00
2026-02-04,39,1,115.00
2026-02-03,1,680,45010.00
2026-02-03,2,210,17990.00
2026-02-03,17,62,7680.00
2026-02-03,15,48,5720.00
2026-02-03,45,40,4835.00
2026-02-03,44,54,4585.00
2026-02-03,20,32,3830.00
2026-02-03,3,17,2030.00
2026-02-03,16,11,1649.00
2026-02-03,18,7,1069.00
2026-02-03,46,6,920.00
2026-02-03,19,5,760.00
2026-02-03,37,9,585.00
2026-02-03,38,5,445.00
2026-02-02,1,327,21555.00
2026-02-02,2,114,10090.00
2026-02-02,3,26,3015.00
2026-02-02,15,18,2370.00
2026-02-02,45,21,2190.00
2026-02-02,17,16,1890.00
2026-02-02,44,18,1475.00
2026-02-02,20,10,1200.00
2026-02-02,18,7,1069.00
2026-02-02,46,6,890.00
2026-02-02,16,5,779.00
2026-02-02,37,4,260.00
2026-02-02,38,2,170.00
2026-02-02,19,1,145.00
2026-02-02,39,1,140.00
2026-02-01,1,743,48895.00
2026-02-01,2,305,26525.00
2026-02-01,3,76,8790.00
2026-02-01,17,66,7690.00
2026-02-01,15,62,7355.00
2026-02-01,44,43,3655.00
2026-02-01,16,21,3261.00
2026-02-01,45,26,2780.00
2026-02-01,20,22,2630.00
2026-02-01,18,16,2409.00
2026-02-01,19,4,742.00
2026-02-01,37,10,695.00
2026-02-01,46,4,520.00
2026-02-01,38,3,255.00
2026-02-01,39,1,115.00
2026-01-31,1,864,56385.00
2026-01-31,2,295,25515.00
2026-01-31,17,76,9065.00
2026-01-31,15,70,8550.00
2026-01-31,3,69,8110.00
2026-01-31,20,39,4685.00
2026-01-31,44,41,3760.00
2026-01-31,45,33,3555.00
2026-01-31,16,22,3406.00
2026-01-31,18,14,2227.00
2026-01-31,37,16,1160.00
2026-01-31,46,7,1020.00
2026-01-31,19,3,435.00
2026-01-31,38,2,170.00
2026-01-30,1,458,30595.00
2026-01-30,2,142,12690.00
2026-01-30,17,42,4830.00
2026-01-30,3,35,4200.00
2026-01-30,15,33,3995.00
2026-01-30,45,31,3735.00
2026-01-30,20,22,2630.00
2026-01-30,44,21,1820.00
2026-01-30,16,12,1775.00
2026-01-30,18,11,1757.00
2026-01-30,46,6,945.00
2026-01-30,19,5,725.00
2026-01-30,37,4,260.00
2026-01-30,39,1,115.00
2026-01-30,38,1,85.00
2026-01-29,1,766,50360.00
2026-01-29,2,236,20600.00
2026-01-29,17,80,9600.00
2026-01-29,3,52,6355.00
2026-01-29,15,48,5770.00
2026-01-29,45,36,4035.00
2026-01-29,20,33,3870.00
2026-01-29,44,33,2790.00
2026-01-29,18,14,2246.00
2026-01-29,16,14,2138.00
2026-01-29,46,6,890.00
2026-01-29,37,9,585.00
2026-01-29,19,3,489.00
2026-01-29,38,5,425.00
2026-01-28,1,709,46340.00
2026-01-28,2,223,19375.00
2026-01-28,17,72,8380.00
2026-01-28,15,49,5785.00
2026-01-28,3,47,5730.00
2026-01-28,45,29,3040.00
2026-01-28,44,34,2940.00
2026-01-28,20,20,2300.00
2026-01-28,46,9,1340.00
2026-01-28,18,8,1268.00
2026-01-28,16,8,1160.00
2026-01-28,19,6,905.00
2026-01-28,37,11,715.00
2026-01-28,38,5,425.00
2026-01-27,1,535,35015.00
2026-01-27,2,179,15675.00
2026-01-27,17,49,6010.00
2026-01-27,3,31,3615.00
2026-01-27,15,28,3370.00
2026-01-27,20,27,3105.00
2026-01-27,44,29,2670.00
2026-01-27,45,21,2100.00
2026-01-27,16,11,1757.00
2026-01-27,18,11,1703.00
2026-01-27,46,6,890.00
2026-01-27,38,6,510.00
2026-01-27,19,3,489.00
2026-01-27,37,5,355.00
2026-01-26,1,418,27410.00
2026-01-26,2,140,12480.00
2026-01-26,17,33,3920.00
2026-01-26,15,31,3740.00
2026-01-26,3,29,3585.00
2026-01-26,44,27,2235.00
2026-01-26,45,20,2050.00
2026-01-26,20,17,1955.00
2026-01-26,16,12,1794.00
2026-01-26,46,6,945.00
2026-01-26,18,4,634.00
2026-01-26,37,7,455.00
2026-01-26,19,1,199.00
2026-01-26,39,1,115.00
2026-01-25,1,845,55810.00
2026-01-25,2,326,28410.00
2026-01-25,15,71,8590.00
2026-01-25,17,67,8205.00
2026-01-25,3,56,6740.00
2026-01-25,20,36,4215.00
2026-01-25,16,27,4185.00
2026-01-25,44,43,3820.00
2026-01-25,45,32,3435.00
2026-01-25,18,15,2445.00
2026-01-25,19,8,1465.00
2026-01-25,46,5,790.00
2026-01-25,38,6,550.00
2026-01-25,37,8,550.00
2026-01-25,39,1,115.00
2026-01-24,1,697,45845.00
2026-01-24,2,243,20855.00
2026-01-24,15,71,8515.00
2026-01-24,17,60,7000.00
2026-01-24,3,52,6380.00
2026-01-24,44,53,4455.00
2026-01-24,20,29,3435.00
2026-01-24,45,26,2715.00
2026-01-24,18,10,1558.00
2026-01-24,16,9,1359.00
2026-01-24,46,5,760.00
2026-01-24,19,4,634.00
2026-01-24,37,7,455.00
2026-01-24,38,4,400.00
2026-01-24,39,2,230.00
2026-01-23,1,800,52780.00
2026-01-23,2,261,22425.00
2026-01-23,17,74,9035.00
2026-01-23,15,70,8550.00
2026-01-23,44,69,5835.00
2026-01-23,3,50,5800.00
2026-01-23,20,27,3155.00
2026-01-23,45,30,3045.00
2026-01-23,46,13,1885.00
2026-01-23,16,12,1794.00
2026-01-23,18,11,1649.00
2026-01-23,37,16,1100.00
2026-01-23,38,11,975.00
2026-01-23,19,6,924.00
2026-01-23,39,3,345.00
2026-01-22,1,754,49775.00
2026-01-22,2,217,18865.00
2026-01-22,15,72,8555.00
2026-01-22,17,65,7675.00
2026-01-22,3,47,5555.00
2026-01-22,44,51,4430.00
2026-01-22,20,35,4125.00
2026-01-22,18,20,2989.00
2026-01-22,45,24,2445.00
2026-01-22,16,10,1504.00
2026-01-22,19,9,1305.00
2026-01-22,37,14,910.00
2026-01-22,39,4,460.00
2026-01-22,46,2,315.00
2026-01-22,38,3,255.00
2026-01-21,1,780,51810.00
2026-01-21,2,280,24440.00
2026-01-21,17,81,9565.00
2026-01-21,15,61,7240.00
2026-01-21,3,60,7100.00
2026-01-21,18,26,4282.00
2026-01-21,44,51,4220.00
2026-01-21,20,28,3270.00
2026-01-21,45,31,3190.00
2026-01-21,16,16,2482.00
2026-01-21,46,6,835.00
2026-01-21,19,4,634.00
2026-01-21,37,7,455.00
2026-01-21,38,5,425.00
2026-01-20,1,1020,67350.00
2026-01-20,2,317,27745.00
2026-01-20,17,95,11400.00
2026-01-20,15,86,10140.00
2026-01-20,3,64,7560.00
2026-01-20,45,55,5525.00
2026-01-20,44,64,5230.00
2026-01-20,16,24,3604.00
2026-01-20,20,27,3205.00
2026-01-20,18,15,2318.00
2026-01-20,19,12,1775.00
2026-01-20,46,9,1200.00
2026-01-20,37,10,680.00
2026-01-20,38,6,510.00
2026-01-20,39,1,140.00
2026-01-19,1,1045,68390.00
2026-01-19,2,356,30900.00
2026-01-19,17,84,9785.00
2026-01-19,15,80,9400.00
2026-01-19,3,55,6475.00
2026-01-19,20,40,4750.00
2026-01-19,18,23,3513.00
2026-01-19,44,40,3305.00
2026-01-19,45,29,2945.00
2026-01-19,16,16,2320.00
2026-01-19,46,9,1200.00
2026-01-19,19,6,1032.00
2026-01-19,38,8,680.00
2026-01-19,37,7,455.00
2026-01-19,39,1,115.00
2026-01-18,1,1152,75945.00
2026-01-18,2,408,35700.00
2026-01-18,15,100,11950.00
2026-01-18,17,83,9995.00
2026-01-18,3,79,9260.00
2026-01-18,45,75,7930.00
2026-01-18,20,63,7445.00
2026-01-18,44,69,5905.00
2026-01-18,16,26,4075.00
2026-01-18,18,20,3008.00
2026-01-18,37,21,1365.00
2026-01-18,46,7,1130.00
2026-01-18,19,7,1123.00
2026-01-18,38,2,170.00
2026-01-18,39,1,165.00
2026-01-17,1,958,63095.00
2026-01-17,2,357,31205.00
2026-01-17,17,95,11125.00
2026-01-17,15,71,8440.00
2026-01-17,3,62,7655.00
2026-01-17,44,59,4970.00
2026-01-17,20,35,4225.00
2026-01-17,45,39,4135.00
2026-01-17,16,22,3298.00
2026-01-17,18,16,2409.00
2026-01-17,19,8,1268.00
2026-01-17,46,9,1255.00
2026-01-17,37,12,780.00
2026-01-17,38,6,510.00
2026-01-16,1,395,25915.00
2026-01-16,2,139,11935.00
2026-01-16,17,37,4405.00
2026-01-16,15,35,4275.00
2026-01-16,3,27,3330.00
2026-01-16,18,11,1757.00
2026-01-16,44,19,1590.00
2026-01-16,20,11,1315.00
2026-01-16,45,11,1190.00
2026-01-16,16,6,870.00
2026-01-16,38,6,590.00
2026-01-16,19,3,489.00
2026-01-16,46,2,290.00
2026-01-16,37,1,65.00
2026-01-15,1,569,37900.00
2026-01-15,2,190,16630.00
2026-01-15,3,54,6310.00
2026-01-15,17,47,5755.00
2026-01-15,15,40,4900.00
2026-01-15,44,38,3355.00
2026-01-15,20,29,3335.00
2026-01-15,45,18,1845.00
2026-01-15,16,10,1558.00
2026-01-15,18,8,1214.00
2026-01-15,46,8,1095.00
2026-01-15,19,5,725.00
2026-01-15,37,9,585.00
2026-01-15,38,1,85.00
2026-01-14,1,647,42370.00
2026-01-14,2,216,18820.00
2026-01-14,15,56,6890.00
2026-01-14,17,53,6295.00
2026-01-14,3,51,5990.00
2026-01-14,45,39,3970.00
2026-01-14,44,39,3210.00
2026-01-14,20,22,2680.00
2026-01-14,18,13,2047.00
2026-01-14,16,9,1467.00
2026-01-14,46,8,1095.00
2026-01-14,37,13,905.00
2026-01-14,19,3,435.00
2026-01-14,38,2,170.00
2026-01-14,39,1,115.00
2026-01-13,1,952,62945.00
2026-01-13,2,360,31060.00
2026-01-13,17,77,9005.00
2026-01-13,15,68,8095.00
2026-01-13,3,56,6540.00
2026-01-13,44,78,6505.00
2026-01-13,45,51,5460.00
2026-01-13,20,35,4025.00
2026-01-13,16,14,2119.00
2026-01-13,18,12,1883.00
2026-01-13,19,6,978.00
2026-01-13,46,7,910.00
2026-01-13,37,11,715.00
2026-01-13,39,4,460.00
2026-01-13,38,3,255.00
2026-01-12,1,953,62665.00
2026-01-12,2,309,26945.00
2026-01-12,17,98,11870.00
2026-01-12,15,85,9825.00
2026-01-12,3,60,7100.00
2026-01-12,45,66,6915.00
2026-01-12,20,51,6040.00
2026-01-12,44,57,4705.00
2026-01-12,18,18,2769.00
2026-01-12,16,17,2662.00
2026-01-12,46,15,2115.00
2026-01-12,19,11,1649.00
2026-01-12,37,7,515.00
2026-01-12,38,3,255.00
2026-01-12,39,2,230.00
2026-01-11,1,784,51740.00
2026-01-11,2,279,24315.00
2026-01-11,17,66,7865.00
2026-01-11,3,59,7110.00
2026-01-11,15,57,6680.00
2026-01-11,44,60,5065.00
2026-01-11,20,38,4520.00
2026-01-11,45,37,3930.00
2026-01-11,18,23,3713.00
2026-01-11,16,19,3079.00
2026-01-11,37,11,805.00
2026-01-11,19,5,779.00
2026-01-11,46,5,735.00
2026-01-11,39,4,510.00
2026-01-11,38,3,255.00
2026-01-10,1,672,44475.00
2026-01-10,2,218,18730.00
2026-01-10,15,66,8065.00
2026-01-10,17,54,6685.00
2026-01-10,3,48,5745.00
2026-01-10,44,46,3845.00
2026-01-10,20,33,3795.00
2026-01-10,45,28,2895.00
2026-01-10,16,13,1885.00
2026-01-10,18,11,1703.00
2026-01-10,37,15,975.00
2026-01-10,19,4,580.00
2026-01-10,38,4,340.00
2026-01-10,46,2,260.00
2026-01-10,39,2,255.00
2026-01-09,1,1039,68675.00
2026-01-09,2,382,32990.00
2026-01-09,17,108,12920.00
2026-01-09,15,84,9985.00
2026-01-09,3,75,8900.00
2026-01-09,45,64,6760.00
2026-01-09,44,64,5120.00
2026-01-09,20,35,4025.00
2026-01-09,16,23,3389.00
2026-01-09,18,18,2664.00
2026-01-09,46,9,1280.00
2026-01-09,37,7,455.00
2026-01-09,19,2,290.00
2026-01-09,38,2,170.00
2026-01-09,39,1,140.00
2026-01-08,1,936,62235.00
2026-01-08,2,323,27815.00
2026-01-08,15,70,8275.00
2026-01-08,17,67,7955.00
2026-01-08,3,57,6830.00
2026-01-08,44,67,5655.00
2026-01-08,45,52,5410.00
2026-01-08,20,38,4495.00
2026-01-08,18,23,3497.00
2026-01-08,16,22,3298.00
2026-01-08,46,13,1855.00
2026-01-08,37,12,780.00
2026-01-08,38,5,425.00
2026-01-08,19,2,344.00
2026-01-08,39,2,230.00
2026-01-07,1,896,59050.00
2026-01-07,2,318,27450.00
2026-01-07,17,100,11950.00
2026-01-07,3,63,7445.00
2026-01-07,15,54,6485.00
2026-01-07,44,67,5645.00
2026-01-07,45,40,4250.00
2026-01-07,16,21,3277.00
2026-01-07,20,23,2770.00
2026-01-07,18,17,2735.00
2026-01-07,46,10,1495.00
2026-01-07,37,9,600.00
2026-01-07,19,3,435.00
2026-01-07,38,4,340.00
2026-01-07,39,2,230.00
2026-01-06,1,975,63720.00
2026-01-06,2,344,30080.00
2026-01-06,15,81,9690.00
2026-01-06,17,73,8870.00
2026-01-06,3,63,7445.00
2026-01-06,45,69,7195.00
2026-01-06,44,59,4790.00
2026-01-06,20,35,4225.00
2026-01-06,18,22,3298.00
2026-01-06,16,16,2482.00
2026-01-06,19,6,870.00
2026-01-06,46,5,760.00
2026-01-06,37,7,455.00
2026-01-06,38,3,255.00
2026-01-05,1,1134,74670.00
2026-01-05,2,385,32985.00
2026-01-05,17,93,11195.00
2026-01-05,15,66,8340.00
2026-01-05,3,64,7460.00
2026-01-05,44,89,7335.00
2026-01-05,45,64,6605.00
2026-01-05,20,37,4380.00
2026-01-05,16,28,4114.00
2026-01-05,18,23,3497.00
2026-01-05,46,13,1915.00
2026-01-05,19,10,1558.00
2026-01-05,37,14,910.00
2026-01-05,38,5,425.00
2026-01-05,39,1,115.00
2026-01-04,1,282,18390.00
2026-01-04,2,129,11005.00
2026-01-04,3,32,3730.00
2026-01-04,15,28,3295.00
2026-01-04,17,18,2070.00
2026-01-04,45,18,2010.00
2026-01-04,44,19,1520.00
2026-01-04,20,12,1480.00
2026-01-04,16,9,1448.00
2026-01-04,18,8,1160.00
2026-01-04,37,8,520.00
2026-01-04,19,3,435.00
2026-01-04,46,2,315.00
2026-01-04,38,2,170.00
2026-01-04,39,1,115.00
2026-01-03,1,911,60400.00
2026-01-03,2,302,25970.00
2026-01-03,15,71,8490.00
2026-01-03,17,62,7480.00
2026-01-03,3,54,6285.00
2026-01-03,44,72,5900.00
2026-01-03,45,41,4125.00
2026-01-03,20,34,4010.00
2026-01-03,16,17,2627.00
2026-01-03,18,15,2175.00
2026-01-03,46,8,1155.00
2026-01-03,19,4,634.00
2026-01-03,37,7,545.00
2026-01-03,38,4,360.00
2026-01-02,1,1062,69225.00
2026-01-02,2,326,28210.00
2026-01-02,17,86,10140.00
2026-01-02,3,69,8285.00
2026-01-02,15,64,7460.00
2026-01-02,45,67,6860.00
2026-01-02,44,62,4960.00
2026-01-02,20,29,3385.00
2026-01-02,16,18,2664.00
2026-01-02,18,16,2374.00
2026-01-02,46,8,1095.00
2026-01-02,19,4,580.00
2026-01-02,38,6,510.00
2026-01-02,37,5,325.00
2026-01-02,39,1,115.00
2026-01-01,1,249,16515.00
2026-01-01,2,128,11360.00
2026-01-01,15,27,3330.00
2026-01-01,3,26,3040.00
2026-01-01,17,20,2350.00
2026-01-01,45,17,1880.00
2026-01-01,44,18,1565.00
2026-01-01,18,5,833.00
2026-01-01,46,4,660.00
2026-01-01,16,4,580.00
2026-01-01,19,3,543.00
2026-01-01,37,5,445.00
2026-01-01,39,1,165.00
2026-01-01,20,1,115.00
2026-01-01,38,1,85.00
2025-12-31,1,954,62775.00
2025-12-31,2,338,29210.00
2025-12-31,17,76,8840.00
2025-12-31,15,59,7210.00
2025-12-31,3,50,5900.00
2025-12-31,45,46,4825.00
2025-12-31,44,43,3440.00
2025-12-31,20,24,2960.00
2025-12-31,18,16,2644.00
2025-12-31,16,16,2482.00
2025-12-31,37,11,775.00
2025-12-31,46,5,760.00
2025-12-31,19,4,634.00
2025-12-31,38,4,380.00
2025-12-31,39,3,345.00
2025-12-30,1,1850,121840.00
2025-12-30,2,652,55920.00
2025-12-30,17,157,18705.00
2025-12-30,15,125,14725.00
2025-12-30,3,109,12635.00
2025-12-30,45,115,11910.00
2025-12-30,44,125,10780.00
2025-12-30,20,80,9675.00
2025-12-30,16,32,5088.00
2025-12-30,18,20,3062.00
2025-12-30,19,13,1993.00
2025-12-30,37,28,1850.00
2025-12-30,46,9,1280.00
2025-12-30,38,9,765.00
2025-12-30,39,6,715.00
2025-12-29,1,1767,116550.00
2025-12-29,2,622,53830.00
2025-12-29,17,133,15670.00
2025-12-29,15,115,14000.00
2025-12-29,3,104,12360.00
2025-12-29,45,89,9355.00
2025-12-29,20,77,8955.00
2025-12-29,44,80,6715.00
2025-12-29,18,27,4004.00
2025-12-29,16,21,3134.00
2025-12-29,46,15,2445.00
2025-12-29,37,25,1625.00
2025-12-29,19,10,1504.00
2025-12-29,39,5,825.00
2025-12-29,38,5,465.00
2025-12-28,1,1748,114415.00
2025-12-28,2,506,43590.00
2025-12-28,15,121,14365.00
2025-12-28,17,124,14360.00
2025-12-28,44,121,9945.00
2025-12-28,3,83,9795.00
2025-12-28,45,69,7125.00
2025-12-28,16,40,5978.00
2025-12-28,20,49,5785.00
2025-12-28,18,16,2320.00
2025-12-28,46,13,1775.00
2025-12-28,37,21,1395.00
2025-12-28,19,8,1195.00
2025-12-28,38,6,550.00
2025-12-28,39,1,115.00
2025-12-27,1,1448,94795.00
2025-12-27,2,450,38710.00
2025-12-27,17,109,13160.00
2025-12-27,15,103,12245.00
2025-12-27,20,83,9720.00
2025-12-27,44,112,9310.00
2025-12-27,3,69,8185.00
2025-12-27,45,78,8165.00
2025-12-27,16,35,5180.00
2025-12-27,18,25,3679.00
2025-12-27,46,21,3005.00
2025-12-27,19,8,1214.00
2025-12-27,38,13,1105.00
2025-12-27,37,16,1070.00
2025-12-27,39,1,115.00
2025-12-26,1,2026,133025.00
2025-12-26,2,665,57125.00
2025-12-26,15,155,18775.00
2025-12-26,17,114,13460.00
2025-12-26,3,107,12905.00
2025-12-26,44,109,8985.00
2025-12-26,20,72,8355.00
2025-12-26,45,72,7450.00
2025-12-26,16,31,4584.00
2025-12-26,18,30,4404.00
2025-12-26,19,12,1740.00
2025-12-26,46,12,1615.00
2025-12-26,37,24,1560.00
2025-12-26,38,6,510.00
2025-12-26,39,1,165.00
2025-12-25,1,1312,85445.00
2025-12-25,2,410,35370.00
2025-12-25,3,79,9235.00
2025-12-25,17,75,9150.00
2025-12-25,15,68,7845.00
2025-12-25,44,84,6880.00
2025-12-25,20,53,6245.00
2025-12-25,45,58,5870.00
2025-12-25,16,20,3062.00
2025-12-25,18,17,2573.00
2025-12-25,46,15,2170.00
2025-12-25,19,9,1359.00
2025-12-25,37,18,1170.00
2025-12-25,38,11,975.00
2025-12-25,39,3,345.00
2025-12-24,1,1565,102100.00
2025-12-24,2,566,48850.00
2025-12-24,17,141,16565.00
2025-12-24,15,102,12080.00
2025-12-24,3,103,11995.00
2025-12-24,44,76,6540.00
2025-12-24,20,48,5520.00
2025-12-24,45,52,5380.00
2025-12-24,16,30,4512.00
2025-12-24,18,21,3261.00
2025-12-24,46,13,2020.00
2025-12-24,19,8,1268.00
2025-12-24,38,4,380.00
2025-12-24,37,2,130.00
2025-12-24,39,1,115.00
2025-12-23,1,1617,106200.00
2025-12-23,2,540,46180.00
2025-12-23,17,165,19425.00
2025-12-23,15,133,16145.00
2025-12-23,44,151,12275.00
2025-12-23,45,97,9925.00
2025-12-23,3,81,9415.00
2025-12-23,20,57,6655.00
2025-12-23,16,41,6161.00
2025-12-23,18,31,4495.00
2025-12-23,46,20,2875.00
2025-12-23,37,11,745.00
2025-12-23,19,5,725.00
2025-12-23,38,7,595.00
2025-12-23,39,3,420.00
2025-12-22,1,1512,99045.00
2025-12-22,2,468,40280.00
2025-12-22,17,160,18750.00
2025-12-22,15,118,13895.00
2025-12-22,3,85,10125.00
2025-12-22,44,112,9245.00
2025-12-22,45,85,8615.00
2025-12-22,18,40,6070.00
2025-12-22,20,51,5915.00
2025-12-22,16,37,5724.00
2025-12-22,46,17,2265.00
2025-12-22,19,11,1649.00
2025-12-22,38,9,845.00
2025-12-22,39,3,395.00
2025-12-22,37,6,390.00
2025-12-21,1,1759,115505.00
2025-12-21,2,602,51970.00
2025-12-21,17,154,18035.00
2025-12-21,15,117,13780.00
2025-12-21,3,105,12575.00
2025-12-21,20,81,9490.00
2025-12-21,45,89,9350.00
2025-12-21,44,109,9010.00
2025-12-21,18,29,4329.00
2025-12-21,16,25,3625.00
2025-12-21,37,23,1495.00
2025-12-21,46,7,965.00
2025-12-21,38,10,890.00
2025-12-21,19,5,725.00
2025-12-21,39,2,280.00
2025-12-21,36,2,50.00
2025-12-20,1,1424,94330.00
2025-12-20,2,490,42370.00
2025-12-20,17,106,12565.00
2025-12-20,3,93,10945.00
2025-12-20,15,86,10215.00
2025-12-20,44,105,8560.00
2025-12-20,45,81,8280.00
2025-12-20,18,32,4802.00
2025-12-20,16,31,4711.00
2025-12-20,20,38,4495.00
2025-12-20,46,10,1410.00
2025-12-20,19,7,1123.00
2025-12-20,37,17,1105.00
2025-12-20,38,8,720.00
2025-12-20,39,1,115.00
2025-12-20,36,3,75.00
2025-12-19,1,1211,80140.00
2025-12-19,2,368,31740.00
2025-12-19,17,88,10345.00
2025-12-19,44,119,9915.00
2025-12-19,15,75,9075.00
2025-12-19,3,77,9030.00
2025-12-19,45,67,6910.00
2025-12-19,20,50,5850.00
2025-12-19,18,19,2917.00
2025-12-19,16,17,2465.00
2025-12-19,46,9,1310.00
2025-12-19,19,8,1214.00
2025-12-19,37,10,650.00
2025-12-19,38,7,595.00
2025-12-19,39,1,115.00
2025-12-18,1,1072,70625.00
2025-12-18,2,348,29860.00
2025-12-18,17,99,11935.00
2025-12-18,15,84,9910.00
2025-12-18,3,64,7635.00
2025-12-18,45,55,5660.00
2025-12-18,44,70,5655.00
2025-12-18,20,44,5160.00
2025-12-18,16,21,3315.00
2025-12-18,18,15,2283.00
2025-12-18,46,12,1835.00
2025-12-18,19,6,905.00
2025-12-18,37,7,470.00
2025-12-18,38,3,295.00
2025-12-18,39,2,230.00
2025-12-18,36,1,25.00
2025-12-17,1,1378,90605.00
2025-12-17,2,502,43290.00
2025-12-17,17,118,14020.00
2025-12-17,15,88,10420.00
2025-12-17,44,106,8765.00
2025-12-17,3,67,7830.00
2025-12-17,45,63,6640.00
2025-12-17,20,48,5670.00
2025-12-17,16,29,4402.00
2025-12-17,18,24,3534.00
2025-12-17,46,9,1225.00
2025-12-17,37,14,910.00
2025-12-17,19,5,725.00
2025-12-17,38,5,425.00
2025-12-17,36,1,25.00
2025-12-16,1,1155,75780.00
2025-12-16,2,443,38215.00
2025-12-16,17,102,12280.00
2025-12-16,15,96,11190.00
2025-12-16,3,71,8315.00
2025-12-16,44,90,7655.00
2025-12-16,45,67,7180.00
2025-12-16,16,26,4094.00
2025-12-16,18,26,3986.00
2025-12-16,20,34,3960.00
2025-12-16,37,18,1230.00
2025-12-16,46,9,1170.00
2025-12-16,38,9,765.00
2025-12-16,19,3,435.00
2025-12-16,36,1,25.00
2025-12-15,1,1383,90840.00
2025-12-15,2,439,37915.00
2025-12-15,17,108,12895.00
2025-12-15,3,91,10740.00
2025-12-15,15,86,10390.00
2025-12-15,45,97,10085.00
2025-12-15,44,117,9745.00
2025-12-15,20,54,6560.00
2025-12-15,16,35,5183.00
2025-12-15,18,22,3298.00
2025-12-15,46,17,2350.00
2025-12-15,19,13,1974.00
2025-12-15,37,22,1430.00
2025-12-15,38,7,635.00
2025-12-15,39,2,230.00
2025-12-15,36,1,25.00
2025-12-14,1,1779,116520.00
2025-12-14,2,525,45045.00
2025-12-14,15,106,12615.00
2025-12-14,3,83,9970.00
2025-12-14,17,84,9785.00
2025-12-14,45,82,8435.00
2025-12-14,44,91,7420.00
2025-12-14,20,60,7200.00
2025-12-14,16,29,4402.00
2025-12-14,46,16,2445.00
2025-12-14,18,11,1595.00
2025-12-14,37,16,1040.00
2025-12-14,19,6,905.00
2025-12-14,38,7,595.00
2025-12-14,36,3,75.00
2025-12-13,1,1363,89195.00
2025-12-13,2,464,39600.00
2025-12-13,15,135,16050.00
2025-12-13,17,121,14090.00
2025-12-13,44,126,10765.00
2025-12-13,45,84,8805.00
2025-12-13,3,74,8635.00
2025-12-13,20,54,6410.00
2025-12-13,16,30,4458.00
2025-12-13,18,22,3457.00
2025-12-13,46,13,1940.00
2025-12-13,19,10,1504.00
2025-12-13,37,18,1170.00
2025-12-13,38,11,935.00
2025-12-13,39,2,230.00
2025-12-13,36,1,25.00
2025-12-12,1,806,52960.00
2025-12-12,2,268,23340.00
2025-12-12,17,86,10365.00
2025-12-12,15,63,8145.00
2025-12-12,3,52,6530.00
2025-12-12,44,76,6220.00
2025-12-12,45,45,4690.00
2025-12-12,20,35,4025.00
2025-12-12,16,22,3298.00
2025-12-12,18,14,2138.00
2025-12-12,46,12,1670.00
2025-12-12,37,9,585.00
2025-12-12,19,2,344.00
2025-12-12,38,4,340.00
2025-12-12,39,1,115.00
2025-12-12,36,1,25.00
2025-12-11,1,891,58335.00
2025-12-11,2,285,24885.00
2025-12-11,15,75,8675.00
2025-12-11,17,72,8405.00
2025-12-11,3,51,6090.00
2025-12-11,44,65,5515.00
2025-12-11,45,42,4425.00
2025-12-11,16,24,3642.00
2025-12-11,18,18,2718.00
2025-12-11,20,19,2185.00
2025-12-11,19,9,1413.00
2025-12-11,46,4,550.00
2025-12-11,37,7,455.00
2025-12-11,38,4,340.00
2025-12-11,39,1,115.00
2025-12-11,36,1,25.00
2025-12-10,1,1101,72450.00
2025-12-10,2,357,30605.00
2025-12-10,17,97,11780.00
2025-12-10,3,72,8480.00
2025-12-10,44,90,7545.00
2025-12-10,45,64,6610.00
2025-12-10,15,55,6550.00
2025-12-10,16,26,4056.00
2025-12-10,20,32,3830.00
2025-12-10,18,21,3242.00
2025-12-10,46,16,2300.00
2025-12-10,37,9,585.00
2025-12-10,19,4,580.00
2025-12-10,38,5,545.00
2025-12-10,36,3,75.00
2025-12-09,1,966,63690.00
2025-12-09,2,362,31690.00
2025-12-09,15,103,12820.00
2025-12-09,17,90,10650.00
2025-12-09,3,65,7675.00
2025-12-09,44,67,5500.00
2025-12-09,45,39,4080.00
2025-12-09,16,24,3947.00
2025-12-09,20,26,2990.00
2025-12-09,18,18,2718.00
2025-12-09,46,12,1645.00
2025-12-09,19,8,1160.00
2025-12-09,37,6,420.00
2025-12-09,38,3,295.00
2025-12-09,39,1,115.00
2025-12-08,1,1337,88240.00
2025-12-08,2,448,38920.00
2025-12-08,17,116,13890.00
2025-12-08,15,105,13125.00
2025-12-08,3,91,10665.00
2025-12-08,44,99,8515.00
2025-12-08,45,60,6430.00
2025-12-08,20,47,5530.00
2025-12-08,16,31,4711.00
2025-12-08,18,23,3478.00
2025-12-08,19,6,978.00
2025-12-08,46,6,780.00
2025-12-08,37,8,550.00
2025-12-08,38,3,295.00
2025-12-08,36,2,50.00
2025-12-07,1,1295,85210.00
2025-12-07,2,444,38920.00
2025-12-07,17,109,13210.00
2025-12-07,15,88,10545.00
2025-12-07,3,73,9020.00
2025-12-07,45,76,7965.00
2025-12-07,44,79,6775.00
2025-12-07,20,54,6360.00
2025-12-07,16,32,4856.00
2025-12-07,18,26,3967.00
2025-12-07,46,11,1625.00
2025-12-07,37,17,1135.00
2025-12-07,19,7,1069.00
2025-12-07,38,6,550.00
2025-12-07,36,1,25.00
2025-12-06,1,1071,70545.00
2025-12-06,2,353,30525.00
2025-12-06,15,92,11180.00
2025-12-06,17,89,10360.00
2025-12-06,3,66,7840.00
2025-12-06,44,78,6955.00
2025-12-06,45,60,6340.00
2025-12-06,20,39,4560.00
2025-12-06,16,27,4023.00
2025-12-06,18,20,3170.00
2025-12-06,19,10,1485.00
2025-12-06,46,4,520.00
2025-12-06,37,7,455.00
2025-12-06,38,5,425.00
2025-12-06,39,1,115.00
2025-12-05,1,734,48070.00
2025-12-05,2,208,17800.00
2025-12-05,15,66,7865.00
2025-12-05,44,73,5875.00
2025-12-05,17,51,5865.00
2025-12-05,45,41,4350.00
2025-12-05,3,32,3855.00
2025-12-05,16,22,3279.00
2025-12-05,20,26,3165.00
2025-12-05,18,14,2030.00
2025-12-05,46,7,1185.00
2025-12-05,19,7,1069.00
2025-12-05,38,7,695.00
2025-12-05,37,5,325.00
2025-12-05,36,5,125.00
2025-12-04,1,404,26515.00
2025-12-04,2,130,11410.00
2025-12-04,17,44,5160.00
2025-12-04,3,31,3915.00
2025-12-04,15,29,3510.00
2025-12-04,44,27,2360.00
2025-12-04,45,21,2100.00
2025-12-04,18,14,2030.00
2025-12-04,16,12,1740.00
2025-12-04,20,15,1725.00
2025-12-04,46,7,1130.00
2025-12-04,37,5,325.00
2025-12-04,19,2,290.00
2025-12-04,39,1,115.00
2025-12-03,1,917,60625.00
2025-12-03,2,275,24195.00
2025-12-03,17,90,10850.00
2025-12-03,15,81,9940.00
2025-12-03,3,74,9135.00
2025-12-03,45,71,7370.00
2025-12-03,44,64,5330.00
2025-12-03,18,30,4512.00
2025-12-03,20,30,3550.00
2025-12-03,16,20,3224.00
2025-12-03,19,9,1413.00
2025-12-03,46,7,965.00
2025-12-03,37,8,550.00
2025-12-03,38,3,255.00
2025-12-02,1,978,64515.00
2025-12-02,2,322,27810.00
2025-12-02,15,69,8510.00
2025-12-02,17,66,7940.00
2025-12-02,3,53,6370.00
2025-12-02,45,55,5815.00
2025-12-02,20,48,5520.00
2025-12-02,44,53,4400.00
2025-12-02,16,17,2681.00
2025-12-02,18,9,1340.00
2025-12-02,19,8,1214.00
2025-12-02,46,7,965.00
2025-12-02,37,10,650.00
2025-12-02,39,1,115.00
2025-12-02,38,1,85.00
2025-12-01,1,540,35730.00
2025-12-01,2,170,14970.00
2025-12-01,17,51,6065.00
2025-12-01,15,46,5590.00
2025-12-01,45,32,3585.00
2025-12-01,3,28,3420.00
2025-12-01,44,38,3320.00
2025-12-01,20,27,3205.00
2025-12-01,16,12,1956.00
2025-12-01,18,7,1069.00
2025-12-01,19,4,580.00
2025-12-01,38,5,465.00
2025-12-01,37,4,290.00
2025-12-01,46,1,130.00
2025-11-30,1,1380,90945.00
2025-11-30,2,424,36560.00
2025-11-30,17,140,16950.00
2025-11-30,15,124,14885.00
2025-11-30,3,94,11360.00
2025-11-30,44,97,8350.00
2025-11-30,45,71,7645.00
2025-11-30,20,55,6475.00
2025-11-30,16,32,4764.00
2025-11-30,18,22,3352.00
2025-11-30,37,33,2265.00
2025-11-30,19,14,2173.00
2025-11-30,46,13,1885.00
2025-11-30,38,5,445.00
2025-11-30,39,2,230.00
2025-11-30,36,1,25.00
2025-11-29,1,1527,101730.00
2025-11-29,2,551,48215.00
2025-11-29,17,154,18885.00
2025-11-29,15,124,14910.00
2025-11-29,3,110,13150.00
2025-11-29,44,123,10280.00
2025-11-29,45,80,8545.00
2025-11-29,20,58,6745.00
2025-11-29,18,43,6575.00
2025-11-29,16,26,3986.00
2025-11-29,37,32,2155.00
2025-11-29,46,14,2015.00
2025-11-29,19,12,1794.00
2025-11-29,38,3,255.00
2025-11-29,36,1,25.00
2025-11-28,1,1259,83530.00
2025-11-28,2,383,33155.00
2025-11-28,15,121,15165.00
2025-11-28,17,114,13685.00
2025-11-28,44,114,9720.00
2025-11-28,3,74,8610.00
2025-11-28,45,76,8435.00
2025-11-28,20,49,5985.00
2025-11-28,16,36,5652.00
2025-11-28,18,14,2227.00
2025-11-28,37,22,1790.00
2025-11-28,19,10,1609.00
2025-11-28,46,11,1570.00
2025-11-28,39,5,675.00
2025-11-28,38,5,465.00
2025-11-28,36,2,50.00
2025-11-27,1,1003,66530.00
2025-11-27,2,345,31145.00
2025-11-27,17,103,12320.00
2025-11-27,15,70,8675.00
2025-11-27,3,64,7685.00
2025-11-27,18,39,6345.00
2025-11-27,44,69,6105.00
2025-11-27,45,49,5285.00
2025-11-27,20,31,3815.00
2025-11-27,16,18,2718.00
2025-11-27,46,15,2255.00
2025-11-27,37,16,1055.00
2025-11-27,19,7,1015.00
2025-11-27,38,5,425.00
2025-11-27,39,2,230.00
2025-11-27,36,2,50.00
2025-11-26,1,938,61510.00
2025-11-26,2,316,27340.00
2025-11-26,17,102,12130.00
2025-11-26,15,63,7770.00
2025-11-26,3,57,6830.00
2025-11-26,45,39,4420.00
2025-11-26,20,35,4225.00
2025-11-26,44,43,3615.00
2025-11-26,18,14,2084.00
2025-11-26,16,11,1684.00
2025-11-26,19,7,1015.00
2025-11-26,37,13,875.00
2025-11-26,46,5,650.00
2025-11-26,38,7,595.00
2025-11-26,39,2,230.00
2025-11-26,36,2,50.00
2025-11-25,1,962,63535.00
2025-11-25,2,301,26465.00
2025-11-25,17,85,10075.00
2025-11-25,15,66,7840.00
2025-11-25,44,58,4840.00
2025-11-25,3,33,4070.00
2025-11-25,45,37,3995.00
2025-11-25,20,26,3140.00
2025-11-25,16,19,2971.00
2025-11-25,19,16,2355.00
2025-11-25,18,12,1902.00
2025-11-25,46,5,705.00
2025-11-25,37,7,470.00
2025-11-25,38,3,255.00
2025-11-25,39,1,115.00
2025-11-24,1,427,28070.00
2025-11-24,2,168,14520.00
2025-11-24,15,40,4900.00
2025-11-24,3,39,4535.00
2025-11-24,17,37,4355.00
2025-11-24,44,30,2575.00
2025-11-24,20,16,1990.00
2025-11-24,45,15,1590.00
2025-11-24,18,8,1338.00
2025-11-24,46,7,1020.00
2025-11-24,16,6,924.00
2025-11-24,19,4,688.00
2025-11-24,37,10,650.00
2025-11-24,38,2,170.00
2025-11-24,36,1,25.00
2025-11-23,1,1333,88085.00
2025-11-23,2,413,36345.00
2025-11-23,15,101,12140.00
2025-11-23,17,94,11335.00
2025-11-23,3,93,10945.00
2025-11-23,44,73,6260.00
2025-11-23,45,56,5965.00
2025-11-23,20,36,4315.00
2025-11-23,16,27,4220.00
2025-11-23,18,21,3153.00
2025-11-23,46,9,1280.00
2025-11-23,37,10,650.00
2025-11-23,19,4,615.00
2025-11-23,38,2,170.00
2025-11-22,1,1260,82965.00
2025-11-22,2,384,33420.00
2025-11-22,17,90,11025.00
2025-11-22,15,83,10095.00
2025-11-22,3,79,9535.00
2025-11-22,44,89,7355.00
2025-11-22,45,62,6475.00
2025-11-22,20,46,5590.00
2025-11-22,18,28,4276.00
2025-11-22,16,24,3604.00
2025-11-22,46,13,1915.00
2025-11-22,37,20,1360.00
2025-11-22,19,6,978.00
2025-11-22,38,5,425.00
2025-11-22,39,2,230.00
2025-11-21,1,841,55325.00
2025-11-21,2,290,25190.00
2025-11-21,17,84,10085.00
2025-11-21,15,77,9005.00
2025-11-21,3,69,8260.00
2025-11-21,44,76,6435.00
2025-11-21,45,57,5815.00
2025-11-21,20,37,4455.00
2025-11-21,16,28,4276.00
2025-11-21,18,17,2573.00
2025-11-21,46,12,1670.00
2025-11-21,19,5,779.00
2025-11-21,39,4,485.00
2025-11-21,37,4,290.00
2025-11-21,38,3,255.00
2025-11-20,1,841,55910.00
2025-11-20,2,272,23580.00
2025-11-20,17,67,8205.00
2025-11-20,45,57,5925.00
2025-11-20,15,50,5900.00
2025-11-20,44,58,4890.00
2025-11-20,3,40,4725.00
2025-11-20,20,24,2810.00
2025-11-20,16,14,2119.00
2025-11-20,18,14,2030.00
2025-11-20,46,10,1465.00
2025-11-20,19,8,1160.00
2025-11-20,37,15,975.00
2025-11-20,38,8,880.00
2025-11-20,39,1,115.00
2025-11-19,1,904,59900.00
2025-11-19,2,346,30430.00
2025-11-19,17,80,9675.00
2025-11-19,15,78,9520.00
2025-11-19,3,72,8805.00
2025-11-19,44,80,7000.00
2025-11-19,45,60,6505.00
2025-11-19,20,36,4215.00
2025-11-19,16,22,3476.00
2025-11-19,18,21,3207.00
2025-11-19,19,9,1413.00
2025-11-19,46,7,965.00
2025-11-19,37,12,795.00
2025-11-19,38,6,510.00
2025-11-19,39,1,115.00
2025-11-18,1,707,46675.00
2025-11-18,2,274,23810.00
2025-11-18,17,60,7125.00
2025-11-18,3,51,6015.00
2025-11-18,45,48,5115.00
2025-11-18,15,38,4670.00
2025-11-18,44,52,4605.00
2025-11-18,20,26,3215.00
2025-11-18,18,16,2552.00
2025-11-18,16,17,2500.00
2025-11-18,46,9,1170.00
2025-11-18,37,12,780.00
2025-11-18,19,3,470.00
2025-11-18,38,2,190.00
2025-11-17,1,806,53005.00
2025-11-17,2,270,23410.00
2025-11-17,17,97,11655.00
2025-11-17,15,69,8285.00
2025-11-17,44,71,6035.00
2025-11-17,45,53,5570.00
2025-11-17,3,37,4380.00
2025-11-17,20,26,3040.00
2025-11-17,18,16,2498.00
2025-11-17,16,8,1214.00
2025-11-17,19,5,868.00
2025-11-17,46,5,705.00
2025-11-17,37,10,680.00
2025-11-17,38,3,255.00
2025-11-17,39,1,115.00
2025-11-16,1,983,64630.00
2025-11-16,2,313,27205.00
2025-11-16,15,79,9985.00
2025-11-16,17,80,9700.00
2025-11-16,3,73,8745.00
2025-11-16,45,46,4875.00
2025-11-16,44,59,4790.00
2025-11-16,20,35,4275.00
2025-11-16,18,27,4023.00
2025-11-16,16,22,3352.00
2025-11-16,46,10,1300.00
2025-11-16,19,8,1160.00
2025-11-16,37,13,860.00
2025-11-16,38,6,590.00
2025-11-15,1,1088,71275.00
2025-11-15,2,360,31680.00
2025-11-15,15,102,12130.00
2025-11-15,17,83,9845.00
2025-11-15,3,57,6705.00
2025-11-15,45,47,4835.00
2025-11-15,20,38,4570.00
2025-11-15,18,28,4330.00
2025-11-15,44,53,4275.00
2025-11-15,16,20,2954.00
2025-11-15,19,10,1504.00
2025-11-15,46,4,630.00
2025-11-15,37,7,545.00
2025-11-15,38,3,295.00
2025-11-15,39,2,230.00
2025-11-14,1,809,53155.00
2025-11-14,2,261,22885.00
2025-11-14,15,66,8390.00
2025-11-14,17,62,7305.00
2025-11-14,3,53,6295.00
2025-11-14,45,47,4885.00
2025-11-14,44,55,4505.00
2025-11-14,20,23,2820.00
2025-11-14,16,15,2337.00
2025-11-14,18,9,1359.00
2025-11-14,37,13,875.00
2025-11-14,46,4,575.00
2025-11-14,19,2,344.00
2025-11-14,38,2,170.00
2025-11-14,39,1,165.00
2025-11-13,1,878,58495.00
2025-11-13,2,293,25405.00
2025-11-13,17,85,10475.00
2025-11-13,15,60,7225.00
2025-11-13,20,42,5080.00
2025-11-13,3,41,4890.00
2025-11-13,45,41,4215.00
2025-11-13,44,50,4080.00
2025-11-13,18,22,3279.00
2025-11-13,16,18,2772.00
2025-11-13,37,22,1535.00
2025-11-13,19,7,1069.00
2025-11-13,46,7,965.00
2025-11-13,38,7,595.00
2025-11-12,1,933,61770.00
2025-11-12,2,337,29265.00
2025-11-12,17,98,11870.00
2025-11-12,15,78,9520.00
2025-11-12,3,68,8020.00
2025-11-12,44,65,5465.00
2025-11-12,45,46,5140.00
2025-11-12,20,30,3800.00
2025-11-12,16,22,3441.00
2025-11-12,18,18,2718.00
2025-11-12,19,9,1413.00
2025-11-12,37,13,860.00
2025-11-12,46,4,660.00
2025-11-12,39,3,345.00
2025-11-12,38,3,295.00
2025-11-11,1,1012,66500.00
2025-11-11,2,341,29725.00
2025-11-11,17,107,13055.00
2025-11-11,15,93,11020.00
2025-11-11,3,52,6105.00
2025-11-11,45,55,5770.00
2025-11-11,44,63,5110.00
2025-11-11,20,39,4710.00
2025-11-11,16,23,3443.00
2025-11-11,46,21,2840.00
2025-11-11,18,18,2718.00
2025-11-11,37,25,1775.00
2025-11-11,38,8,760.00
2025-11-11,39,4,510.00
2025-11-11,19,3,435.00
2025-11-10,1,1000,66305.00
2025-11-10,2,370,32190.00
2025-11-10,17,101,12090.00
2025-11-10,15,76,9290.00
2025-11-10,3,69,8310.00
2025-11-10,20,47,5680.00
2025-11-10,45,52,5360.00
2025-11-10,44,52,4375.00
2025-11-10,18,18,2880.00
2025-11-10,16,16,2482.00
2025-11-10,46,13,1940.00
2025-11-10,19,10,1666.00
2025-11-10,37,17,1135.00
2025-11-10,38,7,635.00
2025-11-09,1,444,29895.00
2025-11-09,2,191,17095.00
2025-11-09,3,49,5985.00
2025-11-09,17,45,5600.00
2025-11-09,15,37,4480.00
2025-11-09,44,53,4365.00
2025-11-09,20,27,3305.00
2025-11-09,45,29,3170.00
2025-11-09,16,15,2283.00
2025-11-09,18,7,1069.00
2025-11-09,46,4,630.00
2025-11-09,37,9,585.00
2025-11-09,19,2,344.00
2025-11-09,38,2,170.00
2025-11-08,1,811,53330.00
2025-11-08,2,298,25730.00
2025-11-08,17,73,8820.00
2025-11-08,15,65,7875.00
2025-11-08,3,65,7650.00
2025-11-08,44,55,4720.00
2025-11-08,20,38,4445.00
2025-11-08,45,33,3390.00
2025-11-08,18,17,2627.00
2025-11-08,16,17,2627.00
2025-11-08,19,8,1322.00
2025-11-08,46,7,910.00
2025-11-08,37,5,325.00
2025-11-08,38,2,170.00
2025-11-08,39,1,115.00
2025-11-07,1,1157,76225.00
2025-11-07,2,346,30290.00
2025-11-07,15,102,12180.00
2025-11-07,17,99,12010.00
2025-11-07,3,75,9175.00
2025-11-07,44,81,6905.00
2025-11-07,45,60,6450.00
2025-11-07,18,29,4726.00
2025-11-07,20,37,4305.00
2025-11-07,16,25,3873.00
2025-11-07,46,12,1725.00
2025-11-07,38,13,1185.00
2025-11-07,37,16,1070.00
2025-11-07,19,6,978.00
2025-11-07,39,2,230.00
2025-11-06,1,1043,69070.00
2025-11-06,2,350,30450.00
2025-11-06,17,89,10835.00
2025-11-06,15,83,10070.00
2025-11-06,3,83,9945.00
2025-11-06,45,72,7785.00
2025-11-06,44,83,6955.00
2025-11-06,20,35,4275.00
2025-11-06,18,24,3804.00
2025-11-06,16,18,2988.00
2025-11-06,46,10,1520.00
2025-11-06,19,6,924.00
2025-11-06,37,13,845.00
2025-11-06,38,6,510.00
2025-11-06,39,1,115.00
2025-11-05,1,994,65480.00
2025-11-05,2,309,27145.00
2025-11-05,17,91,11265.00
2025-11-05,15,83,10045.00
2025-11-05,3,68,7845.00
2025-11-05,45,74,7835.00
2025-11-05,44,84,6970.00
2025-11-05,16,35,5482.00
2025-11-05,20,43,5320.00
2025-11-05,18,29,4456.00
2025-11-05,19,8,1268.00
2025-11-05,38,12,1060.00
2025-11-05,46,8,1040.00
2025-11-05,37,7,455.00
2025-11-05,39,1,115.00
2025-11-04,1,419,27865.00
2025-11-04,2,117,10405.00
2025-11-04,17,47,5855.00
2025-11-04,15,36,4615.00
2025-11-04,3,28,3620.00
2025-11-04,45,27,3285.00
2025-11-04,44,25,2315.00
2025-11-04,18,12,1740.00
2025-11-04,16,8,1338.00
2025-11-04,20,9,1135.00
2025-11-04,37,11,715.00
2025-11-04,19,4,669.00
2025-11-04,46,3,420.00
2025-11-03,1,30,1950.00
2025-11-03,2,13,1105.00
2025-11-03,3,4,460.00
2025-11-03,15,4,460.00
2025-11-03,17,3,345.00
2025-11-03,19,2,290.00
2025-11-03,44,3,240.00
2025-11-03,45,2,200.00
2025-11-03,18,1,145.00
2025-11-03,16,1,145.00
2025-11-02,1,904,59510.00
2025-11-02,2,275,23655.00
2025-11-02,17,64,7660.00
2025-11-02,15,60,7525.00
2025-11-02,3,55,6500.00
2025-11-02,45,44,4535.00
2025-11-02,44,53,4385.00
2025-11-02,20,31,3790.00
2025-11-02,18,16,2463.00
2025-11-02,16,15,2337.00
2025-11-02,46,8,1100.00
2025-11-02,19,7,1015.00
2025-11-02,38,8,720.00
2025-11-02,37,6,420.00
2025-11-02,39,1,115.00
2025-11-01,1,682,44960.00
2025-11-01,2,217,18865.00
2025-11-01,17,54,6410.00
2025-11-01,44,68,6315.00
2025-11-01,15,47,5555.00
2025-11-01,45,42,4605.00
2025-11-01,3,35,4275.00
2025-11-01,18,18,2934.00
2025-11-01,20,22,2580.00
2025-11-01,16,12,1794.00
2025-11-01,46,6,780.00
2025-11-01,38,4,380.00
2025-11-01,37,5,325.00
2025-11-01,19,1,145.00
2025-11-01,39,1,115.00
2025-10-31,1,1092,72465.00
2025-10-31,2,355,30595.00
2025-10-31,15,93,10845.00
2025-10-31,17,90,10725.00
2025-10-31,3,78,9620.00
2025-10-31,44,101,8150.00
2025-10-31,45,75,7695.00
2025-10-31,16,35,5488.00
2025-10-31,20,42,4980.00
2025-10-31,18,21,3315.00
2025-10-31,46,17,2320.00
2025-10-31,19,10,1504.00
2025-10-31,37,17,1120.00
2025-10-31,38,9,965.00
2025-10-31,39,5,575.00
2025-10-30,1,1063,69770.00
2025-10-30,2,348,29760.00
2025-10-30,17,104,12260.00
2025-10-30,15,84,10035.00
2025-10-30,3,75,9100.00
2025-10-30,44,107,8720.00
2025-10-30,45,77,7770.00
2025-10-30,20,40,4850.00
2025-10-30,16,28,4257.00
2025-10-30,46,15,2115.00
2025-10-30,18,14,2065.00
2025-10-30,37,12,870.00
2025-10-30,19,5,779.00
2025-10-30,38,5,425.00
2025-10-29,1,722,47545.00
2025-10-29,2,217,19105.00
2025-10-29,15,53,6320.00
2025-10-29,17,50,5825.00
2025-10-29,3,35,4400.00
2025-10-29,44,52,4265.00
2025-10-29,45,38,3980.00
2025-10-29,20,25,3175.00
2025-10-29,16,18,2896.00
2025-10-29,18,15,2318.00
2025-10-29,19,8,1214.00
2025-10-29,46,7,965.00
2025-10-29,7,6,690.00
2025-10-29,4,10,650.00
2025-10-29,8,2,325.00
2025-10-29,6,2,230.00
2025-10-29,37,3,195.00
2025-10-29,38,2,170.00
2025-10-29,39,1,115.00
2025-10-29,5,1,85.00
2025-10-28,1,913,60845.00
2025-10-28,2,267,23375.00
2025-10-28,15,83,10220.00
2025-10-28,17,74,8835.00
2025-10-28,44,82,6865.00
2025-10-28,3,52,6080.00
2025-10-28,20,44,5285.00
2025-10-28,45,48,4825.00
2025-10-28,16,14,2300.00
2025-10-28,18,14,2192.00
2025-10-28,46,10,1300.00
2025-10-28,19,4,634.00
2025-10-28,5,5,465.00
2025-10-28,7,2,330.00
2025-10-28,6,2,305.00
2025-10-28,39,2,280.00
2025-10-28,4,3,210.00
2025-10-28,38,2,170.00
2025-10-28,37,2,130.00
2025-10-27,1,827,54295.00
2025-10-27,2,266,22950.00
2025-10-27,17,76,9465.00
2025-10-27,15,77,9255.00
2025-10-27,3,53,6595.00
2025-10-27,45,50,5205.00
2025-10-27,44,62,5170.00
2025-10-27,20,42,5080.00
2025-10-27,16,18,3042.00
2025-10-27,18,13,2136.00
2025-10-27,46,13,2020.00
2025-10-27,4,15,975.00
2025-10-27,19,6,924.00
2025-10-27,37,13,890.00
2025-10-27,7,5,675.00
2025-10-27,5,7,595.00
2025-10-27,6,4,460.00
2025-10-27,39,3,345.00
2025-10-27,8,2,344.00
2025-10-27,38,3,275.00
2025-10-26,1,672,44310.00
2025-10-26,2,271,23675.00
2025-10-26,17,67,8030.00
2025-10-26,45,67,7130.00
2025-10-26,15,49,6010.00
2025-10-26,44,55,4770.00
2025-10-26,3,39,4635.00
2025-10-26,20,23,2745.00
2025-10-26,16,16,2428.00
2025-10-26,46,18,2425.00
2025-10-26,18,11,1703.00
2025-10-26,6,3,445.00
2025-10-26,7,2,280.00
2025-10-26,38,3,255.00
2025-10-26,4,3,195.00
2025-10-26,37,3,195.00
2025-10-26,5,2,170.00
2025-10-26,19,1,145.00
2025-10-26,8,1,145.00
2025-10-25,1,778,51500.00
2025-10-25,2,234,20290.00
2025-10-25,15,96,11415.00
2025-10-25,17,66,7990.00
2025-10-25,3,57,6880.00
2025-10-25,44,69,5625.00
2025-10-25,45,50,5115.00
2025-10-25,20,39,4535.00
2025-10-25,16,23,3389.00
2025-10-25,18,9,1359.00
2025-10-25,7,10,1150.00
2025-10-25,19,7,1050.00
2025-10-25,46,7,1020.00
2025-10-25,6,7,1005.00
2025-10-25,37,10,680.00
2025-10-25,38,4,380.00
2025-10-25,4,5,355.00
2025-10-25,5,3,295.00
2025-10-25,8,1,145.00
2025-10-24,1,830,54250.00
2025-10-24,2,278,24290.00
2025-10-24,17,83,9770.00
2025-10-24,3,72,8830.00
2025-10-24,15,58,6970.00
2025-10-24,44,75,6145.00
2025-10-24,45,44,4470.00
2025-10-24,20,35,4325.00
2025-10-24,16,23,3713.00
2025-10-24,46,23,3325.00
2025-10-24,18,16,2644.00
2025-10-24,7,6,715.00
2025-10-24,19,3,489.00
2025-10-24,8,2,398.00
2025-10-24,37,3,195.00
2025-10-24,4,3,195.00
2025-10-24,39,1,115.00
2025-10-24,38,1,85.00
2025-10-23,1,690,45375.00
2025-10-23,2,235,20575.00
2025-10-23,3,55,6725.00
2025-10-23,15,53,6445.00
2025-10-23,17,49,5785.00
2025-10-23,44,68,5545.00
2025-10-23,45,34,3490.00
2025-10-23,46,20,2875.00
2025-10-23,20,23,2745.00
2025-10-23,16,17,2627.00
2025-10-23,18,12,1740.00
2025-10-23,7,3,370.00
2025-10-23,5,3,295.00
2025-10-23,19,2,290.00
2025-10-23,6,2,280.00
2025-10-23,4,4,260.00
2025-10-23,38,1,85.00
2025-10-23,37,1,65.00
2025-10-22,1,725,48400.00
2025-10-22,2,278,24250.00
2025-10-22,17,85,10475.00
2025-10-22,15,80,9725.00
2025-10-22,45,77,8240.00
2025-10-22,44,76,6370.00
2025-10-22,3,49,5835.00
2025-10-22,20,32,3680.00
2025-10-22,18,21,3207.00
2025-10-22,16,21,3153.00
2025-10-22,46,10,1520.00
2025-10-22,19,8,1268.00
2025-10-22,4,10,650.00
2025-10-22,5,7,595.00
2025-10-22,37,8,520.00
2025-10-22,7,3,345.00
2025-10-22,8,2,344.00
2025-10-22,39,1,165.00
2025-10-22,38,1,85.00
2025-10-21,1,450,29655.00
2025-10-21,2,178,15590.00
2025-10-21,17,64,7385.00
2025-10-21,3,44,5335.00
2025-10-21,44,61,4970.00
2025-10-21,45,41,4215.00
2025-10-21,15,35,4175.00
2025-10-21,20,25,2975.00
2025-10-21,18,13,1993.00
2025-10-21,16,9,1467.00
2025-10-21,46,10,1300.00
2025-10-21,4,9,585.00
2025-10-21,8,2,290.00
2025-10-21,39,2,230.00
2025-10-21,5,2,170.00
2025-10-21,6,1,115.00
2025-10-21,7,1,115.00
2025-10-21,37,1,65.00
2025-10-20,1,1038,68190.00
2025-10-20,2,381,33245.00
2025-10-20,15,105,13125.00
2025-10-20,17,106,13015.00
2025-10-20,3,94,11385.00
2025-10-20,44,87,7215.00
2025-10-20,20,43,5170.00
2025-10-20,45,49,4970.00
2025-10-20,18,29,4745.00
2025-10-20,16,25,4038.00
2025-10-20,19,14,2316.00
2025-10-20,7,11,1340.00
2025-10-20,46,7,1020.00
2025-10-20,5,7,755.00
2025-10-20,38,8,680.00
2025-10-20,4,6,405.00
2025-10-20,37,5,325.00
2025-10-20,8,1,145.00
2025-10-20,6,1,115.00
2025-10-20,39,1,115.00
2025-10-19,1,973,64475.00
2025-10-19,2,324,28360.00
2025-10-19,15,107,12555.00
2025-10-19,17,94,11235.00
2025-10-19,45,75,8020.00
2025-10-19,3,57,6705.00
2025-10-19,44,56,4655.00
2025-10-19,20,32,3755.00
2025-10-19,16,24,3604.00
2025-10-19,18,20,2954.00
2025-10-19,46,17,2350.00
2025-10-19,19,8,1268.00
2025-10-19,37,17,1105.00
2025-10-19,4,9,705.00
2025-10-19,7,3,345.00
2025-10-19,38,2,190.00
2025-10-19,5,2,170.00
2025-10-19,8,1,145.00
2025-10-19,6,1,115.00
2025-10-19,39,1,115.00
2025-10-18,1,520,34340.00
2025-10-18,2,182,15990.00
2025-10-18,17,42,5280.00
2025-10-18,15,39,4885.00
2025-10-18,3,34,4060.00
2025-10-18,44,48,3930.00
2025-10-18,45,37,3770.00
2025-10-18,20,24,2810.00
2025-10-18,16,17,2662.00
2025-10-18,18,9,1305.00
2025-10-18,19,7,1069.00
2025-10-18,46,6,835.00
2025-10-18,4,10,740.00
2025-10-18,37,10,665.00
2025-10-18,7,3,395.00
2025-10-18,38,2,170.00
2025-10-18,39,1,115.00
2025-10-17,1,810,54090.00
2025-10-17,2,296,25840.00
2025-10-17,15,76,9090.00
2025-10-17,17,71,8515.00
2025-10-17,3,70,8325.00
2025-10-17,45,68,6935.00
2025-10-17,44,81,6480.00
2025-10-17,20,39,4685.00
2025-10-17,16,23,3659.00
2025-10-17,18,14,2227.00
2025-10-17,19,10,1539.00
2025-10-17,46,8,1095.00
2025-10-17,4,15,975.00
2025-10-17,7,8,920.00
2025-10-17,38,8,780.00
2025-10-17,37,9,630.00
2025-10-17,5,5,425.00
2025-10-17,8,2,290.00
2025-10-17,6,1,115.00
2025-10-17,39,1,115.00
2025-10-16,1,907,60080.00
2025-10-16,2,314,26990.00
2025-10-16,15,89,11085.00
2025-10-16,17,88,10695.00
2025-10-16,45,68,7115.00
2025-10-16,3,59,7060.00
2025-10-16,44,76,6240.00
2025-10-16,20,42,5080.00
2025-10-16,16,24,3750.00
2025-10-16,18,18,2807.00
2025-10-16,46,15,2200.00
2025-10-16,19,8,1160.00
2025-10-16,5,8,680.00
2025-10-16,37,10,650.00
2025-10-16,4,7,455.00
2025-10-16,7,3,395.00
2025-10-16,6,3,395.00
2025-10-16,38,2,170.00
2025-10-16,39,1,140.00
2025-10-15,1,571,38180.00
2025-10-15,2,221,19345.00
2025-10-15,17,72,8430.00
2025-10-15,15,67,8180.00
2025-10-15,3,55,6425.00
2025-10-15,44,67,5745.00
2025-10-15,45,51,5350.00
2025-10-15,20,32,3780.00
2025-10-15,16,20,3170.00
2025-10-15,46,11,1595.00
2025-10-15,18,10,1558.00
2025-10-15,19,4,688.00
2025-10-15,7,4,460.00
2025-10-15,4,5,415.00
2025-10-15,37,6,390.00
2025-10-15,5,4,360.00
2025-10-15,39,2,280.00
2025-10-15,6,2,230.00
2025-10-15,38,2,170.00
2025-10-15,8,1,145.00
2025-10-14,1,718,47465.00
2025-10-14,2,239,21095.00
2025-10-14,44,99,8395.00
2025-10-14,17,69,8360.00
2025-10-14,15,61,7615.00
2025-10-14,45,55,6040.00
2025-10-14,3,49,5885.00
2025-10-14,20,40,4675.00
2025-10-14,16,22,3565.00
2025-10-14,18,11,1811.00
2025-10-14,46,8,1095.00
2025-10-14,7,7,1005.00
2025-10-14,19,5,779.00
2025-10-14,4,7,545.00
2025-10-14,5,5,425.00
2025-10-14,38,4,380.00
2025-10-14,37,4,305.00
2025-10-14,39,1,115.00
2025-10-14,6,1,115.00
2025-10-13,1,566,37075.00
2025-10-13,2,229,19545.00
2025-10-13,17,75,8825.00
2025-10-13,3,50,5925.00
2025-10-13,44,71,5680.00
2025-10-13,15,48,5620.00
2025-10-13,45,48,4975.00
2025-10-13,16,21,3115.00
2025-10-13,20,19,2235.00
2025-10-13,18,10,1555.00
2025-10-13,46,11,1520.00
2025-10-13,5,9,925.00
2025-10-13,19,3,470.00
2025-10-13,38,4,360.00
2025-10-13,7,3,345.00
2025-10-13,37,3,195.00
2025-10-13,4,3,195.00
2025-10-13,8,1,145.00
2025-10-13,6,1,115.00
2025-10-13,39,1,115.00
2025-10-12,1,1052,68995.00
2025-10-12,2,335,28995.00
2025-10-12,17,92,10805.00
2025-10-12,15,85,10200.00
2025-10-12,45,87,8950.00
2025-10-12,44,87,7440.00
2025-10-12,3,63,7345.00
2025-10-12,20,45,5250.00
2025-10-12,46,22,3190.00
2025-10-12,18,16,2495.00
2025-10-12,19,11,1595.00
2025-10-12,16,10,1485.00
2025-10-12,5,9,765.00
2025-10-12,7,6,740.00
2025-10-12,4,7,455.00
2025-10-12,38,4,340.00
2025-10-12,37,3,195.00
2025-10-12,39,1,115.00
2025-10-12,6,1,115.00
2025-10-11,1,790,51620.00
2025-10-11,2,261,22505.00
2025-10-11,15,68,8020.00
2025-10-11,45,68,7000.00
2025-10-11,44,84,6940.00
2025-10-11,17,55,6450.00
2025-10-11,3,50,6025.00
2025-10-11,46,20,2810.00
2025-10-11,20,24,2760.00
2025-10-11,18,15,2245.00
2025-10-11,16,11,1700.00
2025-10-11,5,9,765.00
2025-10-11,19,4,615.00
2025-10-11,7,4,460.00
2025-10-11,4,6,390.00
2025-10-11,37,4,260.00
2025-10-11,38,3,255.00
2025-10-11,39,1,115.00
2025-10-10,1,589,38795.00
2025-10-10,2,195,16955.00
2025-10-10,15,56,6740.00
2025-10-10,44,68,5620.00
2025-10-10,45,54,5575.00
2025-10-10,3,44,5160.00
2025-10-10,17,40,4700.00
2025-10-10,16,21,3290.00
2025-10-10,20,22,2580.00
2025-10-10,46,11,1580.00
2025-10-10,18,6,905.00
2025-10-10,7,6,740.00
2025-10-10,4,10,710.00
2025-10-10,19,2,290.00
2025-10-10,37,4,275.00
2025-10-10,39,1,115.00
2025-10-10,5,1,105.00
2025-10-10,38,1,85.00
2025-10-09,1,557,36685.00
2025-10-09,2,224,19560.00
2025-10-09,17,60,7075.00
2025-10-09,15,55,6450.00
2025-10-09,3,50,6125.00
2025-10-09,45,45,4675.00
2025-10-09,44,56,4640.00
2025-10-09,20,39,4585.00
2025-10-09,16,23,3790.00
2025-10-09,46,12,1680.00
2025-10-09,18,9,1480.00
2025-10-09,5,6,590.00
2025-10-09,6,3,345.00
2025-10-09,7,3,345.00
2025-10-09,19,2,290.00
2025-10-09,4,3,195.00
2025-10-09,8,1,145.00
2025-10-09,37,2,130.00
2025-10-08,1,615,40485.00
2025-10-08,2,214,18470.00
2025-10-08,17,68,7995.00
2025-10-08,15,59,7135.00
2025-10-08,3,57,6955.00
2025-10-08,45,54,5500.00
2025-10-08,44,56,4600.00
2025-10-08,18,29,4345.00
2025-10-08,16,20,3075.00
2025-10-08,20,24,2935.00
2025-10-08,37,21,1650.00
2025-10-08,46,11,1520.00
2025-10-08,19,3,435.00
2025-10-08,7,3,370.00
2025-10-08,8,2,360.00
2025-10-08,39,2,280.00
2025-10-08,4,2,130.00
2025-10-08,5,1,85.00
2025-10-07,1,670,44210.00
2025-10-07,2,285,24665.00
2025-10-07,17,76,9090.00
2025-10-07,15,49,5935.00
2025-10-07,45,52,5350.00
2025-10-07,3,36,4365.00
2025-10-07,44,47,3800.00
2025-10-07,18,18,2715.00
2025-10-07,20,19,2210.00
2025-10-07,16,15,2175.00
2025-10-07,46,15,1980.00
2025-10-07,19,6,870.00
2025-10-07,7,6,690.00
2025-10-07,8,3,435.00
2025-10-07,38,5,425.00
2025-10-07,37,5,325.00
2025-10-07,5,3,255.00
2025-10-07,6,1,115.00
2025-10-06,1,798,52320.00
2025-10-06,2,271,23355.00
2025-10-06,15,88,10695.00
2025-10-06,17,71,8365.00
2025-10-06,3,55,6475.00
2025-10-06,44,69,5620.00
2025-10-06,45,50,5250.00
2025-10-06,16,22,3540.00
2025-10-06,46,17,2330.00
2025-10-06,18,15,2315.00
2025-10-06,20,13,1545.00
2025-10-06,4,11,730.00
2025-10-06,6,5,600.00
2025-10-06,37,9,585.00
2025-10-06,7,4,485.00
2025-10-06,19,3,435.00
2025-10-06,38,4,360.00
2025-10-06,5,3,255.00
2025-10-06,39,1,115.00
2025-10-05,1,981,64305.00
2025-10-05,2,357,30965.00
2025-10-05,17,81,9540.00
2025-10-05,15,77,9455.00
2025-10-05,3,66,7740.00
2025-10-05,45,67,6975.00
2025-10-05,44,71,5800.00
2025-10-05,20,45,5475.00
2025-10-05,18,24,3655.00
2025-10-05,16,21,3220.00
2025-10-05,46,15,2040.00
2025-10-05,19,9,1375.00
2025-10-05,37,13,845.00
2025-10-05,7,6,740.00
2025-10-05,4,10,650.00
2025-10-05,5,4,360.00
2025-10-05,8,2,290.00
2025-10-05,6,2,230.00
2025-10-05,38,2,170.00
2025-10-04,1,1068,69795.00
2025-10-04,2,301,25905.00
2025-10-04,17,92,10805.00
2025-10-04,3,69,8135.00
2025-10-04,44,85,7060.00
2025-10-04,15,52,6155.00
2025-10-04,45,58,5825.00
2025-10-04,20,41,4790.00
2025-10-04,16,21,3290.00
2025-10-04,18,19,2825.00
2025-10-04,46,11,1460.00
2025-10-04,37,15,1050.00
2025-10-04,19,6,975.00
2025-10-04,7,4,510.00
2025-10-04,38,5,425.00
2025-10-04,5,4,340.00
2025-10-04,4,5,325.00
2025-10-04,6,2,230.00
2025-10-04,8,1,145.00
2025-10-03,1,828,54375.00
2025-10-03,2,331,28595.00
2025-10-03,17,97,11180.00
2025-10-03,3,71,8440.00
2025-10-03,15,70,8350.00
2025-10-03,45,73,7425.00
2025-10-03,44,85,6900.00
2025-10-03,16,29,4485.00
2025-10-03,18,27,4055.00
2025-10-03,20,27,3205.00
2025-10-03,19,9,1375.00
2025-10-03,37,19,1250.00
2025-10-03,46,6,840.00
2025-10-03,7,5,600.00
2025-10-03,38,7,595.00
2025-10-03,4,8,520.00
2025-10-03,6,3,395.00
2025-10-03,5,3,295.00
2025-10-03,8,1,145.00
2025-10-03,39,1,140.00
2025-10-02,1,830,54265.00
2025-10-02,2,274,23770.00
2025-10-02,15,86,10340.00
2025-10-02,17,83,9695.00
2025-10-02,45,73,7525.00
2025-10-02,44,80,6580.00
2025-10-02,3,53,6320.00
2025-10-02,20,29,3460.00
2025-10-02,18,20,2935.00
2025-10-02,46,9,1260.00
2025-10-02,16,8,1230.00
2025-10-02,7,4,460.00
2025-10-02,19,3,435.00
2025-10-02,4,6,390.00
2025-10-02,37,5,325.00
2025-10-02,8,2,290.00
2025-10-02,39,2,230.00
2025-10-02,6,2,230.00
2025-10-02,38,2,190.00
2025-10-02,5,2,170.00
2025-10-01,1,1279,84695.00
2025-10-01,2,484,42520.00
2025-10-01,15,138,16770.00
2025-10-01,45,102,10650.00
2025-10-01,17,87,10430.00
2025-10-01,3,86,10290.00
2025-10-01,44,104,8620.00
2025-10-01,20,45,5500.00
2025-10-01,18,33,5065.00
2025-10-01,16,31,4915.00
2025-10-01,46,29,3920.00
2025-10-01,19,7,1015.00
2025-10-01,5,9,825.00
2025-10-01,7,6,765.00
2025-10-01,37,8,520.00
2025-10-01,39,4,510.00
2025-10-01,8,3,435.00
2025-10-01,4,6,390.00
2025-10-01,6,2,255.00
2025-10-01,38,2,170.00
2025-09-30,1,753,49275.00
2025-09-30,2,260,22480.00
2025-09-30,17,62,7205.00
2025-09-30,15,54,6360.00
2025-09-30,3,49,5760.00
2025-09-30,44,62,5180.00
2025-09-30,45,47,4775.00
2025-09-30,16,24,3620.00
2025-09-30,20,23,2695.00
2025-09-30,46,18,2400.00
2025-09-30,18,13,1920.00
2025-09-30,4,10,665.00
2025-09-30,19,4,615.00
2025-09-30,37,6,390.00
2025-09-30,5,4,340.00
2025-09-30,7,2,255.00
2025-09-30,8,1,180.00
2025-09-30,6,1,115.00
2025-09-29,1,762,50070.00
2025-09-29,2,235,20295.00
2025-09-29,15,59,7135.00
2025-09-29,44,78,6240.00
2025-09-29,3,53,6170.00
2025-09-29,17,51,6140.00
2025-09-29,45,60,6050.00
2025-09-29,20,23,2670.00
2025-09-29,16,15,2315.00
2025-09-29,46,12,1740.00
2025-09-29,7,8,920.00
2025-09-29,18,6,905.00
2025-09-29,4,11,715.00
2025-09-29,5,6,510.00
2025-09-29,37,6,405.00
2025-09-29,19,2,290.00
2025-09-29,6,2,230.00
2025-09-29,39,2,230.00
2025-09-29,8,1,145.00
2025-09-29,38,1,85.00
2025-09-28,1,884,58045.00
2025-09-28,2,246,21310.00
2025-09-28,15,76,9115.00
2025-09-28,3,78,9045.00
2025-09-28,17,59,7010.00
2025-09-28,44,83,6860.00
2025-09-28,45,66,6675.00
2025-09-28,16,30,4630.00
2025-09-28,20,25,2925.00
2025-09-28,18,17,2465.00
2025-09-28,46,8,1100.00
2025-09-28,19,6,870.00
2025-09-28,7,6,740.00
2025-09-28,37,8,520.00
2025-09-28,8,3,470.00
2025-09-28,4,7,455.00
2025-09-28,5,5,425.00
2025-09-28,6,3,345.00
2025-09-28,38,3,255.00
2025-09-27,1,1667,108820.00
2025-09-27,2,366,31550.00
2025-09-27,17,92,10880.00
2025-09-27,15,86,10215.00
2025-09-27,44,106,8780.00
2025-09-27,3,72,8405.00
2025-09-27,45,79,8150.00
2025-09-27,20,37,4305.00
2025-09-27,18,25,3940.00
2025-09-27,46,24,3420.00
2025-09-27,16,20,3040.00
2025-09-27,37,14,940.00
2025-09-27,7,6,690.00
2025-09-27,19,4,580.00
2025-09-27,4,7,455.00
2025-09-27,5,5,425.00
2025-09-27,6,2,255.00
2025-09-27,39,2,230.00
2025-09-27,38,1,85.00
2025-09-27,36,1,25.00
2025-09-26,1,538,35210.00
2025-09-26,2,184,15860.00
2025-09-26,15,54,6510.00
2025-09-26,45,49,4975.00
2025-09-26,17,40,4650.00
2025-09-26,3,38,4445.00
2025-09-26,44,43,3640.00
2025-09-26,18,18,2715.00
2025-09-26,20,18,2120.00
2025-09-26,16,11,1700.00
2025-09-26,46,6,810.00
2025-09-26,7,4,485.00
2025-09-26,19,3,435.00
2025-09-26,6,2,230.00
2025-09-26,4,3,195.00
2025-09-26,37,3,195.00
2025-09-26,5,2,170.00
2025-09-26,39,1,115.00
2025-09-25,1,207,13680.00
2025-09-25,2,68,5880.00
2025-09-25,17,24,2835.00
2025-09-25,45,23,2525.00
2025-09-25,15,20,2350.00
2025-09-25,3,16,1940.00
2025-09-25,44,23,1920.00
2025-09-25,18,10,1555.00
2025-09-25,46,9,1230.00
2025-09-25,16,7,1120.00
2025-09-25,19,6,940.00
2025-09-25,20,3,370.00
2025-09-25,37,5,325.00
2025-09-25,38,3,255.00
2025-09-25,5,3,255.00
2025-09-25,4,3,195.00
2025-09-25,7,1,140.00
2025-09-25,39,1,140.00
2025-09-25,6,1,115.00
2025-09-24,1,709,46655.00
2025-09-24,2,246,21170.00
2025-09-24,17,74,8585.00
2025-09-24,15,60,7025.00
2025-09-24,45,55,5800.00
2025-09-24,3,49,5735.00
2025-09-24,44,55,4420.00
2025-09-24,20,27,3130.00
2025-09-24,18,12,1740.00
2025-09-24,16,11,1595.00
2025-09-24,46,8,1040.00
2025-09-24,19,6,870.00
2025-09-24,4,11,730.00
2025-09-24,5,6,510.00
2025-09-24,7,3,370.00
2025-09-24,39,2,230.00
2025-09-24,6,1,115.00
2025-09-24,38,1,85.00
2025-09-24,37,1,65.00
2025-09-24,36,2,50.00
2025-09-23,1,719,47140.00
2025-09-23,2,254,21710.00
2025-09-23,15,67,7930.00
2025-09-23,17,60,7175.00
2025-09-23,3,52,6305.00
2025-09-23,45,59,6200.00
2025-09-23,44,56,4500.00
2025-09-23,16,22,3260.00
2025-09-23,18,22,3260.00
2025-09-23,20,23,2745.00
2025-09-23,46,10,1360.00
2025-09-23,19,4,580.00
2025-09-23,7,4,460.00
2025-09-23,37,6,405.00
2025-09-23,38,4,360.00
2025-09-23,6,3,345.00
2025-09-23,8,1,180.00
2025-09-23,4,2,145.00
2025-09-23,39,1,140.00
2025-09-23,5,1,85.00
2025-09-23,36,2,50.00
2025-09-22,1,1004,65950.00
2025-09-22,2,396,34060.00
2025-09-22,17,120,14425.00
2025-09-22,45,106,10925.00
2025-09-22,3,89,10385.00
2025-09-22,15,81,9690.00
2025-09-22,44,92,7620.00
2025-09-22,20,41,4840.00
2025-09-22,16,28,4305.00
2025-09-22,18,21,3150.00
2025-09-22,46,20,2720.00
2025-09-22,19,9,1410.00
2025-09-22,5,7,595.00
2025-09-22,38,6,530.00
2025-09-22,7,4,485.00
2025-09-22,37,7,455.00
2025-09-22,4,6,390.00
2025-09-22,39,3,370.00
2025-09-22,8,1,145.00
2025-09-22,6,1,115.00
2025-09-21,1,1202,79150.00
2025-09-21,2,334,28890.00
2025-09-21,17,101,11940.00
2025-09-21,15,87,10230.00
2025-09-21,45,89,9125.00
2025-09-21,3,73,8745.00
2025-09-21,44,104,8360.00
2025-09-21,20,50,5900.00
2025-09-21,18,33,5100.00
2025-09-21,16,31,4775.00
2025-09-21,46,18,2520.00
2025-09-21,19,8,1230.00
2025-09-21,37,16,1070.00
2025-09-21,4,9,585.00
2025-09-21,38,5,425.00
2025-09-21,5,3,255.00
2025-09-21,7,2,230.00
2025-09-21,8,1,145.00
2025-09-21,39,1,140.00
2025-09-21,6,1,115.00
2025-09-21,36,1,25.00
2025-09-20,1,959,62710.00
2025-09-20,2,278,23770.00
2025-09-20,17,93,10920.00
2025-09-20,45,93,9600.00
2025-09-20,15,77,9105.00
2025-09-20,44,98,8060.00
2025-09-20,3,62,7355.00
2025-09-20,20,40,4800.00
2025-09-20,16,13,1990.00
2025-09-20,18,12,1775.00
2025-09-20,19,8,1160.00
2025-09-20,46,8,1070.00
2025-09-20,37,11,790.00
2025-09-20,7,5,600.00
2025-09-20,38,5,425.00
2025-09-20,4,6,390.00
2025-09-20,5,1,85.00
2025-09-19,1,916,60290.00
2025-09-19,2,269,23365.00
2025-09-19,15,78,9320.00
2025-09-19,17,73,8445.00
2025-09-19,44,84,6920.00
2025-09-19,3,56,6515.00
2025-09-19,45,58,6000.00
2025-09-19,20,35,4050.00
2025-09-19,46,19,2650.00
2025-09-19,18,12,1845.00
2025-09-19,16,12,1740.00
2025-09-19,4,15,975.00
2025-09-19,37,8,550.00
2025-09-19,7,4,460.00
2025-09-19,19,2,290.00
2025-09-19,5,3,275.00
2025-09-19,38,3,255.00
2025-09-19,6,1,140.00
2025-09-19,39,1,115.00
2025-09-19,36,2,50.00
2025-09-18,1,820,53885.00
2025-09-18,2,293,25225.00
2025-09-18,15,76,9315.00
2025-09-18,17,66,7665.00
2025-09-18,3,50,5900.00
2025-09-18,44,59,4920.00
2025-09-18,45,46,4700.00
2025-09-18,20,24,2860.00
2025-09-18,18,16,2425.00
2025-09-18,16,15,2385.00
2025-09-18,46,13,1840.00
2025-09-18,19,11,1630.00
2025-09-18,8,3,435.00
2025-09-18,38,5,425.00
2025-09-18,7,3,345.00
2025-09-18,4,5,325.00
2025-09-18,6,2,230.00
2025-09-18,37,3,195.00
2025-09-18,5,2,170.00
2025-09-17,1,806,52630.00
2025-09-17,2,229,19805.00
2025-09-17,17,78,9195.00
2025-09-17,44,86,7020.00
2025-09-17,3,57,6705.00
2025-09-17,15,55,6400.00
2025-09-17,20,37,4355.00
2025-09-17,45,41,4125.00
2025-09-17,16,19,2825.00
2025-09-17,18,15,2280.00
2025-09-17,46,10,1390.00
2025-09-17,19,7,1015.00
2025-09-17,7,7,830.00
2025-09-17,5,5,445.00
2025-09-17,6,3,345.00
2025-09-17,8,2,325.00
2025-09-17,37,3,195.00
2025-09-17,4,3,195.00
2025-09-17,38,2,190.00
2025-09-17,36,2,50.00
2025-09-16,1,635,41545.00
2025-09-16,2,215,18695.00
2025-09-16,15,67,8205.00
2025-09-16,17,57,6755.00
2025-09-16,45,55,5575.00
2025-09-16,3,46,5440.00
2025-09-16,44,50,4140.00
2025-09-16,20,19,2310.00
2025-09-16,16,14,2100.00
2025-09-16,18,10,1450.00
2025-09-16,46,9,1200.00
2025-09-16,4,9,585.00
2025-09-16,19,4,580.00
2025-09-16,7,4,510.00
2025-09-16,6,4,485.00
2025-09-16,37,7,455.00
2025-09-16,5,4,340.00
2025-09-16,38,3,295.00
2025-09-16,39,1,115.00
2025-09-15,1,691,45335.00
2025-09-15,2,229,19745.00
2025-09-15,17,60,7050.00
2025-09-15,15,49,5785.00
2025-09-15,45,48,4875.00
2025-09-15,44,54,4440.00
2025-09-15,3,32,3830.00
2025-09-15,20,22,2655.00
2025-09-15,16,13,1920.00
2025-09-15,18,12,1810.00
2025-09-15,46,13,1750.00
2025-09-15,38,10,850.00
2025-09-15,19,4,580.00
2025-09-15,6,4,460.00
2025-09-15,37,5,325.00
2025-09-15,8,2,325.00
2025-09-15,5,3,255.00
2025-09-15,4,3,195.00
2025-09-15,7,1,115.00
2025-09-15,39,1,115.00
2025-09-15,36,1,25.00
2025-09-14,1,1004,66130.00
2025-09-14,2,331,28735.00
2025-09-14,17,100,11825.00
2025-09-14,3,79,9385.00
2025-09-14,15,75,8725.00
2025-09-14,45,79,8275.00
2025-09-14,44,97,7860.00
2025-09-14,20,48,5695.00
2025-09-14,16,31,4740.00
2025-09-14,18,22,3435.00
2025-09-14,46,21,2880.00
2025-09-14,37,16,1085.00
2025-09-14,19,7,1015.00
2025-09-14,5,9,785.00
2025-09-14,4,6,390.00
2025-09-14,8,2,325.00
2025-09-14,39,1,115.00
2025-09-14,7,1,115.00
2025-09-14,6,1,115.00
2025-09-14,38,1,85.00
2025-09-14,36,1,25.00
2025-09-13,1,903,59265.00
2025-09-13,2,316,27240.00
2025-09-13,15,100,11675.00
2025-09-13,17,84,9785.00
2025-09-13,45,87,8800.00
2025-09-13,3,72,8505.00
2025-09-13,44,96,7780.00
2025-09-13,16,23,3650.00
2025-09-13,20,29,3385.00
2025-09-13,18,20,2935.00
2025-09-13,46,11,1550.00
2025-09-13,19,7,1015.00
2025-09-13,7,5,625.00
2025-09-13,4,8,535.00
2025-09-13,6,4,460.00
2025-09-13,37,5,325.00
2025-09-13,8,2,290.00
2025-09-13,5,2,170.00
2025-09-13,39,1,115.00
2025-09-13,36,2,50.00
2025-09-12,1,638,41905.00
2025-09-12,2,245,21145.00
2025-09-12,15,57,6705.00
2025-09-12,17,56,6640.00
2025-09-12,44,72,5900.00
2025-09-12,3,44,5160.00
2025-09-12,45,44,4525.00
2025-09-12,18,21,3080.00
2025-09-12,20,26,2990.00
2025-09-12,46,16,2290.00
2025-09-12,16,13,2130.00
2025-09-12,19,6,870.00
2025-09-12,7,6,690.00
2025-09-12,8,4,650.00
2025-09-12,37,9,585.00
2025-09-12,5,6,510.00
2025-09-12,4,7,455.00
2025-09-12,38,2,170.00
2025-09-12,6,1,115.00
2025-09-12,39,1,115.00
2025-09-11,1,633,41625.00
2025-09-11,2,210,18410.00
2025-09-11,17,49,5835.00
2025-09-11,15,47,5680.00
2025-09-11,3,45,5400.00
2025-09-11,44,61,4960.00
2025-09-11,45,45,4600.00
2025-09-11,20,37,4255.00
2025-09-11,16,17,2675.00
2025-09-11,46,11,1580.00
2025-09-11,18,6,905.00
2025-09-11,19,5,725.00
2025-09-11,8,4,580.00
2025-09-11,37,8,520.00
2025-09-11,38,3,255.00
2025-09-11,4,3,195.00
2025-09-11,5,2,170.00
2025-09-11,6,1,115.00
2025-09-11,7,1,115.00
2025-09-11,36,3,75.00
2025-09-10,1,603,39690.00
2025-09-10,2,203,17415.00
2025-09-10,15,58,6970.00
2025-09-10,17,51,6015.00
2025-09-10,44,63,5040.00
2025-09-10,45,48,4950.00
2025-09-10,3,42,4930.00
2025-09-10,20,18,2145.00
2025-09-10,16,14,2135.00
2025-09-10,46,12,1560.00
2025-09-10,18,9,1375.00
2025-09-10,7,6,715.00
2025-09-10,4,9,585.00
2025-09-10,19,4,580.00
2025-09-10,5,5,505.00
2025-09-10,37,4,290.00
2025-09-10,6,2,255.00
2025-09-10,39,1,115.00
2025-09-10,38,1,105.00
2025-09-09,1,605,39520.00
2025-09-09,2,234,20150.00
2025-09-09,45,79,8150.00
2025-09-09,17,59,6885.00
2025-09-09,15,54,6460.00
2025-09-09,3,48,5695.00
2025-09-09,44,58,4820.00
2025-09-09,20,33,3845.00
2025-09-09,16,24,3830.00
2025-09-09,18,17,2570.00
2025-09-09,46,7,1000.00
2025-09-09,19,6,870.00
2025-09-09,7,5,600.00
2025-09-09,4,8,535.00
2025-09-09,8,3,470.00
2025-09-09,38,5,425.00
2025-09-09,37,5,325.00
2025-09-09,6,2,255.00
2025-09-09,5,1,85.00
2025-09-08,1,437,28630.00
2025-09-08,2,139,12035.00
2025-09-08,15,50,5900.00
2025-09-08,17,44,5160.00
2025-09-08,44,55,4520.00
2025-09-08,45,41,4150.00
2025-09-08,3,35,4100.00
2025-09-08,16,15,2280.00
2025-09-08,20,16,1840.00
2025-09-08,46,7,970.00
2025-09-08,18,6,940.00
2025-09-08,7,7,880.00
2025-09-08,19,3,435.00
2025-09-08,8,3,435.00
2025-09-08,37,5,325.00
2025-09-08,4,4,260.00
2025-09-08,39,2,230.00
2025-09-07,1,820,53465.00
2025-09-07,2,313,26905.00
2025-09-07,17,86,10140.00
2025-09-07,15,77,9080.00
2025-09-07,3,65,7625.00
2025-09-07,44,74,6060.00
2025-09-07,45,57,5725.00
2025-09-07,16,27,4160.00
2025-09-07,20,34,4060.00
2025-09-07,46,14,1910.00
2025-09-07,7,15,1875.00
2025-09-07,18,11,1665.00
2025-09-07,4,21,1380.00
2025-09-07,19,6,870.00
2025-09-07,5,8,680.00
2025-09-07,37,6,390.00
2025-09-07,6,3,370.00
2025-09-07,8,2,290.00
2025-09-07,38,2,190.00
2025-09-06,1,1058,69130.00
2025-09-06,2,401,34605.00
2025-09-06,17,99,11660.00
2025-09-06,15,96,11340.00
2025-09-06,3,71,8340.00
2025-09-06,44,102,8300.00
2025-09-06,45,75,7700.00
2025-09-06,16,37,5680.00
2025-09-06,20,42,4955.00
2025-09-06,18,25,3695.00
2025-09-06,46,17,2330.00
2025-09-06,37,16,1040.00
2025-09-06,19,5,760.00
2025-09-06,38,8,680.00
2025-09-06,7,4,460.00
2025-09-06,5,5,445.00
2025-09-06,39,3,345.00
2025-09-06,4,4,260.00
2025-09-06,6,2,230.00
2025-09-06,8,1,145.00
2025-09-06,36,2,50.00
2025-09-05,1,872,57145.00
2025-09-05,2,344,29740.00
2025-09-05,15,88,10470.00
2025-09-05,17,80,9600.00
2025-09-05,45,91,9475.00
2025-09-05,3,75,8925.00
2025-09-05,44,88,7160.00
2025-09-05,20,33,3970.00
2025-09-05,18,22,3260.00
2025-09-05,16,19,2965.00
2025-09-05,19,12,1915.00
2025-09-05,46,13,1780.00
2025-09-05,7,13,1570.00
2025-09-05,4,7,455.00
2025-09-05,37,7,455.00
2025-09-05,5,5,425.00
2025-09-05,38,3,275.00
2025-09-05,39,1,115.00
2025-09-05,6,1,115.00
2025-09-04,1,640,42215.00
2025-09-04,2,258,22230.00
2025-09-04,17,65,7550.00
2025-09-04,15,57,6830.00
2025-09-04,3,50,5950.00
2025-09-04,45,47,4825.00
2025-09-04,44,56,4620.00
2025-09-04,16,24,3690.00
2025-09-04,20,24,2760.00
2025-09-04,46,17,2360.00
2025-09-04,18,13,1920.00
2025-09-04,19,4,580.00
2025-09-04,6,5,575.00
2025-09-04,4,8,520.00
2025-09-04,7,3,370.00
2025-09-04,37,5,325.00
2025-09-04,5,3,275.00
2025-09-04,39,1,115.00
2025-09-04,38,1,85.00
2025-09-04,36,2,50.00
2025-09-03,1,831,54465.00
2025-09-03,2,322,27790.00
2025-09-03,3,69,8260.00
2025-09-03,17,66,7615.00
2025-09-03,15,63,7570.00
2025-09-03,44,91,7360.00
2025-09-03,45,62,6350.00
2025-09-03,20,28,3245.00
2025-09-03,46,19,2530.00
2025-09-03,18,16,2320.00
2025-09-03,16,13,1955.00
2025-09-03,19,7,1085.00
2025-09-03,8,4,685.00
2025-09-03,7,5,675.00
2025-09-03,6,4,460.00
2025-09-03,4,7,455.00
2025-09-03,5,4,360.00
2025-09-03,38,4,340.00
2025-09-03,37,5,325.00
2025-09-03,39,1,115.00
2025-09-03,36,1,25.00
2025-09-02,1,915,60030.00
2025-09-02,2,316,27300.00
2025-09-02,17,116,13790.00
2025-09-02,45,70,7300.00
2025-09-02,15,56,6990.00
2025-09-02,44,73,6140.00
2025-09-02,3,48,5695.00
2025-09-02,20,37,4355.00
2025-09-02,18,24,3620.00
2025-09-02,16,10,1520.00
2025-09-02,46,11,1460.00
2025-09-02,19,9,1375.00
2025-09-02,6,5,675.00
2025-09-02,7,5,600.00
2025-09-02,4,7,455.00
2025-09-02,37,5,325.00
2025-09-02,38,3,255.00
2025-09-02,39,2,230.00
2025-09-02,5,1,85.00
2025-09-02,36,2,50.00
2025-09-01,1,714,46620.00
2025-09-01,2,234,20210.00
2025-09-01,44,100,8300.00
2025-09-01,15,50,5825.00
2025-09-01,17,48,5670.00
2025-09-01,45,52,5325.00
2025-09-01,3,38,4495.00
2025-09-01,16,28,4375.00
2025-09-01,20,23,2670.00
2025-09-01,18,18,2645.00
2025-09-01,46,19,2620.00
2025-09-01,19,8,1160.00
2025-09-01,37,16,1055.00
2025-09-01,8,2,325.00
2025-09-01,4,4,260.00
2025-09-01,6,2,230.00
2025-09-01,38,2,170.00
2025-09-01,7,1,115.00
2025-09-01,39,1,115.00
2025-09-01,5,1,85.00
2025-09-01,36,1,25.00
2025-08-31,1,636,41535.00
2025-08-31,2,206,17730.00
2025-08-31,17,56,6640.00
2025-08-31,45,63,6400.00
2025-08-31,15,52,6205.00
2025-08-31,3,46,5440.00
2025-08-31,44,57,4640.00
2025-08-31,20,25,2875.00
2025-08-31,16,15,2280.00
2025-08-31,46,13,1750.00
2025-08-31,18,11,1630.00
2025-08-31,19,6,940.00
2025-08-31,37,8,565.00
2025-08-31,6,4,460.00
2025-08-31,7,4,460.00
2025-08-31,5,3,295.00
2025-08-31,8,2,290.00
2025-08-31,4,4,260.00
2025-08-31,38,3,255.00
2025-08-30,1,749,49120.00
2025-08-30,2,266,23130.00
2025-08-30,17,90,10725.00
2025-08-30,15,64,7760.00
2025-08-30,44,90,7280.00
2025-08-30,45,66,6875.00
2025-08-30,3,48,5745.00
2025-08-30,20,38,4520.00
2025-08-30,16,25,3695.00
2025-08-30,18,20,2935.00
2025-08-30,46,11,1430.00
2025-08-30,19,5,795.00
2025-08-30,37,12,780.00
2025-08-30,8,4,580.00
2025-08-30,4,8,520.00
2025-08-30,7,4,485.00
2025-08-30,38,4,340.00
2025-08-30,6,1,140.00
2025-08-30,5,1,85.00
2025-08-30,36,1,25.00
2025-08-29,1,784,51410.00
2025-08-29,2,241,20805.00
2025-08-29,17,80,9450.00
2025-08-29,15,66,7790.00
2025-08-29,3,66,7740.00
2025-08-29,44,82,6680.00
2025-08-29,45,48,4975.00
2025-08-29,18,26,3840.00
2025-08-29,20,30,3525.00
2025-08-29,16,18,2610.00
2025-08-29,46,10,1390.00
2025-08-29,19,6,870.00
2025-08-29,37,9,600.00
2025-08-29,4,7,470.00
2025-08-29,38,5,425.00
2025-08-29,7,3,420.00
2025-08-29,5,3,255.00
2025-08-29,6,2,230.00
2025-08-29,36,1,25.00
2025-08-28,1,592,38900.00
2025-08-28,2,211,18015.00
2025-08-28,17,48,5645.00
2025-08-28,15,46,5390.00
2025-08-28,45,51,5350.00
2025-08-28,44,53,4520.00
2025-08-28,3,25,2950.00
2025-08-28,16,15,2350.00
2025-08-28,20,20,2325.00
2025-08-28,46,12,1680.00
2025-08-28,18,11,1665.00
2025-08-28,7,9,1110.00
2025-08-28,4,8,520.00
2025-08-28,5,5,465.00
2025-08-28,6,3,345.00
2025-08-28,37,5,325.00
2025-08-28,19,2,290.00
2025-08-28,39,2,230.00
2025-08-28,38,1,85.00
2025-08-28,36,2,50.00
2025-08-27,1,733,47930.00
2025-08-27,2,213,18345.00
2025-08-27,17,75,8750.00
2025-08-27,3,63,7495.00
2025-08-27,15,49,5735.00
2025-08-27,45,56,5725.00
2025-08-27,44,66,5640.00
2025-08-27,20,18,2120.00
2025-08-27,18,11,1665.00
2025-08-27,16,11,1630.00
2025-08-27,19,9,1305.00
2025-08-27,46,8,1040.00
2025-08-27,37,8,520.00
2025-08-27,7,4,460.00
2025-08-27,4,6,390.00
2025-08-27,5,4,340.00
2025-08-27,6,2,255.00
2025-08-27,38,3,255.00
2025-08-27,8,1,145.00
2025-08-26,1,714,47040.00
2025-08-26,2,236,20320.00
2025-08-26,17,70,8325.00
2025-08-26,15,65,7725.00
2025-08-26,3,46,5365.00
2025-08-26,45,52,5300.00
2025-08-26,44,56,4560.00
2025-08-26,20,39,4510.00
2025-08-26,16,11,1630.00
2025-08-26,18,10,1555.00
2025-08-26,46,7,970.00
2025-08-26,19,4,650.00
2025-08-26,7,5,575.00
2025-08-26,4,6,405.00
2025-08-26,37,6,390.00
2025-08-26,5,4,340.00
2025-08-26,38,3,255.00
2025-08-26,6,2,230.00
2025-08-26,39,1,115.00
2025-08-25,1,713,46585.00
2025-08-25,2,207,17715.00
2025-08-25,15,74,8860.00
2025-08-25,17,63,7345.00
2025-08-25,44,79,6460.00
2025-08-25,45,55,5525.00
2025-08-25,3,45,5400.00
2025-08-25,18,23,3335.00
2025-08-25,20,24,2785.00
2025-08-25,16,15,2245.00
2025-08-25,46,10,1330.00
2025-08-25,19,5,760.00
2025-08-25,37,7,470.00
2025-08-25,4,7,455.00
2025-08-25,5,3,255.00
2025-08-25,7,2,230.00
2025-08-25,38,2,170.00
2025-08-25,39,1,140.00
2025-08-25,6,1,115.00
2025-08-25,36,2,50.00
2025-08-24,1,880,57380.00
2025-08-24,2,272,23560.00
2025-08-24,17,94,11035.00
2025-08-24,15,82,9480.00
2025-08-24,3,62,7305.00
2025-08-24,45,67,6725.00
2025-08-24,44,77,6460.00
2025-08-24,20,39,4510.00
2025-08-24,16,23,3475.00
2025-08-24,46,18,2430.00
2025-08-24,18,14,2135.00
2025-08-24,19,6,905.00
2025-08-24,4,9,585.00
2025-08-24,7,3,395.00
2025-08-24,39,3,395.00
2025-08-24,38,4,360.00
2025-08-24,37,5,325.00
2025-08-24,6,2,255.00
2025-08-24,5,2,170.00
2025-08-24,8,1,145.00
2025-08-23,1,1127,73930.00
2025-08-23,2,341,29265.00
2025-08-23,15,116,13815.00
2025-08-23,17,110,13100.00
2025-08-23,3,92,10955.00
2025-08-23,45,84,8575.00
2025-08-23,44,97,7960.00
2025-08-23,18,28,4235.00
2025-08-23,20,35,4150.00
2025-08-23,16,19,2895.00
2025-08-23,46,20,2720.00
2025-08-23,19,8,1230.00
2025-08-23,37,14,940.00
2025-08-23,38,7,595.00
2025-08-23,4,7,470.00
2025-08-23,6,4,460.00
2025-08-23,39,3,370.00
2025-08-23,7,2,230.00
2025-08-23,5,2,170.00
2025-08-23,8,1,145.00
2025-08-23,36,1,25.00
2025-08-22,1,885,57945.00
2025-08-22,2,264,22760.00
2025-08-22,17,92,10755.00
2025-08-22,44,100,8100.00
2025-08-22,15,67,7730.00
2025-08-22,45,74,7550.00
2025-08-22,3,61,7190.00
2025-08-22,20,39,4510.00
2025-08-22,16,21,3150.00
2025-08-22,18,18,2715.00
2025-08-22,46,15,1980.00
2025-08-22,19,10,1555.00
2025-08-22,7,6,690.00
2025-08-22,37,9,645.00
2025-08-22,5,7,635.00
2025-08-22,4,6,405.00
2025-08-22,6,2,230.00
2025-08-22,38,2,170.00
2025-08-22,8,1,145.00
2025-08-22,39,1,115.00
2025-08-21,1,895,58880.00
2025-08-21,2,283,24395.00
2025-08-21,15,86,10290.00
2025-08-21,44,101,8160.00
2025-08-21,3,68,8145.00
2025-08-21,17,66,7790.00
2025-08-21,45,69,7025.00
2025-08-21,20,40,4725.00
2025-08-21,18,27,4230.00
2025-08-21,16,24,3795.00
2025-08-21,19,14,2275.00
2025-08-21,46,13,1810.00
2025-08-21,37,19,1310.00
2025-08-21,7,10,1200.00
2025-08-21,4,7,455.00
2025-08-21,6,3,345.00
2025-08-21,5,4,340.00
2025-08-21,38,2,170.00
2025-08-21,36,1,25.00
2025-08-20,1,678,44640.00
2025-08-20,2,259,22315.00
2025-08-20,17,71,8340.00
2025-08-20,3,65,7800.00
2025-08-20,15,60,7150.00
2025-08-20,45,59,5975.00
2025-08-20,44,67,5400.00
2025-08-20,16,25,3695.00
2025-08-20,46,15,2040.00
2025-08-20,18,14,2030.00
2025-08-20,20,16,1865.00
2025-08-20,7,9,1035.00
2025-08-20,4,10,650.00
2025-08-20,37,9,585.00
2025-08-20,8,2,360.00
2025-08-20,6,2,230.00
2025-08-20,38,2,190.00
2025-08-20,5,2,170.00
2025-08-20,19,1,145.00
2025-08-19,1,897,59340.00
2025-08-19,2,283,24475.00
2025-08-19,3,67,7905.00
2025-08-19,17,68,7845.00
2025-08-19,45,74,7675.00
2025-08-19,44,81,6680.00
2025-08-19,15,56,6615.00
2025-08-19,20,35,4050.00
2025-08-19,16,20,3040.00
2025-08-19,46,22,2980.00
2025-08-19,18,15,2350.00
2025-08-19,7,7,805.00
2025-08-19,19,4,580.00
2025-08-19,38,6,530.00
2025-08-19,37,7,485.00
2025-08-19,4,6,390.00
2025-08-19,39,3,345.00
2025-08-19,8,2,325.00
2025-08-19,5,3,255.00
2025-08-19,6,2,255.00
2025-08-19,36,1,25.00
2025-08-18,1,1010,66040.00
2025-08-18,2,360,30940.00
2025-08-18,15,91,10790.00
2025-08-18,17,90,10575.00
2025-08-18,45,101,10375.00
2025-08-18,3,85,10025.00
2025-08-18,44,110,9060.00
2025-08-18,16,33,5065.00
2025-08-18,20,33,3820.00
2025-08-18,18,19,2790.00
2025-08-18,46,13,1810.00
2025-08-18,37,18,1170.00
2025-08-18,19,7,1050.00
2025-08-18,7,6,740.00
2025-08-18,38,8,680.00
2025-08-18,4,7,455.00
2025-08-18,8,2,360.00
2025-08-18,5,3,255.00
2025-08-18,39,2,230.00
2025-08-18,6,1,115.00
2025-08-17,1,1069,69965.00
2025-08-17,2,333,28785.00
2025-08-17,17,100,11975.00
2025-08-17,15,92,10705.00
2025-08-17,3,75,8800.00
2025-08-17,44,103,8640.00
2025-08-17,45,78,8000.00
2025-08-17,20,45,5250.00
2025-08-17,16,29,4415.00
2025-08-17,46,23,3200.00
2025-08-17,18,18,2610.00
2025-08-17,19,10,1450.00
2025-08-17,37,14,910.00
2025-08-17,4,11,730.00
2025-08-17,7,6,715.00
2025-08-17,5,6,530.00
2025-08-17,6,4,485.00
2025-08-17,38,5,465.00
2025-08-17,8,1,145.00
2025-08-16,1,1110,72795.00
2025-08-16,2,356,30740.00
2025-08-16,17,112,13305.00
2025-08-16,15,89,10610.00
2025-08-16,44,109,8880.00
2025-08-16,3,57,6730.00
2025-08-16,45,64,6500.00
2025-08-16,20,44,5285.00
2025-08-16,16,35,5250.00
2025-08-16,18,24,3585.00
2025-08-16,46,16,2170.00
2025-08-16,19,8,1230.00
2025-08-16,5,10,890.00
2025-08-16,4,13,845.00
2025-08-16,37,8,565.00
2025-08-16,38,4,340.00
2025-08-16,7,2,230.00
2025-08-16,8,1,180.00
2025-08-16,36,1,25.00
2025-08-15,1,870,56820.00
2025-08-15,2,305,26165.00
2025-08-15,17,86,10040.00
2025-08-15,15,64,7735.00
2025-08-15,44,71,5920.00
2025-08-15,45,58,5900.00
2025-08-15,3,38,4420.00
2025-08-15,16,20,3040.00
2025-08-15,20,20,2375.00
2025-08-15,18,11,1700.00
2025-08-15,46,9,1200.00
2025-08-15,7,10,1175.00
2025-08-15,37,8,520.00
2025-08-15,19,3,470.00
2025-08-15,4,7,455.00
2025-08-15,5,5,425.00
2025-08-15,38,4,360.00
2025-08-15,6,3,345.00
2025-08-15,8,1,145.00
2025-08-15,39,1,115.00
2025-08-14,1,808,53090.00
2025-08-14,2,226,19330.00
2025-08-14,17,63,7470.00
2025-08-14,15,59,7060.00
2025-08-14,45,56,5675.00
2025-08-14,3,39,4485.00
2025-08-14,44,48,3980.00
2025-08-14,16,14,2065.00
2025-08-14,20,17,1980.00
2025-08-14,46,13,1810.00
2025-08-14,18,5,795.00
2025-08-14,5,6,510.00
2025-08-14,19,2,290.00
2025-08-14,7,2,230.00
2025-08-14,37,3,210.00
2025-08-14,38,2,170.00
2025-08-14,6,1,140.00
2025-08-14,4,2,130.00
2025-08-13,1,759,49785.00
2025-08-13,2,277,24025.00
2025-08-13,17,89,10660.00
2025-08-13,15,68,8095.00
2025-08-13,45,72,7275.00
2025-08-13,44,80,6600.00
2025-08-13,3,51,6065.00
2025-08-13,20,28,3270.00
2025-08-13,16,18,2750.00
2025-08-13,18,13,1955.00
2025-08-13,46,9,1290.00
2025-08-13,19,6,975.00
2025-08-13,4,7,470.00
2025-08-13,7,3,345.00
2025-08-13,38,3,275.00
2025-08-13,37,4,260.00
2025-08-13,6,2,230.00
2025-08-13,8,1,145.00
2025-08-13,39,1,140.00
2025-08-13,5,1,85.00
2025-08-12,1,739,48470.00
2025-08-12,2,278,24030.00
2025-08-12,17,74,8985.00
2025-08-12,15,68,8370.00
2025-08-12,44,71,5840.00
2025-08-12,45,54,5650.00
2025-08-12,3,45,5250.00
2025-08-12,20,27,3255.00
2025-08-12,18,20,3215.00
2025-08-12,16,15,2280.00
2025-08-12,19,7,1155.00
2025-08-12,46,7,970.00
2025-08-12,5,8,760.00
2025-08-12,37,11,745.00
2025-08-12,7,4,485.00
2025-08-12,4,6,405.00
2025-08-12,38,4,340.00
2025-08-12,8,2,325.00
2025-08-12,6,2,230.00
2025-08-11,1,860,56410.00
2025-08-11,2,363,31275.00
2025-08-11,44,120,9860.00
2025-08-11,17,82,9605.00
2025-08-11,15,75,8900.00
2025-08-11,3,65,7700.00
2025-08-11,45,62,6350.00
2025-08-11,20,38,4495.00
2025-08-11,16,23,3370.00
2025-08-11,18,14,2065.00
2025-08-11,46,11,1550.00
2025-08-11,19,8,1195.00
2025-08-11,37,15,1020.00
2025-08-11,4,10,680.00
2025-08-11,7,4,460.00
2025-08-11,8,3,435.00
2025-08-11,38,3,255.00
2025-08-11,5,3,255.00
2025-08-11,6,2,255.00
2025-08-10,1,1316,86740.00
2025-08-10,2,424,36980.00
2025-08-10,17,119,13985.00
2025-08-10,15,110,13100.00
2025-08-10,3,99,11635.00
2025-08-10,44,129,10640.00
2025-08-10,45,100,10150.00
2025-08-10,20,46,5515.00
2025-08-10,16,28,4235.00
2025-08-10,18,25,3730.00
2025-08-10,46,17,2360.00
2025-08-10,19,13,1990.00
2025-08-10,7,10,1275.00
2025-08-10,4,11,745.00
2025-08-10,37,11,730.00
2025-08-10,5,8,700.00
2025-08-10,38,4,340.00
2025-08-10,39,1,115.00
2025-08-09,1,1367,89770.00
2025-08-09,2,429,36925.00
2025-08-09,17,145,16975.00
2025-08-09,15,103,12045.00
2025-08-09,44,117,9480.00
2025-08-09,3,75,8800.00
2025-08-09,45,64,6600.00
2025-08-09,20,48,5595.00
2025-08-09,18,28,4305.00
2025-08-09,16,28,4305.00
2025-08-09,46,20,2720.00
2025-08-09,19,8,1265.00
2025-08-09,4,13,860.00
2025-08-09,37,12,780.00
2025-08-09,7,6,740.00
2025-08-09,5,6,510.00
2025-08-09,38,3,255.00
2025-08-09,39,2,230.00
2025-08-09,8,1,180.00
2025-08-08,1,850,56060.00
2025-08-08,2,278,24010.00
2025-08-08,17,84,9960.00
2025-08-08,15,71,8565.00
2025-08-08,3,66,7740.00
2025-08-08,44,67,5620.00
2025-08-08,45,46,4750.00
2025-08-08,18,23,3370.00
2025-08-08,16,22,3330.00
2025-08-08,20,28,3320.00
2025-08-08,46,11,1520.00
2025-08-08,37,16,1040.00
2025-08-08,19,6,905.00
2025-08-08,7,5,600.00
2025-08-08,4,7,455.00
2025-08-08,6,3,370.00
2025-08-08,38,3,255.00
2025-08-08,5,2,170.00
2025-08-07,1,887,58285.00
2025-08-07,2,282,24230.00
2025-08-07,17,85,9975.00
2025-08-07,15,76,9215.00
2025-08-07,45,78,8125.00
2025-08-07,3,60,7125.00
2025-08-07,44,85,7020.00
2025-08-07,20,30,3500.00
2025-08-07,18,21,3045.00
2025-08-07,16,17,2570.00
2025-08-07,19,9,1305.00
2025-08-07,46,10,1300.00
2025-08-07,4,12,795.00
2025-08-07,37,10,650.00
2025-08-07,5,4,360.00
2025-08-07,39,2,230.00
2025-08-07,6,2,230.00
2025-08-07,38,2,170.00
2025-08-06,1,805,52715.00
2025-08-06,2,251,21555.00
2025-08-06,17,85,9975.00
2025-08-06,15,75,8875.00
2025-08-06,44,108,8800.00
2025-08-06,3,54,6360.00
2025-08-06,45,53,5450.00
2025-08-06,16,22,3225.00
2025-08-06,20,25,3050.00
2025-08-06,18,18,2610.00
2025-08-06,46,15,2010.00
2025-08-06,7,6,765.00
2025-08-06,19,4,615.00
2025-08-06,4,9,600.00
2025-08-06,37,6,405.00
2025-08-06,6,3,370.00
2025-08-06,38,4,340.00
2025-08-06,8,2,290.00
2025-08-06,39,1,115.00
2025-08-06,5,1,85.00
2025-08-05,1,936,61440.00
2025-08-05,2,318,27350.00
2025-08-05,17,85,9975.00
2025-08-05,15,65,7775.00
2025-08-05,45,75,7625.00
2025-08-05,44,89,7400.00
2025-08-05,3,50,5850.00
2025-08-05,18,26,4015.00
2025-08-05,20,34,3985.00
2025-08-05,16,24,3690.00
2025-08-05,46,17,2390.00
2025-08-05,19,9,1340.00
2025-08-05,4,14,940.00
2025-08-05,5,9,765.00
2025-08-05,38,6,510.00
2025-08-05,7,4,460.00
2025-08-05,37,7,455.00
2025-08-05,8,2,290.00
2025-08-05,6,2,255.00
2025-08-04,1,972,63855.00
2025-08-04,2,353,30445.00
2025-08-04,17,108,12820.00
2025-08-04,3,91,10690.00
2025-08-04,15,75,8925.00
2025-08-04,45,81,8375.00
2025-08-04,44,93,7780.00
2025-08-04,16,34,5175.00
2025-08-04,20,36,4190.00
2025-08-04,18,24,3795.00
2025-08-04,46,18,2520.00
2025-08-04,4,15,975.00
2025-08-04,7,6,740.00
2025-08-04,37,11,715.00
2025-08-04,19,4,615.00
2025-08-04,5,6,530.00
2025-08-04,38,5,425.00
2025-08-04,8,2,290.00
2025-08-04,39,1,140.00
2025-08-04,6,1,115.00
2025-08-03,1,1418,92770.00
2025-08-03,2,530,46230.00
2025-08-03,17,150,17675.00
2025-08-03,3,130,15425.00
2025-08-03,44,158,12800.00
2025-08-03,45,117,11950.00
2025-08-03,15,95,11550.00
2025-08-03,20,51,6065.00
2025-08-03,16,36,5395.00
2025-08-03,18,34,5140.00
2025-08-03,46,35,4820.00
2025-08-03,4,18,1185.00
2025-08-03,19,5,795.00
2025-08-03,37,11,730.00
2025-08-03,7,6,715.00
2025-08-03,5,8,700.00
2025-08-03,8,4,580.00
2025-08-03,38,6,550.00
2025-08-03,39,1,115.00
2025-08-02,1,1488,97890.00
2025-08-02,2,615,53195.00
2025-08-02,15,150,18025.00
2025-08-02,17,152,17980.00
2025-08-02,45,150,15350.00
2025-08-02,3,122,14205.00
2025-08-02,44,141,11700.00
2025-08-02,20,60,7075.00
2025-08-02,16,33,5030.00
2025-08-02,18,27,4020.00
2025-08-02,46,21,2850.00
2025-08-02,4,24,1560.00
2025-08-02,37,21,1365.00
2025-08-02,7,10,1200.00
2025-08-02,19,6,870.00
2025-08-02,38,10,850.00
2025-08-02,8,2,325.00
2025-08-02,39,2,230.00
2025-08-02,5,2,170.00
2025-08-01,1,1236,80850.00
2025-08-01,2,450,38890.00
2025-08-01,17,147,17280.00
2025-08-01,15,121,14515.00
2025-08-01,3,89,10510.00
2025-08-01,44,127,10460.00
2025-08-01,45,95,9650.00
2025-08-01,16,39,6110.00
2025-08-01,20,49,5685.00
2025-08-01,18,29,4275.00
2025-08-01,19,18,2715.00
2025-08-01,46,16,2200.00
2025-08-01,7,14,1635.00
2025-08-01,5,8,680.00
2025-08-01,37,10,650.00
2025-08-01,4,8,550.00
2025-08-01,6,3,345.00
2025-08-01,38,2,190.00
2025-08-01,8,1,145.00
2025-08-01,39,1,140.00
2025-07-31,1,1224,80175.00
2025-07-31,2,442,38210.00
2025-07-31,17,116,13665.00
2025-07-31,15,101,12140.00
2025-07-31,45,112,11525.00
2025-07-31,3,96,11440.00
2025-07-31,44,99,8160.00
2025-07-31,20,48,5620.00
2025-07-31,16,31,4845.00
2025-07-31,18,26,3910.00
2025-07-31,46,21,2820.00
2025-07-31,19,11,1630.00
2025-07-31,4,16,1040.00
2025-07-31,37,15,1035.00
2025-07-31,38,8,700.00
2025-07-31,5,6,510.00
2025-07-31,7,3,370.00
2025-07-31,8,2,290.00
2025-07-31,6,2,230.00
2025-07-31,39,1,115.00
2025-07-30,1,1228,80960.00
2025-07-30,2,482,41570.00
2025-07-30,17,131,15665.00
2025-07-30,15,115,13725.00
2025-07-30,45,132,13575.00
2025-07-30,3,110,12950.00
2025-07-30,44,128,10440.00
2025-07-30,20,60,7050.00
2025-07-30,16,29,4520.00
2025-07-30,18,27,4090.00
2025-07-30,46,15,1980.00
2025-07-30,7,8,1045.00
2025-07-30,19,7,1015.00
2025-07-30,4,13,845.00
2025-07-30,37,10,680.00
2025-07-30,5,7,615.00
2025-07-30,39,4,510.00
2025-07-30,8,3,505.00
2025-07-30,6,2,230.00
2025-07-30,38,2,190.00
2025-07-29,1,1082,71635.00
2025-07-29,2,385,33125.00
2025-07-29,17,82,9680.00
2025-07-29,15,80,9625.00
2025-07-29,45,80,8200.00
2025-07-29,3,70,8200.00
2025-07-29,44,94,7760.00
2025-07-29,20,37,4305.00
2025-07-29,18,28,4165.00
2025-07-29,16,24,3725.00
2025-07-29,46,19,2560.00
2025-07-29,19,10,1450.00
2025-07-29,4,13,860.00
2025-07-29,5,8,700.00
2025-07-29,37,8,535.00
2025-07-29,7,4,485.00
2025-07-29,38,4,340.00
2025-07-29,6,2,230.00
2025-07-29,39,2,230.00
2025-07-29,8,1,145.00
2025-07-28,1,1169,76615.00
2025-07-28,2,463,39735.00
2025-07-28,15,103,12370.00
2025-07-28,17,97,11380.00
2025-07-28,45,97,10225.00
2025-07-28,44,119,9900.00
2025-07-28,3,80,9400.00
2025-07-28,20,57,6630.00
2025-07-28,16,33,5030.00
2025-07-28,46,27,3750.00
2025-07-28,18,23,3475.00
2025-07-28,19,14,2100.00
2025-07-28,37,11,715.00
2025-07-28,4,11,715.00
2025-07-28,7,6,715.00
2025-07-28,5,8,680.00
2025-07-28,6,5,575.00
2025-07-28,38,4,340.00
2025-07-28,39,1,115.00
2025-07-27,1,1400,92230.00
2025-07-27,2,510,44670.00
2025-07-27,17,133,15720.00
2025-07-27,15,128,15295.00
2025-07-27,44,150,12280.00
2025-07-27,3,85,10250.00
2025-07-27,45,99,10025.00
2025-07-27,20,59,6935.00
2025-07-27,16,39,5970.00
2025-07-27,46,37,5140.00
2025-07-27,18,28,4410.00
2025-07-27,19,18,2750.00
2025-07-27,37,18,1200.00
2025-07-27,4,16,1085.00
2025-07-27,5,11,1015.00
2025-07-27,6,7,855.00
2025-07-27,38,7,635.00
2025-07-27,7,5,625.00
2025-07-27,39,2,230.00
2025-07-27,8,1,180.00
2025-07-26,1,1506,99060.00
2025-07-26,2,499,42915.00
2025-07-26,17,152,18080.00
2025-07-26,3,112,13130.00
2025-07-26,15,108,12920.00
2025-07-26,45,119,12150.00
2025-07-26,44,127,10580.00
2025-07-26,20,66,7765.00
2025-07-26,18,41,6190.00
2025-07-26,16,29,4415.00
2025-07-26,46,20,2660.00
2025-07-26,37,23,1570.00
2025-07-26,19,9,1305.00
2025-07-26,7,9,1135.00
2025-07-26,5,9,805.00
2025-07-26,4,12,780.00
2025-07-26,38,8,680.00
2025-07-26,6,3,370.00
2025-07-26,39,1,140.00
2025-07-25,1,1125,73920.00
2025-07-25,2,467,40355.00
2025-07-25,17,114,13260.00
2025-07-25,15,97,11780.00
2025-07-25,44,137,11220.00
2025-07-25,45,101,10325.00
2025-07-25,3,76,8940.00
2025-07-25,20,46,5390.00
2025-07-25,16,34,5105.00
2025-07-25,18,27,3985.00
2025-07-25,46,22,2950.00
2025-07-25,7,13,1495.00
2025-07-25,37,18,1200.00
2025-07-25,19,8,1160.00
2025-07-25,4,15,1050.00
2025-07-25,5,8,680.00
2025-07-25,38,5,445.00
2025-07-25,39,3,370.00
2025-07-25,8,1,145.00
2025-07-25,6,1,115.00
2025-07-24,1,990,64920.00
2025-07-24,2,353,30445.00
2025-07-24,17,117,13830.00
2025-07-24,44,113,9260.00
2025-07-24,15,75,8925.00
2025-07-24,3,75,8775.00
2025-07-24,45,80,8300.00
2025-07-24,16,36,5535.00
2025-07-24,20,42,4930.00
2025-07-24,19,11,1700.00
2025-07-24,18,11,1700.00
2025-07-24,7,10,1150.00
2025-07-24,37,16,1100.00
2025-07-24,46,8,1070.00
2025-07-24,4,13,845.00
2025-07-24,8,3,505.00
2025-07-24,5,5,425.00
2025-07-24,38,3,255.00
2025-07-23,1,932,60895.00
2025-07-23,2,329,28185.00
2025-07-23,17,88,10420.00
2025-07-23,15,81,9540.00
2025-07-23,3,72,8505.00
2025-07-23,45,70,7050.00
2025-07-23,44,79,6560.00
2025-07-23,20,38,4570.00
2025-07-23,18,14,2170.00
2025-07-23,16,11,1630.00
2025-07-23,46,12,1590.00
2025-07-23,38,10,910.00
2025-07-23,4,13,845.00
2025-07-23,37,12,780.00
2025-07-23,7,6,740.00
2025-07-23,5,6,510.00
2025-07-23,19,2,290.00
2025-07-23,8,1,145.00
2025-07-23,39,1,140.00
2025-07-23,6,1,115.00
2025-07-22,1,626,40900.00
2025-07-22,2,186,15970.00
2025-07-22,17,65,7550.00
2025-07-22,3,60,7000.00
2025-07-22,15,54,6360.00
2025-07-22,45,51,5225.00
2025-07-22,44,63,5160.00
2025-07-22,20,31,3590.00
2025-07-22,16,17,2640.00
2025-07-22,18,9,1375.00
2025-07-22,46,8,1070.00
2025-07-22,19,3,470.00
2025-07-22,4,7,455.00
2025-07-22,37,6,390.00
2025-07-22,7,3,345.00
2025-07-22,39,2,255.00
2025-07-22,38,3,255.00
2025-07-22,5,2,170.00
2025-07-22,6,1,115.00
2025-07-21,1,816,53535.00
2025-07-21,2,244,20920.00
2025-07-21,17,63,7345.00
2025-07-21,3,57,6730.00
2025-07-21,15,56,6640.00
2025-07-21,44,72,6040.00
2025-07-21,45,54,5450.00
2025-07-21,16,25,3800.00
2025-07-21,20,31,3590.00
2025-07-21,18,21,3150.00
2025-07-21,46,11,1460.00
2025-07-21,19,8,1230.00
2025-07-21,7,8,1020.00
2025-07-21,5,9,765.00
2025-07-21,37,10,650.00
2025-07-21,6,3,345.00
2025-07-21,4,4,275.00
2025-07-21,39,2,230.00
2025-07-21,38,1,85.00
2025-07-20,1,1017,66555.00
2025-07-20,2,359,31135.00
2025-07-20,17,102,12055.00
2025-07-20,3,85,9950.00
2025-07-20,15,72,8455.00
2025-07-20,44,97,7920.00
2025-07-20,45,65,6625.00
2025-07-20,20,41,4815.00
2025-07-20,18,29,4415.00
2025-07-20,16,22,3330.00
2025-07-20,46,13,1690.00
2025-07-20,19,10,1485.00
2025-07-20,37,13,860.00
2025-07-20,7,6,765.00
2025-07-20,6,5,575.00
2025-07-20,5,6,510.00
2025-07-20,38,3,275.00
2025-07-20,4,3,195.00
2025-07-20,39,1,115.00
2025-07-19,1,854,55870.00
2025-07-19,2,295,25275.00
2025-07-19,17,84,9835.00
2025-07-19,15,81,9565.00
2025-07-19,45,74,7575.00
2025-07-19,44,84,6880.00
2025-07-19,3,45,5350.00
2025-07-19,20,33,3820.00
2025-07-19,16,23,3510.00
2025-07-19,46,19,2650.00
2025-07-19,18,12,1880.00
2025-07-19,19,8,1160.00
2025-07-19,7,5,650.00
2025-07-19,37,8,535.00
2025-07-19,38,6,510.00
2025-07-19,4,7,470.00
2025-07-19,5,3,295.00
2025-07-19,8,1,145.00
2025-07-18,1,680,44530.00
2025-07-18,2,229,19585.00
2025-07-18,15,68,8170.00
2025-07-18,45,57,5850.00
2025-07-18,44,66,5340.00
2025-07-18,17,42,4880.00
2025-07-18,3,31,3665.00
2025-07-18,20,29,3385.00
2025-07-18,16,22,3330.00
2025-07-18,46,15,2130.00
2025-07-18,18,13,1920.00
2025-07-18,37,14,925.00
2025-07-18,4,10,650.00
2025-07-18,38,5,445.00
2025-07-18,6,3,345.00
2025-07-18,19,2,290.00
2025-07-18,5,2,170.00
2025-07-18,7,1,115.00
2025-07-17,1,648,42435.00
2025-07-17,2,239,20575.00
2025-07-17,15,49,5960.00
2025-07-17,17,50,5850.00
2025-07-17,3,46,5390.00
2025-07-17,44,60,4900.00
2025-07-17,45,41,4175.00
2025-07-17,20,24,2885.00
2025-07-17,16,17,2605.00
2025-07-17,18,13,1920.00
2025-07-17,46,12,1740.00
2025-07-17,7,5,675.00
2025-07-17,38,5,465.00
2025-07-17,5,3,275.00
2025-07-17,4,3,195.00
2025-07-17,19,1,145.00
2025-07-17,39,1,140.00
2025-07-17,37,1,65.00
2025-07-16,1,930,61095.00
2025-07-16,2,208,17820.00
2025-07-16,17,81,9665.00
2025-07-16,15,75,9125.00
2025-07-16,45,69,7050.00
2025-07-16,44,72,5960.00
2025-07-16,3,45,5325.00
2025-07-16,18,21,3290.00
2025-07-16,20,23,2795.00
2025-07-16,46,12,1740.00
2025-07-16,16,10,1450.00
2025-07-16,7,7,905.00
2025-07-16,19,6,870.00
2025-07-16,4,10,665.00
2025-07-16,37,9,615.00
2025-07-16,39,4,535.00
2025-07-16,8,2,290.00
2025-07-16,5,3,275.00
2025-07-16,6,1,115.00
2025-07-16,38,1,85.00
2025-07-15,1,662,43180.00
2025-07-15,2,233,20285.00
2025-07-15,17,64,7435.00
2025-07-15,15,57,6930.00
2025-07-15,45,63,6425.00
2025-07-15,44,75,6420.00
2025-07-15,3,37,4280.00
2025-07-15,18,17,2465.00
2025-07-15,16,15,2245.00
2025-07-15,46,10,1360.00
2025-07-15,20,10,1175.00
2025-07-15,5,6,510.00
2025-07-15,37,6,405.00
2025-07-15,7,3,370.00
2025-07-15,19,2,290.00
2025-07-15,38,3,255.00
2025-07-15,8,1,145.00
2025-07-15,6,1,115.00
2025-07-15,4,1,65.00
2025-07-14,1,872,56995.00
2025-07-14,2,344,29420.00
2025-07-14,15,81,9840.00
2025-07-14,17,83,9695.00
2025-07-14,44,88,7540.00
2025-07-14,3,60,7000.00
2025-07-14,45,60,6125.00
2025-07-14,20,42,4980.00
2025-07-14,16,23,3475.00
2025-07-14,18,23,3475.00
2025-07-14,46,12,1650.00
2025-07-14,19,7,1085.00
2025-07-14,7,7,880.00
2025-07-14,37,12,810.00
2025-07-14,4,7,455.00
2025-07-14,38,4,340.00
2025-07-14,5,3,255.00
2025-07-14,39,2,255.00
2025-07-14,8,1,145.00
2025-07-14,6,1,115.00
2025-07-13,1,1106,72565.00
2025-07-13,2,370,31770.00
2025-07-13,17,117,13655.00
2025-07-13,15,91,10790.00
2025-07-13,45,93,9725.00
2025-07-13,44,108,8980.00
2025-07-13,3,65,7600.00
2025-07-13,20,51,6140.00
2025-07-13,18,36,5570.00
2025-07-13,46,18,2460.00
2025-07-13,16,16,2425.00
2025-07-13,37,11,820.00
2025-07-13,19,5,725.00
2025-07-13,38,8,720.00
2025-07-13,7,5,600.00
2025-07-13,4,6,405.00
2025-07-13,5,4,340.00
2025-07-13,8,2,290.00
2025-07-13,39,2,230.00
2025-07-12,1,1337,87595.00
2025-07-12,2,408,35380.00
2025-07-12,17,123,14520.00
2025-07-12,15,111,12990.00
2025-07-12,44,127,10420.00
2025-07-12,45,95,9825.00
2025-07-12,3,83,9645.00
2025-07-12,20,52,6005.00
2025-07-12,16,34,5140.00
2025-07-12,18,24,3655.00
2025-07-12,46,24,3180.00
2025-07-12,19,7,1050.00
2025-07-12,4,15,1005.00
2025-07-12,5,9,765.00
2025-07-12,7,6,765.00
2025-07-12,37,10,665.00
2025-07-12,8,3,435.00
2025-07-12,38,4,340.00
2025-07-12,6,2,280.00
2025-07-12,39,1,115.00
2025-07-11,1,799,52220.00
2025-07-11,2,295,25375.00
2025-07-11,15,93,10945.00
2025-07-11,17,74,8610.00
2025-07-11,44,106,8580.00
2025-07-11,45,65,6700.00
2025-07-11,3,56,6615.00
2025-07-11,20,28,3245.00
2025-07-11,16,18,2680.00
2025-07-11,18,15,2245.00
2025-07-11,46,11,1460.00
2025-07-11,19,9,1410.00
2025-07-11,7,4,460.00
2025-07-11,39,4,460.00
2025-07-11,37,7,455.00
2025-07-11,5,4,340.00
2025-07-11,38,4,340.00
2025-07-11,4,3,195.00
2025-07-11,8,1,145.00
2025-07-10,1,809,52960.00
2025-07-10,2,261,22725.00
2025-07-10,17,81,9565.00
2025-07-10,44,95,7800.00
2025-07-10,15,66,7790.00
2025-07-10,45,73,7450.00
2025-07-10,3,48,5695.00
2025-07-10,18,23,3510.00
2025-07-10,20,26,3015.00
2025-07-10,16,16,2390.00
2025-07-10,46,10,1330.00
2025-07-10,19,6,1010.00
2025-07-10,5,7,615.00
2025-07-10,4,9,600.00
2025-07-10,37,9,585.00
2025-07-10,8,3,505.00
2025-07-10,7,3,370.00
2025-07-10,38,4,340.00
2025-07-10,6,1,115.00
2025-07-09,1,1102,72080.00
2025-07-09,2,355,30455.00
2025-07-09,17,113,13320.00
2025-07-09,45,100,10125.00
2025-07-09,15,65,7675.00
2025-07-09,3,65,7625.00
2025-07-09,44,82,6640.00
2025-07-09,20,28,3270.00
2025-07-09,16,21,3220.00
2025-07-09,18,17,2500.00
2025-07-09,7,15,1775.00
2025-07-09,46,10,1330.00
2025-07-09,4,20,1300.00
2025-07-09,19,8,1160.00
2025-07-09,37,10,665.00
2025-07-09,38,5,425.00
2025-07-09,5,4,340.00
2025-07-09,6,2,230.00
2025-07-09,8,1,180.00
2025-07-08,1,961,63095.00
2025-07-08,2,389,33325.00
2025-07-08,17,92,10805.00
2025-07-08,3,89,10385.00
2025-07-08,44,104,8460.00
2025-07-08,45,71,7325.00
2025-07-08,15,56,6740.00
2025-07-08,20,45,5300.00
2025-07-08,16,25,3800.00
2025-07-08,18,19,2755.00
2025-07-08,19,7,1085.00
2025-07-08,46,7,1000.00
2025-07-08,4,15,990.00
2025-07-08,37,10,695.00
2025-07-08,7,5,625.00
2025-07-08,5,4,340.00
2025-07-08,8,2,290.00
2025-07-08,38,3,275.00
2025-07-08,6,2,230.00
2025-07-08,39,1,115.00
2025-07-07,1,941,61585.00
2025-07-07,2,309,26525.00
2025-07-07,17,106,12515.00
2025-07-07,15,87,10480.00
2025-07-07,44,95,7840.00
2025-07-07,3,64,7460.00
2025-07-07,45,65,6625.00
2025-07-07,20,46,5415.00
2025-07-07,16,27,4090.00
2025-07-07,18,22,3190.00
2025-07-07,46,16,2140.00
2025-07-07,37,12,780.00
2025-07-07,4,12,780.00
2025-07-07,7,6,690.00
2025-07-07,19,3,470.00
2025-07-07,5,5,445.00
2025-07-07,38,4,360.00
2025-07-07,6,2,280.00
2025-07-07,39,2,255.00
2025-07-06,1,951,62265.00
2025-07-06,2,369,32265.00
2025-07-06,17,90,10650.00
2025-07-06,3,86,10115.00
2025-07-06,44,114,9420.00
2025-07-06,45,81,8175.00
2025-07-06,15,68,7945.00
2025-07-06,20,39,4585.00
2025-07-06,16,25,3730.00
2025-07-06,46,22,2950.00
2025-07-06,18,18,2785.00
2025-07-06,19,7,1015.00
2025-07-06,7,8,920.00
2025-07-06,37,11,730.00
2025-07-06,38,5,425.00
2025-07-06,5,4,340.00
2025-07-06,4,5,325.00
2025-07-06,8,2,290.00
2025-07-06,6,2,230.00
2025-07-05,1,1295,85315.00
2025-07-05,2,430,37290.00
2025-07-05,17,142,16905.00
2025-07-05,15,121,14515.00
2025-07-05,3,107,12805.00
2025-07-05,45,93,9650.00
2025-07-05,44,103,8420.00
2025-07-05,20,52,6105.00
2025-07-05,18,38,5580.00
2025-07-05,16,21,3150.00
2025-07-05,46,22,3070.00
2025-07-05,7,14,1635.00
2025-07-05,37,13,845.00
2025-07-05,4,11,715.00
2025-07-05,5,7,595.00
2025-07-05,6,4,460.00
2025-07-05,19,3,435.00
2025-07-05,38,4,400.00
2025-07-05,39,3,395.00
2025-07-05,8,1,145.00
2025-07-04,1,917,60205.00
2025-07-04,2,301,25925.00
2025-07-04,15,92,10755.00
2025-07-04,17,83,9620.00
2025-07-04,45,84,8700.00
2025-07-04,3,58,6695.00
2025-07-04,44,81,6640.00
2025-07-04,20,32,3680.00
2025-07-04,16,22,3435.00
2025-07-04,18,22,3330.00
2025-07-04,46,17,2360.00
2025-07-04,19,11,1665.00
2025-07-04,5,7,615.00
2025-07-04,7,4,510.00
2025-07-04,6,4,510.00
2025-07-04,37,7,455.00
2025-07-04,4,6,390.00
2025-07-04,8,2,290.00
2025-07-04,38,2,170.00
2025-07-04,39,1,115.00
2025-07-03,1,818,53485.00
2025-07-03,2,293,25265.00
2025-07-03,17,94,10985.00
2025-07-03,15,76,9265.00
2025-07-03,3,62,7330.00
2025-07-03,45,64,6525.00
2025-07-03,44,77,6320.00
2025-07-03,20,36,4340.00
2025-07-03,18,20,3005.00
2025-07-03,16,12,1985.00
2025-07-03,46,12,1620.00
2025-07-03,19,6,940.00
2025-07-03,8,4,720.00
2025-07-03,38,6,530.00
2025-07-03,37,8,520.00
2025-07-03,7,3,395.00
2025-07-03,39,3,370.00
2025-07-03,4,5,325.00
2025-07-03,6,2,230.00
2025-07-03,5,2,190.00
2025-07-02,1,1021,66890.00
2025-07-02,2,399,34295.00
2025-07-02,15,104,12410.00
2025-07-02,17,93,10770.00
2025-07-02,44,91,7420.00
2025-07-02,3,60,7050.00
2025-07-02,45,65,6625.00
2025-07-02,20,35,4050.00
2025-07-02,16,26,3945.00
2025-07-02,18,22,3260.00
2025-07-02,46,19,2530.00
2025-07-02,19,7,1155.00
2025-07-02,37,13,845.00
2025-07-02,7,7,830.00
2025-07-02,4,10,650.00
2025-07-02,38,6,510.00
2025-07-02,6,3,370.00
2025-07-02,8,2,290.00
2025-07-02,5,2,170.00
2025-07-02,39,1,115.00
2025-07-01,1,899,58810.00
2025-07-01,2,354,30750.00
2025-07-01,17,108,12720.00
2025-07-01,45,83,8475.00
2025-07-01,15,67,8130.00
2025-07-01,3,63,7345.00
2025-07-01,44,82,6820.00
2025-07-01,16,23,3475.00
2025-07-01,20,25,2900.00
2025-07-01,46,18,2460.00
2025-07-01,18,12,1775.00
2025-07-01,5,17,1485.00
2025-07-01,19,6,870.00
2025-07-01,4,9,585.00
2025-07-01,7,4,460.00
2025-07-01,37,6,390.00
2025-07-01,38,3,255.00
2025-07-01,6,2,230.00
2025-07-01,39,2,230.00
2025-07-01,8,1,145.00
2025-06-30,1,692,45415.00
2025-06-30,2,237,20285.00
2025-06-30,15,92,11030.00
2025-06-30,17,84,10010.00
2025-06-30,44,76,6260.00
2025-06-30,45,57,5875.00
2025-06-30,3,46,5440.00
2025-06-30,20,30,3475.00
2025-06-30,16,18,2680.00
2025-06-30,18,18,2610.00
2025-06-30,46,17,2360.00
2025-06-30,7,7,805.00
2025-06-30,8,4,685.00
2025-06-30,19,3,435.00
2025-06-30,39,3,370.00
2025-06-30,37,4,260.00
2025-06-30,38,3,255.00
2025-06-30,6,2,230.00
2025-06-30,4,3,195.00
2025-06-30,5,2,190.00
2025-06-29,1,1295,84520.00
2025-06-29,2,451,38615.00
2025-06-29,15,127,15105.00
2025-06-29,17,125,14700.00
2025-06-29,44,124,10140.00
2025-06-29,45,90,9450.00
2025-06-29,3,67,7855.00
2025-06-29,18,26,3840.00
2025-06-29,20,33,3795.00
2025-06-29,16,21,3115.00
2025-06-29,19,11,1630.00
2025-06-29,46,11,1490.00
2025-06-29,37,12,780.00
2025-06-29,5,7,595.00
2025-06-29,7,4,485.00
2025-06-29,39,4,460.00
2025-06-29,4,7,455.00
2025-06-29,38,5,425.00
2025-06-29,8,1,180.00
2025-06-28,1,1280,83710.00
2025-06-28,2,436,37620.00
2025-06-28,15,142,17055.00
2025-06-28,17,141,16640.00
2025-06-28,44,135,11320.00
2025-06-28,3,96,11115.00
2025-06-28,45,85,8725.00
2025-06-28,16,37,5645.00
2025-06-28,20,45,5350.00
2025-06-28,18,34,5000.00
2025-06-28,46,26,3500.00
2025-06-28,19,10,1520.00
2025-06-28,7,9,1085.00
2025-06-28,37,16,1040.00
2025-06-28,5,8,720.00
2025-06-28,4,7,470.00
2025-06-28,38,4,340.00
2025-06-28,6,2,255.00
2025-06-28,39,1,140.00
2025-06-27,1,857,56275.00
2025-06-27,2,286,24550.00
2025-06-27,17,89,10610.00
2025-06-27,15,75,8875.00
2025-06-27,45,84,8500.00
2025-06-27,44,89,7380.00
2025-06-27,3,54,6410.00
2025-06-27,20,33,3870.00
2025-06-27,16,25,3800.00
2025-06-27,18,21,3325.00
2025-06-27,46,16,2230.00
2025-06-27,19,6,940.00
2025-06-27,37,10,650.00
2025-06-27,7,5,600.00
2025-06-27,38,5,525.00
2025-06-27,4,8,520.00
2025-06-27,6,3,370.00
2025-06-27,5,4,340.00
2025-06-27,8,1,145.00
2025-06-27,39,1,140.00
2025-06-26,1,827,54370.00
2025-06-26,2,347,29875.00
2025-06-26,17,83,9945.00
2025-06-26,3,74,8685.00
2025-06-26,15,66,7815.00
2025-06-26,44,90,7400.00
2025-06-26,45,66,6725.00
2025-06-26,20,41,4865.00
2025-06-26,18,32,4815.00
2025-06-26,16,22,3260.00
2025-06-26,46,19,2590.00
2025-06-26,7,11,1515.00
2025-06-26,19,5,725.00
2025-06-26,6,4,460.00
2025-06-26,4,6,390.00
2025-06-26,38,4,360.00
2025-06-26,37,5,325.00
2025-06-26,5,3,255.00
2025-06-26,39,1,115.00
2025-06-25,1,846,55920.00
2025-06-25,2,349,30025.00
2025-06-25,17,102,12405.00
2025-06-25,15,95,11200.00
2025-06-25,44,105,8740.00
2025-06-25,45,81,8200.00
2025-06-25,3,63,7370.00
2025-06-25,20,34,4010.00
2025-06-25,16,25,3730.00
2025-06-25,18,17,2570.00
2025-06-25,46,12,1650.00
2025-06-25,7,12,1580.00
2025-06-25,4,14,910.00
2025-06-25,19,6,905.00
2025-06-25,5,9,765.00
2025-06-25,37,9,615.00
2025-06-25,8,2,360.00
2025-06-25,6,1,140.00
2025-06-25,38,1,105.00
2025-06-24,1,917,60205.00
2025-06-24,2,301,25905.00
2025-06-24,17,98,11520.00
2025-06-24,15,82,9755.00
2025-06-24,44,101,8420.00
2025-06-24,45,79,8275.00
2025-06-24,3,56,6665.00
2025-06-24,20,37,4280.00
2025-06-24,18,19,2790.00
2025-06-24,16,14,2065.00
2025-06-24,46,10,1330.00
2025-06-24,7,9,1160.00
2025-06-24,19,5,795.00
2025-06-24,4,11,730.00
2025-06-24,38,6,510.00
2025-06-24,37,6,420.00
2025-06-24,5,4,340.00
2025-06-24,8,1,145.00
2025-06-24,6,1,115.00
2025-06-23,1,817,53390.00
2025-06-23,2,326,28130.00
2025-06-23,17,94,10960.00
2025-06-23,3,71,8440.00
2025-06-23,15,67,8005.00
2025-06-23,44,82,6700.00
2025-06-23,45,53,5350.00
2025-06-23,16,30,4595.00
2025-06-23,20,27,3155.00
2025-06-23,18,18,2715.00
2025-06-23,46,16,2110.00
2025-06-23,19,7,1120.00
2025-06-23,7,8,995.00
2025-06-23,5,7,615.00
2025-06-23,38,4,340.00
2025-06-23,37,4,260.00
2025-06-23,39,2,230.00
2025-06-23,4,3,195.00
2025-06-23,8,1,145.00
2025-06-22,1,1263,83235.00
2025-06-22,2,446,38230.00
2025-06-22,15,112,13205.00
2025-06-22,17,109,12785.00
2025-06-22,44,145,11860.00
2025-06-22,45,101,10500.00
2025-06-22,3,63,7295.00
2025-06-22,20,54,6410.00
2025-06-22,16,29,4345.00
2025-06-22,18,22,3295.00
2025-06-22,46,17,2330.00
2025-06-22,7,12,1480.00
2025-06-22,19,8,1230.00
2025-06-22,37,12,780.00
2025-06-22,4,10,665.00
2025-06-22,5,6,550.00
2025-06-22,8,2,325.00
2025-06-22,6,2,230.00
2025-06-22,39,1,115.00
2025-06-22,38,1,85.00
2025-06-21,1,1057,69080.00
2025-06-21,2,421,35905.00
2025-06-21,17,123,14420.00
2025-06-21,15,104,12435.00
2025-06-21,44,124,10080.00
2025-06-21,45,93,9400.00
2025-06-21,3,76,8990.00
2025-06-21,20,60,6950.00
2025-06-21,16,36,5325.00
2025-06-21,18,24,3515.00
2025-06-21,46,13,1840.00
2025-06-21,7,10,1150.00
2025-06-21,4,12,780.00
2025-06-21,5,8,680.00
2025-06-21,37,9,585.00
2025-06-21,38,6,510.00
2025-06-21,19,3,435.00
2025-06-21,8,1,145.00
2025-06-20,1,953,62515.00
2025-06-20,2,329,28465.00
2025-06-20,17,85,10025.00
2025-06-20,15,83,9895.00
2025-06-20,3,72,8380.00
2025-06-20,44,101,8180.00
2025-06-20,45,68,6925.00
2025-06-20,20,43,5045.00
2025-06-20,16,25,3835.00
2025-06-20,18,22,3365.00
2025-06-20,46,17,2300.00
2025-06-20,19,8,1160.00
2025-06-20,37,11,775.00
2025-06-20,39,5,650.00
2025-06-20,8,4,615.00
2025-06-20,5,7,595.00
2025-06-20,38,6,510.00
2025-06-20,7,4,460.00
2025-06-20,4,6,390.00
2025-06-19,1,850,55520.00
2025-06-19,2,228,19600.00
2025-06-19,17,86,10090.00
2025-06-19,15,74,8685.00
2025-06-19,44,95,8080.00
2025-06-19,45,67,6800.00
2025-06-19,3,42,4930.00
2025-06-19,20,38,4470.00
2025-06-19,18,18,2855.00
2025-06-19,46,12,1650.00
2025-06-19,16,11,1595.00
2025-06-19,37,13,860.00
2025-06-19,19,5,795.00
2025-06-19,7,6,690.00
2025-06-19,4,7,455.00
2025-06-19,5,4,380.00
2025-06-19,38,3,275.00
2025-06-19,39,2,255.00
2025-06-19,8,1,180.00
2025-06-19,6,1,140.00
2025-06-18,1,1109,72940.00
2025-06-18,2,366,31470.00
2025-06-18,44,178,15180.00
2025-06-18,17,125,14600.00
2025-06-18,15,101,11915.00
2025-06-18,3,84,9760.00
2025-06-18,45,92,9400.00
2025-06-18,16,27,4020.00
2025-06-18,20,31,3665.00
2025-06-18,18,21,3080.00
2025-06-18,46,12,1620.00
2025-06-18,4,10,665.00
2025-06-18,6,5,575.00
2025-06-18,37,7,500.00
2025-06-18,7,4,485.00
2025-06-18,19,3,435.00
2025-06-18,5,5,425.00
2025-06-18,38,3,255.00
2025-06-18,39,1,115.00
2025-06-17,1,883,58010.00
2025-06-17,2,323,27675.00
2025-06-17,45,100,10350.00
2025-06-17,15,85,10200.00
2025-06-17,17,84,9760.00
2025-06-17,44,86,7040.00
2025-06-17,3,48,5595.00
2025-06-17,20,35,4125.00
2025-06-17,16,24,3655.00
2025-06-17,18,14,2135.00
2025-06-17,46,15,2070.00
2025-06-17,37,17,1105.00
2025-06-17,19,6,870.00
2025-06-17,4,11,715.00
2025-06-17,5,7,595.00
2025-06-17,7,5,575.00
2025-06-17,38,4,340.00
2025-06-17,8,2,290.00
2025-06-17,39,1,115.00
2025-06-17,6,1,115.00
2025-06-16,1,966,63210.00
2025-06-16,2,285,24405.00
2025-06-16,17,85,9900.00
2025-06-16,45,84,8625.00
2025-06-16,44,96,7860.00
2025-06-16,15,59,7060.00
2025-06-16,3,53,6145.00
2025-06-16,20,38,4520.00
2025-06-16,18,21,3115.00
2025-06-16,46,19,2560.00
2025-06-16,16,12,1740.00
2025-06-16,7,11,1265.00
2025-06-16,4,13,845.00
2025-06-16,37,8,520.00
2025-06-16,5,5,465.00
2025-06-16,19,3,435.00
2025-06-16,38,4,340.00
2025-06-16,39,2,255.00
2025-06-15,1,1423,92960.00
2025-06-15,2,395,34195.00
2025-06-15,45,121,12225.00
2025-06-15,17,94,10960.00
2025-06-15,3,93,10870.00
2025-06-15,44,133,10840.00
2025-06-15,15,86,9965.00
2025-06-15,16,34,5210.00
2025-06-15,20,43,4995.00
2025-06-15,18,30,4420.00
2025-06-15,46,22,3010.00
2025-06-15,19,10,1485.00
2025-06-15,38,12,1040.00
2025-06-15,5,12,1020.00
2025-06-15,37,13,845.00
2025-06-15,4,12,810.00
2025-06-15,7,7,805.00
2025-06-15,6,2,255.00
2025-06-15,39,2,230.00
2025-06-15,8,1,145.00
2025-06-14,1,1217,79405.00
2025-06-14,2,494,42310.00
2025-06-14,17,124,14460.00
2025-06-14,3,103,12070.00
2025-06-14,15,98,11470.00
2025-06-14,45,109,10975.00
2025-06-14,44,108,8760.00
2025-06-14,20,57,6655.00
2025-06-14,16,30,4490.00
2025-06-14,18,19,2825.00
2025-06-14,46,18,2370.00
2025-06-14,4,21,1380.00
2025-06-14,19,7,1015.00
2025-06-14,7,6,715.00
2025-06-14,37,8,520.00
2025-06-14,5,4,340.00
2025-06-14,38,2,170.00
2025-06-14,6,1,115.00
2025-06-13,1,1400,91405.00
2025-06-13,2,406,34790.00
2025-06-13,15,122,14855.00
2025-06-13,17,103,12045.00
2025-06-13,45,113,11575.00
2025-06-13,3,87,10280.00
2025-06-13,44,113,9240.00
2025-06-13,20,55,6475.00
2025-06-13,18,26,3875.00
2025-06-13,46,22,2980.00
2025-06-13,16,15,2210.00
2025-06-13,7,14,1610.00
2025-06-13,19,6,905.00
2025-06-13,37,13,845.00
2025-06-13,38,8,680.00
2025-06-13,5,7,595.00
2025-06-13,4,5,325.00
2025-06-13,8,1,145.00
2025-06-13,6,1,115.00
2025-06-13,39,1,115.00
2025-06-12,1,1266,83220.00
2025-06-12,2,449,38665.00
2025-06-12,17,127,14955.00
2025-06-12,15,118,14070.00
2025-06-12,45,122,12675.00
2025-06-12,44,118,9620.00
2025-06-12,3,66,7740.00
2025-06-12,16,41,6295.00
2025-06-12,20,49,5685.00
2025-06-12,18,28,4095.00
2025-06-12,46,25,3460.00
2025-06-12,19,11,1630.00
2025-06-12,7,9,1085.00
2025-06-12,37,11,715.00
2025-06-12,4,10,650.00
2025-06-12,6,3,370.00
2025-06-12,5,4,340.00
2025-06-12,39,2,230.00
2025-06-12,8,1,180.00
2025-06-12,38,1,85.00
2025-06-11,1,1002,65685.00
2025-06-11,2,349,29905.00
2025-06-11,15,128,15170.00
2025-06-11,44,118,9520.00
2025-06-11,17,80,9375.00
2025-06-11,45,77,7750.00
2025-06-11,3,59,6835.00
2025-06-11,20,42,4855.00
2025-06-11,18,29,4310.00
2025-06-11,16,23,3475.00
2025-06-11,46,10,1330.00
2025-06-11,5,9,765.00
2025-06-11,19,4,580.00
2025-06-11,37,8,520.00
2025-06-11,7,3,370.00
2025-06-11,39,2,280.00
2025-06-11,38,2,170.00
2025-06-11,6,1,115.00
2025-06-11,4,1,65.00
2025-06-10,1,1075,70235.00
2025-06-10,2,277,23925.00
2025-06-10,17,96,11365.00
2025-06-10,15,82,9780.00
2025-06-10,44,115,9480.00
2025-06-10,45,84,8675.00
2025-06-10,3,54,6260.00
2025-06-10,20,31,3590.00
2025-06-10,46,19,2530.00
2025-06-10,18,14,2100.00
2025-06-10,37,23,1510.00
2025-06-10,16,10,1485.00
2025-06-10,7,8,920.00
2025-06-10,4,13,845.00
2025-06-10,19,5,725.00
2025-06-10,5,8,680.00
2025-06-10,38,6,510.00
2025-06-10,8,1,145.00
2025-06-09,1,1422,93240.00
2025-06-09,2,403,34575.00
2025-06-09,17,99,11560.00
2025-06-09,44,137,11100.00
2025-06-09,3,78,9120.00
2025-06-09,15,77,9105.00
2025-06-09,45,75,7675.00
2025-06-09,20,43,4995.00
2025-06-09,16,30,4525.00
2025-06-09,18,16,2425.00
2025-06-09,19,12,1775.00
2025-06-09,46,8,1070.00
2025-06-09,4,12,795.00
2025-06-09,37,11,715.00
2025-06-09,7,5,625.00
2025-06-09,5,7,595.00
2025-06-09,8,3,435.00
2025-06-09,38,4,340.00
2025-06-08,1,1334,87340.00
2025-06-08,2,451,38855.00
2025-06-08,17,114,13360.00
2025-06-08,15,91,10940.00
2025-06-08,44,125,10220.00
2025-06-08,45,92,9475.00
2025-06-08,3,77,9180.00
2025-06-08,20,40,4725.00
2025-06-08,16,27,4055.00
2025-06-08,18,25,3695.00
2025-06-08,46,22,3040.00
2025-06-08,7,10,1175.00
2025-06-08,19,6,870.00
2025-06-08,5,9,765.00
2025-06-08,4,11,730.00
2025-06-08,37,11,730.00
2025-06-08,38,6,530.00
2025-06-08,6,4,510.00
2025-06-08,8,2,325.00
2025-06-07,1,1005,65895.00
2025-06-07,2,302,25990.00
2025-06-07,17,100,11725.00
2025-06-07,15,89,10535.00
2025-06-07,44,119,9740.00
2025-06-07,45,90,9225.00
2025-06-07,3,56,6515.00
2025-06-07,20,42,4880.00
2025-06-07,16,23,3370.00
2025-06-07,18,19,2860.00
2025-06-07,46,15,1980.00
2025-06-07,19,8,1230.00
2025-06-07,7,10,1200.00
2025-06-07,4,9,585.00
2025-06-07,38,6,530.00
2025-06-07,5,6,510.00
2025-06-07,37,6,390.00
2025-06-07,8,2,325.00
2025-06-07,6,1,140.00
2025-06-07,39,1,115.00
2025-06-06,1,935,61285.00
2025-06-06,2,316,27200.00
2025-06-06,17,93,10845.00
2025-06-06,44,118,9600.00
2025-06-06,45,82,8400.00
2025-06-06,15,64,7485.00
2025-06-06,3,57,6805.00
2025-06-06,20,41,4765.00
2025-06-06,16,16,2390.00
2025-06-06,18,16,2390.00
2025-06-06,46,18,2370.00
2025-06-06,19,5,795.00
2025-06-06,4,12,780.00
2025-06-06,5,7,655.00
2025-06-06,37,9,600.00
2025-06-06,38,5,465.00
2025-06-06,8,2,360.00
2025-06-06,7,2,230.00
2025-06-05,1,1018,66605.00
2025-06-05,2,374,31970.00
2025-06-05,15,91,10690.00
2025-06-05,17,86,10065.00
2025-06-05,44,110,9040.00
2025-06-05,45,75,7700.00
2025-06-05,3,63,7395.00
2025-06-05,20,51,6040.00
2025-06-05,16,30,4455.00
2025-06-05,18,29,4240.00
2025-06-05,46,22,2920.00
2025-06-05,4,17,1120.00
2025-06-05,7,6,715.00
2025-06-05,8,4,685.00
2025-06-05,37,9,585.00
2025-06-05,19,4,580.00
2025-06-05,5,5,445.00
2025-06-05,6,2,230.00
2025-06-05,38,2,170.00
2025-06-04,1,1485,97320.00
2025-06-04,2,541,46385.00
2025-06-04,17,147,17205.00
2025-06-04,15,125,14775.00
2025-06-04,3,118,13870.00
2025-06-04,44,120,9980.00
2025-06-04,45,89,9325.00
2025-06-04,20,62,7230.00
2025-06-04,18,42,6195.00
2025-06-04,16,36,5465.00
2025-06-04,46,24,3180.00
2025-06-04,19,14,2030.00
2025-06-04,5,18,1530.00
2025-06-04,7,10,1150.00
2025-06-04,37,17,1120.00
2025-06-04,4,11,715.00
2025-06-04,6,3,370.00
2025-06-04,38,4,340.00
2025-06-04,8,1,145.00
2025-06-03,1,1634,107230.00
2025-06-03,2,660,56820.00
2025-06-03,17,148,17545.00
2025-06-03,15,139,16635.00
2025-06-03,45,144,14925.00
2025-06-03,3,111,13015.00
2025-06-03,44,153,12760.00
2025-06-03,20,87,10280.00
2025-06-03,16,36,5570.00
2025-06-03,18,27,4125.00
2025-06-03,19,18,2750.00
2025-06-03,46,15,1980.00
2025-06-03,7,16,1965.00
2025-06-03,4,13,860.00
2025-06-03,37,12,780.00
2025-06-03,38,7,595.00
2025-06-03,5,7,595.00
2025-06-03,8,3,470.00
2025-06-03,39,3,395.00
2025-06-03,6,3,345.00
2025-06-02,1,1647,107775.00
2025-06-02,2,588,50520.00
2025-06-02,17,153,18095.00
2025-06-02,15,152,17880.00
2025-06-02,45,157,16050.00
2025-06-02,3,114,13560.00
2025-06-02,44,151,12380.00
2025-06-02,20,66,7790.00
2025-06-02,18,44,6730.00
2025-06-02,16,30,4420.00
2025-06-02,46,24,3240.00
2025-06-02,7,11,1365.00
2025-06-02,19,9,1305.00
2025-06-02,38,9,765.00
2025-06-02,37,10,695.00
2025-06-02,4,7,455.00
2025-06-02,39,3,370.00
2025-06-02,6,3,345.00
2025-06-02,5,3,255.00
2025-06-01,1,1538,100735.00
2025-06-01,2,552,47580.00
2025-06-01,17,171,20265.00
2025-06-01,15,113,13345.00
2025-06-01,3,104,12560.00
2025-06-01,45,99,10225.00
2025-06-01,44,123,10060.00
2025-06-01,20,59,6885.00
2025-06-01,18,40,5870.00
2025-06-01,16,28,4165.00
2025-06-01,46,20,2780.00
2025-06-01,7,10,1250.00
2025-06-01,37,18,1185.00
2025-06-01,4,15,1020.00
2025-06-01,19,6,870.00
2025-06-01,5,9,765.00
2025-06-01,38,6,510.00
2025-06-01,6,3,370.00
2025-06-01,39,3,345.00
2025-06-01,8,2,290.00
2025-05-31,1,1534,100730.00
2025-05-31,2,548,46980.00
2025-05-31,17,148,17270.00
2025-05-31,44,180,14660.00
2025-05-31,15,117,13955.00
2025-05-31,45,119,12350.00
2025-05-31,3,95,11250.00
2025-05-31,18,43,6760.00
2025-05-31,20,57,6680.00
2025-05-31,16,32,4920.00
2025-05-31,46,23,3140.00
2025-05-31,19,7,1015.00
2025-05-31,37,13,875.00
2025-05-31,7,7,830.00
2025-05-31,4,11,745.00
2025-05-31,5,6,530.00
2025-05-31,38,5,425.00
2025-05-31,39,1,115.00
2025-05-30,1,1465,95825.00
2025-05-30,2,566,48490.00
2025-05-30,17,141,16565.00
2025-05-30,15,125,14850.00
2025-05-30,44,179,14620.00
2025-05-30,45,111,11275.00
2025-05-30,3,83,9870.00
2025-05-30,20,63,7295.00
2025-05-30,16,33,5205.00
2025-05-30,46,23,3020.00
2025-05-30,18,20,3005.00
2025-05-30,19,11,1770.00
2025-05-30,7,11,1315.00
2025-05-30,37,16,1070.00
2025-05-30,4,13,875.00
2025-05-30,5,7,595.00
2025-05-30,8,4,580.00
2025-05-30,6,4,460.00
2025-05-30,38,4,340.00
2025-05-29,1,1067,70150.00
2025-05-29,2,411,35555.00
2025-05-29,17,107,12630.00
2025-05-29,15,101,12090.00
2025-05-29,44,112,9280.00
2025-05-29,45,89,9200.00
2025-05-29,3,67,7905.00
2025-05-29,20,58,6795.00
2025-05-29,16,26,3840.00
2025-05-29,18,19,2790.00
2025-05-29,46,11,1460.00
2025-05-29,7,8,920.00
2025-05-29,37,13,890.00
2025-05-29,4,13,860.00
2025-05-29,38,9,765.00
2025-05-29,5,7,615.00
2025-05-29,19,2,290.00
2025-05-29,8,2,290.00
2025-05-29,39,1,115.00
2025-05-28,1,1052,68875.00
2025-05-28,2,377,32425.00
2025-05-28,17,120,14050.00
2025-05-28,15,112,13355.00
2025-05-28,44,112,9180.00
2025-05-28,3,76,8990.00
2025-05-28,45,81,8300.00
2025-05-28,20,43,5045.00
2025-05-28,18,30,4560.00
2025-05-28,16,29,4415.00
2025-05-28,46,13,1810.00
2025-05-28,4,12,780.00
2025-05-28,37,10,665.00
2025-05-28,5,7,595.00
2025-05-28,19,4,580.00
2025-05-28,6,4,460.00
2025-05-28,7,3,395.00
2025-05-28,38,2,170.00
2025-05-28,39,1,140.00
2025-05-27,1,1426,93530.00
2025-05-27,2,443,38175.00
2025-05-27,17,109,12810.00
2025-05-27,45,120,12300.00
2025-05-27,44,141,11500.00
2025-05-27,15,90,10500.00
2025-05-27,3,76,9015.00
2025-05-27,20,58,6720.00
2025-05-27,16,31,4705.00
2025-05-27,18,29,4345.00
2025-05-27,46,13,1780.00
2025-05-27,19,8,1265.00
2025-05-27,37,17,1120.00
2025-05-27,5,8,720.00
2025-05-27,38,7,595.00
2025-05-27,39,3,395.00
2025-05-27,4,6,390.00
2025-05-27,6,3,370.00
2025-05-27,7,3,345.00
2025-05-27,8,2,325.00
2025-05-26,1,1336,87710.00
2025-05-26,2,408,35020.00
2025-05-26,17,117,13780.00
2025-05-26,15,113,13370.00
2025-05-26,44,144,11940.00
2025-05-26,3,78,9170.00
2025-05-26,45,77,8000.00
2025-05-26,20,59,6910.00
2025-05-26,18,30,4490.00
2025-05-26,16,28,4270.00
2025-05-26,46,13,1780.00
2025-05-26,19,8,1230.00
2025-05-26,37,16,1055.00
2025-05-26,7,9,1035.00
2025-05-26,38,7,615.00
2025-05-26,4,9,585.00
2025-05-26,8,2,290.00
2025-05-26,5,2,170.00
2025-05-25,1,1135,74135.00
2025-05-25,2,393,33945.00
2025-05-25,17,114,13460.00
2025-05-25,15,112,13380.00
2025-05-25,44,150,12200.00
2025-05-25,45,99,10350.00
2025-05-25,3,68,7945.00
2025-05-25,16,34,5140.00
2025-05-25,20,41,4940.00
2025-05-25,18,26,3875.00
2025-05-25,46,19,2560.00
2025-05-25,19,6,940.00
2025-05-25,37,12,795.00
2025-05-25,38,9,765.00
2025-05-25,7,5,575.00
2025-05-25,5,4,360.00
2025-05-25,39,3,345.00
2025-05-25,4,5,325.00
2025-05-25,8,2,325.00
2025-05-24,1,883,57980.00
2025-05-24,2,326,27910.00
2025-05-24,17,105,12250.00
2025-05-24,15,91,10765.00
2025-05-24,3,61,7165.00
2025-05-24,45,69,7050.00
2025-05-24,44,86,6900.00
2025-05-24,20,42,5055.00
2025-05-24,18,19,2965.00
2025-05-24,16,18,2855.00
2025-05-24,46,18,2460.00
2025-05-24,19,7,1015.00
2025-05-24,37,15,975.00
2025-05-24,7,6,690.00
2025-05-24,38,8,680.00
2025-05-24,4,10,650.00
2025-05-24,5,7,595.00
2025-05-24,8,3,470.00
2025-05-24,6,2,230.00
2025-05-24,39,1,115.00
2025-05-23,1,1513,99125.00
2025-05-23,2,503,43235.00
2025-05-23,17,123,14345.00
2025-05-23,15,110,12825.00
2025-05-23,45,116,11925.00
2025-05-23,44,116,9400.00
2025-05-23,3,77,9080.00
2025-05-23,20,71,8265.00
2025-05-23,16,33,4925.00
2025-05-23,18,28,4130.00
2025-05-23,46,19,2590.00
2025-05-23,19,9,1305.00
2025-05-23,37,16,1040.00
2025-05-23,38,11,935.00
2025-05-23,4,11,730.00
2025-05-23,5,8,680.00
2025-05-23,6,4,460.00
2025-05-23,7,4,460.00
2025-05-23,8,1,145.00
2025-05-23,39,1,115.00
2025-05-22,1,1439,94330.00
2025-05-22,2,474,41010.00
2025-05-22,17,126,15265.00
2025-05-22,15,127,15255.00
2025-05-22,44,146,12000.00
2025-05-22,45,114,11900.00
2025-05-22,3,89,10510.00
2025-05-22,20,72,8530.00
2025-05-22,16,28,4200.00
2025-05-22,18,24,3550.00
2025-05-22,37,44,2890.00
2025-05-22,46,17,2390.00
2025-05-22,19,11,1630.00
2025-05-22,7,11,1365.00
2025-05-22,4,20,1300.00
2025-05-22,39,4,460.00
2025-05-22,5,4,340.00
2025-05-22,38,4,340.00
2025-05-22,6,2,230.00
2025-05-22,8,1,145.00
2025-05-22,36,1,25.00
2025-05-21,1,1630,107180.00
2025-05-21,2,562,48150.00
2025-05-21,17,164,19310.00
2025-05-21,15,125,14850.00
2025-05-21,45,125,12850.00
2025-05-21,44,150,12200.00
2025-05-21,3,101,11815.00
2025-05-21,20,69,8235.00
2025-05-21,16,35,5495.00
2025-05-21,18,29,4205.00
2025-05-21,46,24,3390.00
2025-05-21,19,16,2495.00
2025-05-21,37,26,1810.00
2025-05-21,4,13,875.00
2025-05-21,5,8,740.00
2025-05-21,38,7,615.00
2025-05-21,7,5,600.00
2025-05-21,8,1,145.00
2025-05-21,6,1,115.00
2025-05-21,39,1,115.00
2025-05-21,36,1,25.00
2025-05-20,1,1350,88395.00
2025-05-20,2,454,39350.00
2025-05-20,15,120,14500.00
2025-05-20,45,119,12325.00
2025-05-20,44,137,11320.00
2025-05-20,17,89,10385.00
2025-05-20,3,85,9950.00
2025-05-20,20,64,7435.00
2025-05-20,16,32,4885.00
2025-05-20,18,26,3770.00
2025-05-20,46,16,2230.00
2025-05-20,19,9,1305.00
2025-05-20,7,11,1290.00
2025-05-20,37,12,780.00
2025-05-20,5,7,675.00
2025-05-20,4,10,665.00
2025-05-20,8,3,435.00
2025-05-20,38,5,425.00
2025-05-20,6,3,370.00
2025-05-20,39,2,230.00
2025-05-19,1,1449,94665.00
2025-05-19,2,534,45890.00
2025-05-19,17,114,13485.00
2025-05-19,15,110,12875.00
2025-05-19,3,107,12455.00
2025-05-19,45,120,12250.00
2025-05-19,44,107,8740.00
2025-05-19,20,65,7550.00
2025-05-19,18,36,5255.00
2025-05-19,16,30,4525.00
2025-05-19,46,30,4230.00
2025-05-19,19,16,2390.00
2025-05-19,37,21,1410.00
2025-05-19,7,11,1340.00
2025-05-19,4,9,585.00
2025-05-19,5,6,510.00
2025-05-19,38,6,510.00
2025-05-19,8,1,145.00
2025-05-19,39,1,115.00
2025-05-19,36,1,25.00
2025-05-18,1,1238,80845.00
2025-05-18,2,504,43260.00
2025-05-18,17,148,17320.00
2025-05-18,15,118,14095.00
2025-05-18,44,142,11600.00
2025-05-18,45,104,10650.00
2025-05-18,3,86,9990.00
2025-05-18,20,70,8150.00
2025-05-18,16,35,5320.00
2025-05-18,46,24,3180.00
2025-05-18,18,20,2970.00
2025-05-18,19,9,1375.00
2025-05-18,37,20,1300.00
2025-05-18,7,11,1290.00
2025-05-18,39,6,690.00
2025-05-18,4,10,650.00
2025-05-18,38,5,465.00
2025-05-18,5,5,425.00
2025-05-18,8,2,325.00
2025-05-18,36,1,25.00
2025-05-17,1,1465,95690.00
2025-05-17,2,498,42830.00
2025-05-17,17,134,15735.00
2025-05-17,15,133,15645.00
2025-05-17,45,104,10725.00
2025-05-17,44,124,10020.00
2025-05-17,3,59,6935.00
2025-05-17,20,54,6210.00
2025-05-17,16,37,5645.00
2025-05-17,18,33,4890.00
2025-05-17,46,23,3050.00
2025-05-17,7,14,1610.00
2025-05-17,19,11,1595.00
2025-05-17,4,13,845.00
2025-05-17,38,9,785.00
2025-05-17,37,10,650.00
2025-05-17,5,5,425.00
2025-05-17,6,2,230.00
2025-05-17,8,1,180.00
2025-05-17,39,1,140.00
2025-05-17,36,1,25.00
2025-05-16,1,1422,93000.00
2025-05-16,2,489,41845.00
2025-05-16,17,140,16375.00
2025-05-16,15,119,13910.00
2025-05-16,44,135,11060.00
2025-05-16,45,97,9825.00
2025-05-16,3,78,9170.00
2025-05-16,20,52,6130.00
2025-05-16,18,31,4600.00
2025-05-16,16,26,4015.00
2025-05-16,7,14,1810.00
2025-05-16,46,12,1680.00
2025-05-16,37,19,1235.00
2025-05-16,19,7,1085.00
2025-05-16,4,11,730.00
2025-05-16,5,6,510.00
2025-05-16,6,2,230.00
2025-05-16,38,1,85.00
2025-05-15,1,1362,89535.00
2025-05-15,2,487,41655.00
2025-05-15,17,150,17525.00
2025-05-15,15,119,14235.00
2025-05-15,45,114,11750.00
2025-05-15,3,83,9695.00
2025-05-15,44,117,9620.00
2025-05-15,20,72,8355.00
2025-05-15,16,29,4625.00
2025-05-15,18,29,4275.00
2025-05-15,46,11,1460.00
2025-05-15,7,10,1225.00
2025-05-15,19,7,1015.00
2025-05-15,4,12,780.00
2025-05-15,37,12,780.00
2025-05-15,38,9,765.00
2025-05-15,5,3,255.00
2025-05-15,6,2,230.00
2025-05-15,8,1,180.00
2025-05-15,39,1,115.00
2025-05-15,36,2,50.00
2025-05-14,1,1637,107395.00
2025-05-14,2,576,49600.00
2025-05-14,17,169,19835.00
2025-05-14,15,137,16330.00
2025-05-14,45,139,14175.00
2025-05-14,44,134,10900.00
2025-05-14,20,78,9070.00
2025-05-14,3,68,7895.00
2025-05-14,16,42,6300.00
2025-05-14,18,39,5970.00
2025-05-14,46,24,3330.00
2025-05-14,37,23,1585.00
2025-05-14,19,9,1410.00
2025-05-14,7,10,1250.00
2025-05-14,38,13,1145.00
2025-05-14,4,11,715.00
2025-05-14,5,7,615.00
2025-05-14,8,2,290.00
2025-05-14,6,2,230.00
2025-05-14,39,1,115.00
2025-05-13,1,1646,107695.00
2025-05-13,2,566,48650.00
2025-05-13,17,208,24470.00
2025-05-13,15,149,17985.00
2025-05-13,3,114,13460.00
2025-05-13,45,116,11925.00
2025-05-13,44,140,11560.00
2025-05-13,20,68,8020.00
2025-05-13,16,46,6950.00
2025-05-13,18,42,6230.00
2025-05-13,19,19,2860.00
2025-05-13,46,21,2760.00
2025-05-13,4,20,1360.00
2025-05-13,37,19,1235.00
2025-05-13,7,8,970.00
2025-05-13,6,4,460.00
2025-05-13,39,3,395.00
2025-05-13,5,4,340.00
2025-05-13,8,1,145.00
2025-05-13,38,1,85.00
2025-05-12,1,1373,89875.00
2025-05-12,2,567,48855.00
2025-05-12,17,156,18340.00
2025-05-12,15,141,16990.00
2025-05-12,44,158,13260.00
2025-05-12,45,120,12600.00
2025-05-12,3,96,11615.00
2025-05-12,20,76,8890.00
2025-05-12,16,37,5680.00
2025-05-12,18,35,5110.00
2025-05-12,46,24,3330.00
2025-05-12,19,15,2210.00
2025-05-12,38,12,1040.00
2025-05-12,5,10,850.00
2025-05-12,7,6,715.00
2025-05-12,37,8,580.00
2025-05-12,8,3,435.00
2025-05-12,4,5,355.00
2025-05-12,6,1,115.00
2025-05-12,36,2,50.00
2025-05-11,1,1603,105470.00
2025-05-11,2,536,46240.00
2025-05-11,17,159,18910.00
2025-05-11,15,119,14385.00
2025-05-11,44,156,13040.00
2025-05-11,3,79,9535.00
2025-05-11,45,78,8100.00
2025-05-11,20,58,6845.00
2025-05-11,16,43,6760.00
2025-05-11,18,35,5355.00
2025-05-11,46,15,2070.00
2025-05-11,19,11,1630.00
2025-05-11,8,6,940.00
2025-05-11,7,7,855.00
2025-05-11,4,10,665.00
2025-05-11,38,7,595.00
2025-05-11,37,8,535.00
2025-05-11,5,6,510.00
2025-05-11,6,1,115.00
2025-05-11,39,1,115.00
2025-05-10,1,1473,96855.00
2025-05-10,2,450,38670.00
2025-05-10,15,151,18215.00
2025-05-10,17,130,15400.00
2025-05-10,3,120,14075.00
2025-05-10,44,156,13240.00
2025-05-10,45,119,12325.00
2025-05-10,16,42,6650.00
2025-05-10,20,55,6425.00
2025-05-10,18,32,4920.00
2025-05-10,46,23,3080.00
2025-05-10,19,8,1195.00
2025-05-10,7,8,970.00
2025-05-10,37,11,715.00
2025-05-10,38,8,700.00
2025-05-10,4,10,650.00
2025-05-10,8,2,290.00
2025-05-10,5,3,275.00
2025-05-10,39,2,230.00
2025-05-10,6,2,230.00
2025-05-09,1,1291,84980.00
2025-05-09,2,413,35305.00
2025-05-09,17,111,12940.00
2025-05-09,15,103,12145.00
2025-05-09,45,99,10175.00
2025-05-09,44,109,8920.00
2025-05-09,3,66,7740.00
2025-05-09,20,44,5135.00
2025-05-09,16,32,4710.00
2025-05-09,18,24,3550.00
2025-05-09,46,20,2660.00
2025-05-09,19,9,1340.00
2025-05-09,37,9,630.00
2025-05-09,5,7,615.00
2025-05-09,7,4,485.00
2025-05-09,4,5,325.00
2025-05-09,6,1,115.00
2025-05-09,39,1,115.00
2025-05-09,38,1,85.00
2025-05-08,1,1308,86040.00
2025-05-08,2,435,37375.00
2025-05-08,17,116,13715.00
2025-05-08,15,104,12585.00
2025-05-08,44,128,10400.00
2025-05-08,3,76,8865.00
2025-05-08,45,68,7025.00
2025-05-08,20,53,6195.00
2025-05-08,16,22,3400.00
2025-05-08,18,16,2390.00
2025-05-08,46,14,1940.00
2025-05-08,19,13,1920.00
2025-05-08,7,9,1110.00
2025-05-08,37,12,780.00
2025-05-08,8,4,615.00
2025-05-08,39,3,370.00
2025-05-08,4,4,260.00
2025-05-08,38,2,170.00
2025-05-08,6,1,115.00
2025-05-08,5,1,85.00
2025-05-08,36,1,25.00
2025-05-07,1,848,55615.00
2025-05-07,2,266,22890.00
2025-05-07,15,73,8695.00
2025-05-07,17,66,7690.00
2025-05-07,45,74,7525.00
2025-05-07,3,57,6655.00
2025-05-07,44,77,6380.00
2025-05-07,20,42,4905.00
2025-05-07,16,19,2895.00
2025-05-07,46,16,2110.00
2025-05-07,7,16,1865.00
2025-05-07,18,12,1845.00
2025-05-07,4,22,1430.00
2025-05-07,5,10,850.00
2025-05-07,19,3,470.00
2025-05-07,38,5,465.00
2025-05-07,37,7,455.00
2025-05-07,6,2,255.00
2025-05-07,8,1,180.00
2025-05-07,39,1,115.00
2025-05-07,36,1,25.00
2025-05-06,1,580,37895.00
2025-05-06,2,204,17560.00
2025-05-06,15,74,8735.00
2025-05-06,17,65,7775.00
2025-05-06,3,45,5275.00
2025-05-06,45,48,4925.00
2025-05-06,44,49,3980.00
2025-05-06,20,28,3295.00
2025-05-06,46,20,2900.00
2025-05-06,18,17,2570.00
2025-05-06,16,13,2025.00
2025-05-06,5,8,680.00
2025-05-06,7,5,575.00
2025-05-06,8,3,505.00
2025-05-06,19,3,435.00
2025-05-06,4,4,260.00
2025-05-06,37,4,260.00
2025-05-06,6,1,115.00
2025-05-06,39,1,115.00
2025-05-05,1,1052,69295.00
2025-05-05,2,348,29980.00
2025-05-05,17,127,14980.00
2025-05-05,15,107,12605.00
2025-05-05,44,101,8340.00
2025-05-05,45,60,6175.00
2025-05-05,3,50,5825.00
2025-05-05,20,47,5430.00
2025-05-05,16,26,4085.00
2025-05-05,18,19,2895.00
2025-05-05,46,13,1750.00
2025-05-05,19,7,1155.00
2025-05-05,7,10,1150.00
2025-05-05,37,12,780.00
2025-05-05,5,6,510.00
2025-05-05,39,4,460.00
2025-05-05,38,5,445.00
2025-05-05,4,6,390.00
2025-05-05,6,1,115.00
2025-05-04,1,1130,74095.00
2025-05-04,2,337,29065.00
2025-05-04,17,119,14085.00
2025-05-04,15,87,10280.00
2025-05-04,44,106,8720.00
2025-05-04,45,81,8475.00
2025-05-04,3,70,8250.00
2025-05-04,20,42,4855.00
2025-05-04,18,26,3910.00
2025-05-04,16,19,2825.00
2025-05-04,46,14,1910.00
2025-05-04,19,6,905.00
2025-05-04,7,6,715.00
2025-05-04,38,8,700.00
2025-05-04,37,8,550.00
2025-05-04,5,6,530.00
2025-05-04,6,3,345.00
2025-05-04,4,5,340.00
2025-05-04,39,2,255.00
2025-05-04,36,2,50.00
2025-05-03,1,826,54155.00
2025-05-03,2,304,26200.00
2025-05-03,17,100,11775.00
2025-05-03,15,71,8515.00
2025-05-03,3,69,8060.00
2025-05-03,44,89,7260.00
2025-05-03,45,52,5450.00
2025-05-03,18,24,3550.00
2025-05-03,20,26,3115.00
2025-05-03,16,14,2240.00
2025-05-03,46,14,1850.00
2025-05-03,19,6,905.00
2025-05-03,7,7,830.00
2025-05-03,37,10,665.00
2025-05-03,38,3,275.00
2025-05-03,4,3,195.00
2025-05-03,5,2,170.00
2025-05-03,39,1,115.00
2025-05-03,36,1,25.00
2025-05-02,1,975,64260.00
2025-05-02,2,343,29495.00
2025-05-02,17,101,11665.00
2025-05-02,15,92,11005.00
2025-05-02,3,68,7970.00
2025-05-02,45,75,7575.00
2025-05-02,44,83,6840.00
2025-05-02,20,42,4905.00
2025-05-02,16,23,3545.00
2025-05-02,18,17,2570.00
2025-05-02,46,12,1650.00
2025-05-02,7,13,1495.00
2025-05-02,19,6,940.00
2025-05-02,4,9,585.00
2025-05-02,37,8,535.00
2025-05-02,5,3,255.00
2025-05-02,38,3,255.00
2025-05-02,6,2,230.00
2025-05-02,36,4,100.00
2025-05-01,1,1015,66500.00
2025-05-01,2,340,29560.00
2025-05-01,17,129,15235.00
2025-05-01,15,118,14170.00
2025-05-01,3,82,9655.00
2025-05-01,45,91,9625.00
2025-05-01,44,87,7100.00
2025-05-01,20,53,6220.00
2025-05-01,18,27,4055.00
2025-05-01,46,19,2620.00
2025-05-01,16,13,2025.00
2025-05-01,7,13,1670.00
2025-05-01,37,16,1085.00
2025-05-01,4,9,585.00
2025-05-01,5,6,550.00
2025-05-01,19,3,470.00
2025-05-01,38,4,340.00
2025-05-01,8,2,325.00
2025-05-01,39,2,280.00
2025-04-30,1,1283,84370.00
2025-04-30,2,414,35490.00
2025-04-30,15,108,12670.00
2025-04-30,17,104,12060.00
2025-04-30,3,72,8430.00
2025-04-30,45,83,8425.00
2025-04-30,44,89,7220.00
2025-04-30,18,35,5215.00
2025-04-30,20,41,4790.00
2025-04-30,16,29,4275.00
2025-04-30,46,11,1490.00
2025-04-30,19,9,1305.00
2025-04-30,37,19,1250.00
2025-04-30,7,10,1200.00
2025-04-30,8,4,615.00
2025-04-30,4,9,585.00
2025-04-30,39,4,460.00
2025-04-30,38,4,340.00
2025-04-30,5,4,340.00
2025-04-30,6,1,115.00
2025-04-30,36,1,25.00
2025-04-29,1,840,54855.00
2025-04-29,2,285,24625.00
2025-04-29,15,102,12105.00
2025-04-29,17,100,11675.00
2025-04-29,44,95,7980.00
2025-04-29,45,61,6250.00
2025-04-29,3,45,5300.00
2025-04-29,20,41,4790.00
2025-04-29,16,21,3220.00
2025-04-29,18,20,3075.00
2025-04-29,46,14,1910.00
2025-04-29,5,11,935.00
2025-04-29,37,12,825.00
2025-04-29,7,6,740.00
2025-04-29,4,7,470.00
2025-04-29,6,3,345.00
2025-04-29,38,4,340.00
2025-04-29,19,2,290.00
2025-04-29,39,1,115.00
2025-04-28,1,1049,68695.00
2025-04-28,2,315,27115.00
2025-04-28,17,85,9975.00
2025-04-28,15,82,9680.00
2025-04-28,3,78,9120.00
2025-04-28,44,85,6980.00
2025-04-28,45,65,6775.00
2025-04-28,20,46,5440.00
2025-04-28,16,23,3475.00
2025-04-28,18,17,2605.00
2025-04-28,46,14,2000.00
2025-04-28,37,26,1765.00
2025-04-28,4,11,715.00
2025-04-28,38,6,530.00
2025-04-28,7,4,460.00
2025-04-28,19,3,435.00
2025-04-28,5,5,425.00
2025-04-28,39,1,140.00
2025-04-27,1,1043,68170.00
2025-04-27,2,376,32200.00
2025-04-27,15,136,15940.00
2025-04-27,17,101,11715.00
2025-04-27,3,72,8480.00
2025-04-27,44,92,7540.00
2025-04-27,45,67,6725.00
2025-04-27,20,47,5505.00
2025-04-27,16,31,4705.00
2025-04-27,18,22,3470.00
2025-04-27,46,14,1970.00
2025-04-27,7,12,1455.00
2025-04-27,19,5,830.00
2025-04-27,4,12,780.00
2025-04-27,37,8,520.00
2025-04-27,8,3,470.00
2025-04-27,5,5,425.00
2025-04-27,38,4,340.00
2025-04-27,6,2,230.00
2025-04-27,39,1,115.00
2025-04-27,36,2,50.00
2025-04-26,1,1252,82640.00
2025-04-26,2,545,47165.00
2025-04-26,15,168,20195.00
2025-04-26,17,160,18700.00
2025-04-26,3,111,13140.00
2025-04-26,45,104,10925.00
2025-04-26,20,90,10800.00
2025-04-26,44,122,10180.00
2025-04-26,16,51,7850.00
2025-04-26,18,37,5750.00
2025-04-26,46,20,2660.00
2025-04-26,37,35,2485.00
2025-04-26,7,9,1060.00
2025-04-26,4,15,1005.00
2025-04-26,6,7,855.00
2025-04-26,19,5,760.00
2025-04-26,5,5,425.00
2025-04-26,38,1,85.00
2025-04-25,1,1108,72485.00
2025-04-25,2,358,30590.00
2025-04-25,15,110,13225.00
2025-04-25,17,99,11735.00
2025-04-25,3,77,8955.00
2025-04-25,45,72,7450.00
2025-04-25,20,63,7395.00
2025-04-25,44,81,6680.00
2025-04-25,18,25,3800.00
2025-04-25,16,18,2645.00
2025-04-25,37,24,1590.00
2025-04-25,46,12,1590.00
2025-04-25,38,8,700.00
2025-04-25,4,10,650.00
2025-04-25,5,6,510.00
2025-04-25,19,3,470.00
2025-04-25,6,3,345.00
2025-04-25,39,1,140.00
2025-04-25,7,1,115.00
2025-04-25,36,3,75.00
2025-04-24,1,1191,78690.00
2025-04-24,2,496,43280.00
2025-04-24,15,136,16840.00
2025-04-24,17,128,15170.00
2025-04-24,3,81,9640.00
2025-04-24,44,107,8800.00
2025-04-24,20,65,7800.00
2025-04-24,45,75,7750.00
2025-04-24,16,34,5035.00
2025-04-24,18,20,3005.00
2025-04-24,46,12,1710.00
2025-04-24,19,7,1120.00
2025-04-24,37,15,990.00
2025-04-24,7,6,765.00
2025-04-24,4,10,650.00
2025-04-24,5,6,530.00
2025-04-24,39,3,395.00
2025-04-24,8,2,325.00
2025-04-24,38,1,85.00
2025-04-23,1,1293,84735.00
2025-04-23,2,449,39145.00
2025-04-23,15,147,17530.00
2025-04-23,17,125,14675.00
2025-04-23,45,93,9825.00
2025-04-23,3,77,9105.00
2025-04-23,44,95,7860.00
2025-04-23,20,66,7840.00
2025-04-23,16,27,4055.00
2025-04-23,18,27,3985.00
2025-04-23,19,12,1880.00
2025-04-23,7,13,1695.00
2025-04-23,37,21,1395.00
2025-04-23,5,13,1145.00
2025-04-23,46,7,1000.00
2025-04-23,4,10,680.00
2025-04-23,38,7,615.00
2025-04-23,6,4,510.00
2025-04-23,8,1,180.00
2025-04-23,39,1,115.00
2025-04-23,36,2,50.00
2025-04-22,1,1205,79405.00
2025-04-22,2,441,38045.00
2025-04-22,17,131,15415.00
2025-04-22,15,103,12195.00
2025-04-22,3,75,8725.00
2025-04-22,45,79,8000.00
2025-04-22,44,64,5280.00
2025-04-22,18,32,4780.00
2025-04-22,20,30,3550.00
2025-04-22,16,23,3510.00
2025-04-22,46,11,1520.00
2025-04-22,4,15,975.00
2025-04-22,7,6,740.00
2025-04-22,19,5,725.00
2025-04-22,37,9,585.00
2025-04-22,38,4,380.00
2025-04-22,39,3,370.00
2025-04-22,8,2,290.00
2025-04-22,5,3,255.00
2025-04-22,6,1,115.00
2025-04-22,36,1,25.00
2025-04-21,1,1086,71100.00
2025-04-21,2,391,33655.00
2025-04-21,15,124,14910.00
2025-04-21,17,99,11610.00
2025-04-21,45,89,9125.00
2025-04-21,44,106,8820.00
2025-04-21,3,69,8060.00
2025-04-21,20,36,4215.00
2025-04-21,16,25,3695.00
2025-04-21,18,21,3150.00
2025-04-21,46,12,1650.00
2025-04-21,19,6,870.00
2025-04-21,7,6,690.00
2025-04-21,37,9,585.00
2025-04-21,4,5,325.00
2025-04-21,8,2,290.00
2025-04-21,39,2,230.00
2025-04-21,38,2,170.00
2025-04-21,5,2,170.00
2025-04-21,6,1,115.00
2025-04-20,1,1021,67205.00
2025-04-20,2,337,28865.00
2025-04-20,17,110,12950.00
2025-04-20,15,106,12715.00
2025-04-20,3,79,9360.00
2025-04-20,44,83,6900.00
2025-04-20,45,46,4750.00
2025-04-20,20,37,4380.00
2025-04-20,16,26,4050.00
2025-04-20,18,24,3620.00
2025-04-20,19,11,1700.00
2025-04-20,46,11,1610.00
2025-04-20,37,23,1510.00
2025-04-20,4,14,925.00
2025-04-20,7,7,905.00
2025-04-20,38,4,360.00
2025-04-20,5,4,340.00
2025-04-20,6,2,230.00
2025-04-20,39,2,230.00
2025-04-19,1,813,53160.00
2025-04-19,2,296,25380.00
2025-04-19,17,94,11160.00
2025-04-19,15,92,11005.00
2025-04-19,45,61,6300.00
2025-04-19,3,51,6015.00
2025-04-19,44,63,5100.00
2025-04-19,20,37,4355.00
2025-04-19,16,22,3295.00
2025-04-19,18,18,2680.00
2025-04-19,46,8,1130.00
2025-04-19,4,9,600.00
2025-04-19,37,8,520.00
2025-04-19,5,5,425.00
2025-04-19,8,2,290.00
2025-04-19,7,2,255.00
2025-04-19,6,2,230.00
2025-04-19,19,1,145.00
2025-04-19,38,1,85.00
2025-04-19,36,1,25.00
2025-04-16,1,1471,96695.00
2025-04-16,2,518,44450.00
2025-04-16,17,161,19065.00
2025-04-16,15,137,16080.00
2025-04-16,20,94,10935.00
2025-04-16,3,88,10370.00
2025-04-16,45,100,10225.00
2025-04-16,44,108,9000.00
2025-04-16,16,38,5755.00
2025-04-16,18,29,4380.00
2025-04-16,46,20,2810.00
2025-04-16,19,14,2135.00
2025-04-16,37,13,845.00
2025-04-16,4,12,780.00
2025-04-16,7,6,765.00
2025-04-16,5,8,680.00
2025-04-16,8,4,650.00
2025-04-16,6,4,460.00
2025-04-16,38,4,340.00
2025-04-16,39,2,230.00
2025-04-16,36,2,50.00
2025-04-15,1,1464,96150.00
2025-04-15,2,461,39565.00
2025-04-15,17,148,17520.00
2025-04-15,15,122,14680.00
2025-04-15,45,111,11500.00
2025-04-15,20,87,10105.00
2025-04-15,3,74,8635.00
2025-04-15,44,98,8020.00
2025-04-15,16,33,5030.00
2025-04-15,18,26,3840.00
2025-04-15,46,20,2810.00
2025-04-15,19,15,2175.00
2025-04-15,5,10,890.00
2025-04-15,37,12,780.00
2025-04-15,4,8,535.00
2025-04-15,8,3,470.00
2025-04-15,7,3,345.00
2025-04-15,38,4,340.00
2025-04-14,1,1255,82280.00
2025-04-14,2,469,40185.00
2025-04-14,15,149,18010.00
2025-04-14,17,137,16005.00
2025-04-14,44,139,11440.00
2025-04-14,45,100,10175.00
2025-04-14,3,75,8725.00
2025-04-14,20,58,6770.00
2025-04-14,18,42,6230.00
2025-04-14,16,35,5355.00
2025-04-14,19,17,2500.00
2025-04-14,46,15,2010.00
2025-04-14,37,18,1185.00
2025-04-14,4,16,1085.00
2025-04-14,7,9,1035.00
2025-04-14,39,4,460.00
2025-04-14,38,5,425.00
2025-04-14,6,3,345.00
2025-04-14,5,1,105.00
2025-04-13,1,1545,101325.00
2025-04-13,2,502,43370.00
2025-04-13,17,150,17725.00
2025-04-13,15,129,15610.00
2025-04-13,3,118,13920.00
2025-04-13,44,150,12400.00
2025-04-13,45,88,9150.00
2025-04-13,20,72,8405.00
2025-04-13,16,41,6190.00
2025-04-13,18,22,3260.00
2025-04-13,46,23,3080.00
2025-04-13,7,15,1850.00
2025-04-13,19,11,1595.00
2025-04-13,37,21,1455.00
2025-04-13,4,13,875.00
2025-04-13,5,10,870.00
2025-04-13,6,4,460.00
2025-04-13,8,2,290.00
2025-04-13,38,3,255.00
2025-04-12,1,1033,67460.00
2025-04-12,2,324,27740.00
2025-04-12,17,116,13490.00
2025-04-12,15,110,13075.00
2025-04-12,3,62,7355.00
2025-04-12,45,70,7225.00
2025-04-12,44,79,6360.00
2025-04-12,20,52,6030.00
2025-04-12,16,35,5355.00
2025-04-12,46,19,2560.00
2025-04-12,18,16,2320.00
2025-04-12,19,9,1375.00
2025-04-12,37,13,860.00
2025-04-12,39,5,575.00
2025-04-12,7,5,575.00
2025-04-12,4,8,520.00
2025-04-12,38,3,255.00
2025-04-12,5,2,170.00
2025-04-12,8,1,145.00
2025-04-12,6,1,115.00
2025-04-11,1,1085,70765.00
2025-04-11,2,313,26945.00
2025-04-11,17,107,12480.00
2025-04-11,15,101,11890.00
2025-04-11,44,101,8400.00
2025-04-11,45,79,8000.00
2025-04-11,3,66,7690.00
2025-04-11,20,53,6145.00
2025-04-11,18,34,5140.00
2025-04-11,16,27,4020.00
2025-04-11,46,8,1040.00
2025-04-11,4,14,940.00
2025-04-11,19,5,725.00
2025-04-11,38,7,595.00
2025-04-11,37,8,535.00
2025-04-11,5,6,510.00
2025-04-11,7,3,370.00
2025-04-11,39,3,345.00
2025-04-11,8,1,145.00
2025-04-11,6,1,115.00
2025-04-11,36,1,25.00
2025-04-10,1,773,50515.00
2025-04-10,2,269,23065.00
2025-04-10,15,95,11425.00
2025-04-10,17,94,11035.00
2025-04-10,45,77,7925.00
2025-04-10,44,82,6680.00
2025-04-10,3,52,6230.00
2025-04-10,20,39,4585.00
2025-04-10,16,27,3950.00
2025-04-10,18,17,2500.00
2025-04-10,46,15,2010.00
2025-04-10,7,7,880.00
2025-04-10,4,9,585.00
2025-04-10,38,6,510.00
2025-04-10,19,3,435.00
2025-04-10,37,6,390.00
2025-04-10,39,3,370.00
2025-04-10,8,1,180.00
2025-04-10,5,1,85.00
2025-04-10,36,1,25.00
2025-04-09,1,1716,113640.00
2025-04-09,2,617,53545.00
2025-04-09,17,210,25125.00
2025-04-09,15,168,20620.00
2025-04-09,45,132,13800.00
2025-04-09,3,110,12950.00
2025-04-09,44,151,12760.00
2025-04-09,20,82,9655.00
2025-04-09,18,52,7855.00
2025-04-09,16,41,6295.00
2025-04-09,46,14,1970.00
2025-04-09,37,25,1640.00
2025-04-09,19,9,1445.00
2025-04-09,7,9,1110.00
2025-04-09,39,4,510.00
2025-04-09,5,4,360.00
2025-04-09,4,5,340.00
2025-04-09,38,1,85.00
2025-04-08,1,931,60980.00
2025-04-08,2,225,19405.00
2025-04-08,17,98,11395.00
2025-04-08,15,85,9975.00
2025-04-08,3,65,7725.00
2025-04-08,44,80,6720.00
2025-04-08,45,61,6150.00
2025-04-08,20,39,4585.00
2025-04-08,46,12,1680.00
2025-04-08,18,9,1375.00
2025-04-08,16,8,1265.00
2025-04-08,19,8,1160.00
2025-04-08,4,13,845.00
2025-04-08,7,7,830.00
2025-04-08,37,11,745.00
2025-04-08,8,3,435.00
2025-04-08,38,5,425.00
2025-04-08,39,3,345.00
2025-04-08,5,2,170.00
2025-04-08,6,1,115.00
2025-04-07,1,1084,71240.00
2025-04-07,2,370,31650.00
2025-04-07,17,124,14460.00
2025-04-07,15,93,10820.00
2025-04-07,45,79,8150.00
2025-04-07,44,85,6960.00
2025-04-07,3,58,6745.00
2025-04-07,20,54,6310.00
2025-04-07,16,27,4020.00
2025-04-07,18,22,3330.00
2025-04-07,46,17,2300.00
2025-04-07,19,10,1450.00
2025-04-07,7,8,945.00
2025-04-07,37,14,925.00
2025-04-07,38,5,425.00
2025-04-07,8,2,290.00
2025-04-07,4,4,260.00
2025-04-07,39,2,230.00
2025-04-07,5,2,170.00
2025-04-06,1,1338,87645.00
2025-04-06,2,409,35345.00
2025-04-06,17,158,18645.00
2025-04-06,15,115,13675.00
2025-04-06,3,90,10625.00
2025-04-06,44,117,9800.00
2025-04-06,45,86,8775.00
2025-04-06,20,50,5875.00
2025-04-06,18,29,4275.00
2025-04-06,16,27,4230.00
2025-04-06,46,18,2460.00
2025-04-06,19,12,1845.00
2025-04-06,7,8,970.00
2025-04-06,4,12,780.00
2025-04-06,37,10,650.00
2025-04-06,5,7,595.00
2025-04-06,39,4,485.00
2025-04-06,38,2,170.00
2025-04-05,1,1364,89440.00
2025-04-05,2,483,41675.00
2025-04-05,15,141,16915.00
2025-04-05,17,119,14110.00
2025-04-05,3,100,11775.00
2025-04-05,44,131,10920.00
2025-04-05,45,98,9975.00
2025-04-05,20,61,7215.00
2025-04-05,18,29,4345.00
2025-04-05,16,25,3905.00
2025-04-05,46,22,2920.00
2025-04-05,19,18,2785.00
2025-04-05,7,10,1250.00
2025-04-05,4,16,1070.00
2025-04-05,5,9,785.00
2025-04-05,37,10,650.00
2025-04-05,38,7,635.00
2025-04-05,39,2,230.00
2025-04-05,8,1,145.00
2025-04-05,6,1,115.00
2025-04-04,1,828,54360.00
2025-04-04,2,270,23390.00
2025-04-04,17,126,14765.00
2025-04-04,15,97,11455.00
2025-04-04,3,58,6845.00
2025-04-04,45,59,5950.00
2025-04-04,44,52,4240.00
2025-04-04,20,33,3845.00
2025-04-04,18,17,2570.00
2025-04-04,16,17,2500.00
2025-04-04,46,11,1550.00
2025-04-04,19,8,1230.00
2025-04-04,37,13,845.00
2025-04-04,38,8,700.00
2025-04-04,4,10,650.00
2025-04-04,7,3,345.00
2025-04-04,8,2,325.00
2025-04-04,6,2,280.00
2025-04-04,5,2,170.00
2025-04-04,39,1,140.00
2025-04-03,1,991,64790.00
2025-04-03,2,299,25655.00
2025-04-03,17,109,12710.00
2025-04-03,15,95,11500.00
2025-04-03,44,112,9140.00
2025-04-03,3,68,8045.00
2025-04-03,45,74,7600.00
2025-04-03,20,47,5405.00
2025-04-03,18,18,2645.00
2025-04-03,46,13,1720.00
2025-04-03,16,11,1630.00
2025-04-03,7,12,1455.00
2025-04-03,19,9,1340.00
2025-04-03,37,12,795.00
2025-04-03,4,11,745.00
2025-04-03,5,3,255.00
2025-04-03,38,2,170.00
2025-04-03,39,1,115.00
2025-04-03,6,1,115.00
2025-04-02,1,852,55905.00
2025-04-02,2,292,25180.00
2025-04-02,15,93,11145.00
2025-04-02,17,71,8265.00
2025-04-02,44,84,6920.00
2025-04-02,3,51,6190.00
2025-04-02,45,59,6050.00
2025-04-02,20,35,4225.00
2025-04-02,16,22,3400.00
2025-04-02,18,13,1920.00
2025-04-02,46,13,1750.00
2025-04-02,37,15,990.00
2025-04-02,7,6,740.00
2025-04-02,19,5,725.00
2025-04-02,38,7,595.00
2025-04-02,5,3,255.00
2025-04-02,4,3,195.00
2025-04-02,39,1,115.00
2025-04-02,6,1,115.00
2025-04-01,1,904,59420.00
2025-04-01,2,301,25865.00
2025-04-01,17,121,14140.00
2025-04-01,15,92,10830.00
2025-04-01,44,89,7260.00
2025-04-01,45,63,6525.00
2025-04-01,3,52,6280.00
2025-04-01,20,39,4635.00
2025-04-01,18,22,3225.00
2025-04-01,16,12,1845.00
2025-04-01,46,11,1460.00
2025-04-01,19,8,1230.00
2025-04-01,37,14,940.00
2025-04-01,38,10,870.00
2025-04-01,5,10,870.00
2025-04-01,4,12,780.00
2025-04-01,7,2,255.00
2025-04-01,8,1,145.00
2025-04-01,39,1,140.00
2025-04-01,6,1,115.00
2025-03-31,1,1112,73210.00
2025-03-31,2,348,30000.00
2025-03-31,17,105,12400.00
2025-03-31,15,84,10160.00
2025-03-31,45,94,9600.00
2025-03-31,3,58,6870.00
2025-03-31,44,80,6540.00
2025-03-31,18,31,4565.00
2025-03-31,20,35,4125.00
2025-03-31,16,19,2965.00
2025-03-31,46,21,2880.00
2025-03-31,19,10,1590.00
2025-03-31,37,12,795.00
2025-03-31,7,6,715.00
2025-03-31,4,8,535.00
2025-03-31,5,6,510.00
2025-03-31,38,4,380.00
2025-03-31,6,2,255.00
2025-03-31,8,1,145.00
2025-03-30,1,837,54825.00
2025-03-30,2,264,22820.00
2025-03-30,15,98,11995.00
2025-03-30,17,68,8045.00
2025-03-30,44,83,6780.00
2025-03-30,45,58,5950.00
2025-03-30,3,51,5890.00
2025-03-30,20,43,5045.00
2025-03-30,16,28,4270.00
2025-03-30,18,14,2135.00
2025-03-30,46,15,2070.00
2025-03-30,7,9,1060.00
2025-03-30,37,14,970.00
2025-03-30,19,3,470.00
2025-03-30,5,5,425.00
2025-03-30,39,3,345.00
2025-03-30,6,3,345.00
2025-03-30,8,2,290.00
2025-03-30,4,3,195.00
2025-03-30,38,2,170.00
2025-03-29,1,844,55475.00
2025-03-29,2,256,22020.00
2025-03-29,15,88,10445.00
2025-03-29,17,79,9160.00
2025-03-29,44,91,7700.00
2025-03-29,3,63,7470.00
2025-03-29,45,49,5075.00
2025-03-29,16,21,3255.00
2025-03-29,20,24,2785.00
2025-03-29,18,17,2500.00
2025-03-29,46,14,1970.00
2025-03-29,19,13,1955.00
2025-03-29,7,9,1085.00
2025-03-29,4,11,730.00
2025-03-29,38,6,530.00
2025-03-29,37,4,260.00
2025-03-29,5,3,255.00
2025-03-29,8,1,145.00
2025-03-29,39,1,140.00
2025-03-28,1,934,61340.00
2025-03-28,2,313,27025.00
2025-03-28,15,106,12590.00
2025-03-28,17,107,12555.00
2025-03-28,3,70,8325.00
2025-03-28,45,79,8000.00
2025-03-28,44,60,4980.00
2025-03-28,20,30,3550.00
2025-03-28,16,23,3545.00
2025-03-28,18,16,2320.00
2025-03-28,46,14,1940.00
2025-03-28,19,9,1445.00
2025-03-28,7,8,945.00
2025-03-28,37,12,825.00
2025-03-28,38,4,360.00
2025-03-28,4,5,325.00
2025-03-28,5,3,255.00
2025-03-28,39,2,230.00
2025-03-27,1,928,60800.00
2025-03-27,2,322,27650.00
2025-03-27,17,112,13405.00
2025-03-27,15,108,12845.00
2025-03-27,45,71,7350.00
2025-03-27,44,71,5860.00
2025-03-27,3,41,4790.00
2025-03-27,20,37,4355.00
2025-03-27,18,24,3515.00
2025-03-27,16,23,3335.00
2025-03-27,46,10,1360.00
2025-03-27,19,7,1155.00
2025-03-27,37,15,1035.00
2025-03-27,38,11,935.00
2025-03-27,7,7,905.00
2025-03-27,4,7,455.00
2025-03-27,39,3,345.00
2025-03-27,5,3,275.00
2025-03-27,6,1,115.00
2025-03-26,1,659,43345.00
2025-03-26,2,173,14885.00
2025-03-26,15,68,8195.00
2025-03-26,17,65,7675.00
2025-03-26,45,49,4975.00
2025-03-26,3,41,4865.00
2025-03-26,44,53,4300.00
2025-03-26,20,28,3395.00
2025-03-26,18,16,2320.00
2025-03-26,16,12,1810.00
2025-03-26,46,11,1490.00
2025-03-26,7,10,1200.00
2025-03-26,37,11,760.00
2025-03-26,38,7,615.00
2025-03-26,4,9,585.00
2025-03-26,39,3,345.00
2025-03-26,5,3,255.00
2025-03-26,8,1,180.00
2025-03-26,6,1,115.00
2025-03-25,1,871,57170.00
2025-03-25,2,324,27940.00
2025-03-25,15,87,10480.00
2025-03-25,17,85,9950.00
2025-03-25,45,66,6825.00
2025-03-25,3,53,6220.00
2025-03-25,44,65,5400.00
2025-03-25,20,39,4560.00
2025-03-25,16,20,2935.00
2025-03-25,18,19,2790.00
2025-03-25,46,8,1130.00
2025-03-25,37,15,1035.00
2025-03-25,7,8,1020.00
2025-03-25,19,5,760.00
2025-03-25,38,5,425.00
2025-03-25,4,6,390.00
2025-03-25,5,4,360.00
2025-03-25,8,2,290.00
2025-03-24,1,829,54350.00
2025-03-24,2,273,23605.00
2025-03-24,17,122,14430.00
2025-03-24,15,106,12865.00
2025-03-24,45,70,7275.00
2025-03-24,44,77,6300.00
2025-03-24,20,33,3795.00
2025-03-24,16,23,3545.00
2025-03-24,3,30,3500.00
2025-03-24,18,22,3295.00
2025-03-24,46,9,1200.00
2025-03-24,19,7,1050.00
2025-03-24,7,9,1035.00
2025-03-24,38,8,680.00
2025-03-24,5,8,680.00
2025-03-24,37,10,650.00
2025-03-24,4,9,585.00
2025-03-24,8,2,325.00
2025-03-24,39,2,230.00
2025-03-24,6,2,230.00
2025-03-23,1,727,47570.00
2025-03-23,2,231,19715.00
2025-03-23,15,61,7140.00
2025-03-23,17,50,5850.00
2025-03-23,45,51,5150.00
2025-03-23,44,59,4720.00
2025-03-23,3,38,4595.00
2025-03-23,20,33,3895.00
2025-03-23,16,17,2500.00
2025-03-23,18,16,2320.00
2025-03-23,46,15,1980.00
2025-03-23,19,6,870.00
2025-03-23,37,10,680.00
2025-03-23,4,7,455.00
2025-03-23,7,3,345.00
2025-03-23,39,2,230.00
2025-03-23,5,2,170.00
2025-03-23,38,1,85.00
2025-03-22,1,896,58690.00
2025-03-22,2,286,24590.00
2025-03-22,15,107,12755.00
2025-03-22,17,77,9155.00
2025-03-22,44,108,8940.00
2025-03-22,3,71,8415.00
2025-03-22,45,52,5400.00
2025-03-22,20,35,4100.00
2025-03-22,16,23,3510.00
2025-03-22,18,19,2860.00
2025-03-22,46,19,2590.00
2025-03-22,19,7,1050.00
2025-03-22,37,12,810.00
2025-03-22,4,10,650.00
2025-03-22,8,3,470.00
2025-03-22,5,3,255.00
2025-03-22,7,2,230.00
2025-03-22,38,1,85.00
2025-03-21,1,602,39625.00
2025-03-21,2,169,14545.00
2025-03-21,17,69,8060.00
2025-03-21,15,55,6550.00
2025-03-21,45,53,5425.00
2025-03-21,44,58,4760.00
2025-03-21,3,29,3360.00
2025-03-21,20,26,3090.00
2025-03-21,18,21,3080.00
2025-03-21,16,16,2320.00
2025-03-21,46,13,1780.00
2025-03-21,7,9,1085.00
2025-03-21,37,15,975.00
2025-03-21,4,7,455.00
2025-03-21,5,5,425.00
2025-03-21,19,2,290.00
2025-03-21,38,2,170.00
2025-03-21,6,1,115.00
2025-03-20,1,274,18035.00
2025-03-20,2,113,9665.00
2025-03-20,15,45,5475.00
2025-03-20,17,37,4455.00
2025-03-20,44,37,3080.00
2025-03-20,3,25,2975.00
2025-03-20,20,24,2810.00
2025-03-20,45,25,2600.00
2025-03-20,16,9,1375.00
2025-03-20,7,7,880.00
2025-03-20,18,6,870.00
2025-03-20,37,8,520.00
2025-03-20,46,4,520.00
2025-03-20,8,2,325.00
2025-03-20,38,3,275.00
2025-03-20,4,3,195.00
2025-03-20,5,2,190.00
2025-03-20,19,1,145.00
2025-03-20,6,1,140.00
2025-03-19,1,477,31185.00
2025-03-19,2,186,16110.00
2025-03-19,15,58,6870.00
2025-03-19,17,56,6515.00
2025-03-19,3,31,3665.00
2025-03-19,45,34,3475.00
2025-03-19,44,35,2860.00
2025-03-19,20,18,2120.00
2025-03-19,18,11,1665.00
2025-03-19,16,10,1590.00
2025-03-19,46,10,1450.00
2025-03-19,7,10,1300.00
2025-03-19,5,10,850.00
2025-03-19,37,9,600.00
2025-03-19,38,5,425.00
2025-03-19,19,2,290.00
2025-03-19,4,1,65.00
2025-03-18,1,729,48105.00
2025-03-18,2,247,21275.00
2025-03-18,15,87,10280.00
2025-03-18,17,47,5430.00
2025-03-18,45,43,4375.00
2025-03-18,3,34,4110.00
2025-03-18,44,50,4060.00
2025-03-18,16,19,3000.00
2025-03-18,18,19,2825.00
2025-03-18,20,19,2210.00
2025-03-18,46,10,1420.00
2025-03-18,19,6,870.00
2025-03-18,38,9,785.00
2025-03-18,8,4,580.00
2025-03-18,7,4,535.00
2025-03-18,39,3,370.00
2025-03-18,6,3,345.00
2025-03-18,4,5,325.00
2025-03-18,37,2,130.00
2025-03-18,5,1,85.00
2025-03-17,1,1023,66960.00
2025-03-17,2,338,29350.00
2025-03-17,15,113,13495.00
2025-03-17,17,112,13480.00
2025-03-17,44,101,8440.00
2025-03-17,45,67,7000.00
2025-03-17,3,50,5975.00
2025-03-17,20,47,5505.00
2025-03-17,16,27,4125.00
2025-03-17,18,20,2970.00
2025-03-17,46,10,1450.00
2025-03-17,37,17,1120.00
2025-03-17,19,4,580.00
2025-03-17,4,8,520.00
2025-03-17,5,6,510.00
2025-03-17,38,5,425.00
2025-03-17,39,3,395.00
2025-03-17,6,3,370.00
2025-03-17,7,2,230.00
2025-03-16,1,1601,105655.00
2025-03-16,2,626,54030.00
2025-03-16,17,203,24170.00
2025-03-16,15,172,20680.00
2025-03-16,44,163,13600.00
2025-03-16,20,109,12860.00
2025-03-16,45,121,12300.00
2025-03-16,3,102,11955.00
2025-03-16,18,43,6445.00
2025-03-16,16,32,5025.00
2025-03-16,46,25,3430.00
2025-03-16,7,8,970.00
2025-03-16,4,13,845.00
2025-03-16,37,12,795.00
2025-03-16,5,7,595.00
2025-03-16,19,4,580.00
2025-03-16,38,6,550.00
2025-03-16,6,2,230.00
2025-03-16,8,1,145.00
2025-03-16,39,1,115.00
2025-03-15,1,1132,74090.00
2025-03-15,2,403,34615.00
2025-03-15,17,132,15755.00
2025-03-15,15,112,13105.00
2025-03-15,44,95,7860.00
2025-03-15,20,58,6745.00
2025-03-15,45,65,6625.00
2025-03-15,3,50,5825.00
2025-03-15,18,33,5100.00
2025-03-15,16,26,3980.00
2025-03-15,46,14,1850.00
2025-03-15,19,11,1665.00
2025-03-15,7,11,1290.00
2025-03-15,38,9,765.00
2025-03-15,37,11,715.00
2025-03-15,4,9,585.00
2025-03-15,39,2,230.00
2025-03-15,5,2,190.00
2025-03-15,6,1,115.00
2025-03-14,1,1165,76460.00
2025-03-14,2,320,27600.00
2025-03-14,17,126,14690.00
2025-03-14,15,96,11365.00
2025-03-14,44,119,9660.00
2025-03-14,3,83,9595.00
2025-03-14,45,87,8875.00
2025-03-14,20,57,6705.00
2025-03-14,16,26,3910.00
2025-03-14,18,17,2535.00
2025-03-14,46,19,2500.00
2025-03-14,38,17,1505.00
2025-03-14,37,18,1200.00
2025-03-14,4,17,1120.00
2025-03-14,19,4,580.00
2025-03-14,7,4,485.00
2025-03-14,39,3,370.00
2025-03-14,5,3,255.00
2025-03-14,6,2,230.00
2025-03-14,8,1,145.00
2025-03-13,1,896,58660.00
2025-03-13,2,332,28460.00
2025-03-13,17,115,13575.00
2025-03-13,15,77,9255.00
2025-03-13,3,52,6080.00
2025-03-13,18,40,5940.00
2025-03-13,45,51,5400.00
2025-03-13,44,59,4860.00
2025-03-13,20,33,3920.00
2025-03-13,16,17,2605.00
2025-03-13,46,12,1710.00
2025-03-13,38,15,1275.00
2025-03-13,19,8,1160.00
2025-03-13,37,14,925.00
2025-03-13,7,7,830.00
2025-03-13,4,9,585.00
2025-03-13,5,5,445.00
2025-03-13,39,3,345.00
2025-03-13,8,1,180.00
2025-03-12,1,648,42465.00
2025-03-12,2,211,18135.00
2025-03-12,15,68,8295.00
2025-03-12,17,63,7470.00
2025-03-12,44,60,5020.00
2025-03-12,45,44,4500.00
2025-03-12,20,34,4010.00
2025-03-12,3,27,3305.00
2025-03-12,18,20,3180.00
2025-03-12,46,14,1970.00
2025-03-12,16,10,1520.00
2025-03-12,4,9,585.00
2025-03-12,19,4,580.00
2025-03-12,5,5,465.00
2025-03-12,37,6,390.00
2025-03-12,7,3,370.00
2025-03-12,38,3,255.00
2025-03-12,39,2,230.00
2025-03-12,6,1,140.00
2025-03-11,1,804,52590.00
2025-03-11,2,256,22320.00
2025-03-11,15,75,9000.00
2025-03-11,45,84,8725.00
2025-03-11,17,71,8465.00
2025-03-11,44,95,8040.00
2025-03-11,20,34,4010.00
2025-03-11,3,33,3870.00
2025-03-11,16,19,2790.00
2025-03-11,18,14,2240.00
2025-03-11,46,10,1390.00
2025-03-11,37,14,910.00
2025-03-11,7,6,690.00
2025-03-11,19,4,580.00
2025-03-11,5,6,510.00
2025-03-11,4,6,390.00
2025-03-11,38,2,170.00
2025-03-10,1,893,58885.00
2025-03-10,2,283,24435.00
2025-03-10,17,114,13560.00
2025-03-10,15,96,11390.00
2025-03-10,45,94,9775.00
2025-03-10,44,89,7360.00
2025-03-10,3,56,6490.00
2025-03-10,16,30,4525.00
2025-03-10,20,29,3460.00
2025-03-10,18,19,2860.00
2025-03-10,46,20,2840.00
2025-03-10,37,21,1395.00
2025-03-10,7,8,970.00
2025-03-10,19,6,905.00
2025-03-10,6,6,690.00
2025-03-10,5,6,510.00
2025-03-10,4,7,470.00
2025-03-10,38,2,170.00
2025-03-10,8,1,145.00
2025-03-10,39,1,140.00
2025-03-09,1,1040,68200.00
2025-03-09,2,363,31555.00
2025-03-09,17,96,11365.00
2025-03-09,15,78,9245.00
2025-03-09,3,67,8005.00
2025-03-09,45,59,5900.00
2025-03-09,44,70,5720.00
2025-03-09,20,46,5440.00
2025-03-09,16,30,4630.00
2025-03-09,18,15,2210.00
2025-03-09,46,13,1840.00
2025-03-09,7,10,1175.00
2025-03-09,37,12,795.00
2025-03-09,4,12,780.00
2025-03-09,19,4,650.00
2025-03-09,38,6,510.00
2025-03-09,8,3,470.00
2025-03-09,5,5,445.00
2025-03-09,6,1,140.00
2025-03-08,1,1115,73015.00
2025-03-08,2,414,35590.00
2025-03-08,17,119,13910.00
2025-03-08,15,95,11225.00
2025-03-08,44,121,9960.00
2025-03-08,45,88,9000.00
2025-03-08,3,73,8545.00
2025-03-08,20,52,6030.00
2025-03-08,16,27,4090.00
2025-03-08,18,26,3980.00
2025-03-08,46,16,2140.00
2025-03-08,7,12,1430.00
2025-03-08,19,7,1015.00
2025-03-08,4,13,845.00
2025-03-08,38,9,765.00
2025-03-08,37,11,730.00
2025-03-08,5,3,255.00
2025-03-08,8,1,145.00
2025-03-08,39,1,115.00
2025-03-07,1,1014,66555.00
2025-03-07,2,420,35940.00
2025-03-07,17,114,13335.00
2025-03-07,15,95,11175.00
2025-03-07,3,96,11140.00
2025-03-07,45,89,9025.00
2025-03-07,44,95,7840.00
2025-03-07,20,42,4880.00
2025-03-07,16,25,3835.00
2025-03-07,18,19,2860.00
2025-03-07,19,16,2355.00
2025-03-07,46,13,1750.00
2025-03-07,7,6,715.00
2025-03-07,4,9,585.00
2025-03-07,38,5,465.00
2025-03-07,37,7,455.00
2025-03-07,5,4,340.00
2025-03-07,8,2,290.00
2025-03-07,39,2,230.00
2025-03-07,6,1,115.00
2025-03-06,1,935,61300.00
2025-03-06,2,338,28910.00
2025-03-06,15,95,11175.00
2025-03-06,45,97,10025.00
2025-03-06,17,76,8965.00
2025-03-06,3,66,7715.00
2025-03-06,44,74,5980.00
2025-03-06,20,31,3665.00
2025-03-06,46,14,2000.00
2025-03-06,16,12,1845.00
2025-03-06,18,7,1155.00
2025-03-06,37,17,1105.00
2025-03-06,19,7,1085.00
2025-03-06,7,8,945.00
2025-03-06,4,10,650.00
2025-03-06,8,3,470.00
2025-03-06,38,3,255.00
2025-03-06,5,2,170.00
2025-03-06,6,1,115.00
2025-03-06,39,1,115.00
2025-03-05,1,590,38710.00
2025-03-05,2,239,20855.00
2025-03-05,15,84,9985.00
2025-03-05,17,72,8555.00
2025-03-05,45,63,6475.00
2025-03-05,44,74,6060.00
2025-03-05,3,38,4370.00
2025-03-05,20,29,3435.00
2025-03-05,16,18,2750.00
2025-03-05,18,15,2280.00
2025-03-05,46,14,1970.00
2025-03-05,7,8,995.00
2025-03-05,19,4,650.00
2025-03-05,37,8,550.00
2025-03-05,38,6,530.00
2025-03-05,4,7,455.00
2025-03-05,8,1,145.00
2025-03-05,39,1,115.00
2025-03-05,6,1,115.00
2025-03-05,5,1,85.00
2025-03-04,1,887,58675.00
2025-03-04,2,307,26395.00
2025-03-04,15,90,10675.00
2025-03-04,17,72,8380.00
2025-03-04,45,73,7550.00
2025-03-04,44,88,7240.00
2025-03-04,3,61,7215.00
2025-03-04,20,41,4790.00
2025-03-04,16,22,3295.00
2025-03-04,18,20,2935.00
2025-03-04,46,17,2450.00
2025-03-04,7,9,1035.00
2025-03-04,19,6,870.00
2025-03-04,37,13,845.00
2025-03-04,4,12,780.00
2025-03-04,8,4,580.00
2025-03-04,38,4,340.00
2025-03-04,5,3,275.00
2025-03-04,6,2,230.00
2025-03-03,1,626,41200.00
2025-03-03,2,206,17850.00
2025-03-03,17,77,8980.00
2025-03-03,15,76,8965.00
2025-03-03,3,49,5735.00
2025-03-03,44,52,4200.00
2025-03-03,45,34,3550.00
2025-03-03,20,28,3245.00
2025-03-03,18,22,3225.00
2025-03-03,46,22,2920.00
2025-03-03,16,16,2425.00
2025-03-03,4,12,795.00
2025-03-03,19,4,615.00
2025-03-03,7,5,600.00
2025-03-03,5,5,425.00
2025-03-03,37,4,260.00
2025-03-03,6,2,230.00
2025-03-03,38,2,170.00
2025-03-03,39,1,115.00
2025-03-02,1,1014,66330.00
2025-03-02,2,321,27525.00
2025-03-02,17,109,12985.00
2025-03-02,15,98,11720.00
2025-03-02,44,96,8020.00
2025-03-02,3,67,7805.00
2025-03-02,45,55,5700.00
2025-03-02,20,37,4380.00
2025-03-02,18,21,3150.00
2025-03-02,16,19,2930.00
2025-03-02,46,11,1520.00
2025-03-02,37,22,1460.00
2025-03-02,19,9,1340.00
2025-03-02,7,4,460.00
2025-03-02,8,3,435.00
2025-03-02,5,4,340.00
2025-03-02,4,4,260.00
2025-03-02,39,2,230.00
2025-03-02,6,1,115.00
2025-03-02,38,1,85.00
2025-03-01,1,1531,100955.00
2025-03-01,2,476,40900.00
2025-03-01,15,167,20130.00
2025-03-01,17,144,16985.00
2025-03-01,3,112,13130.00
2025-03-01,45,110,11300.00
2025-03-01,44,123,10020.00
2025-03-01,20,66,7765.00
2025-03-01,16,40,6185.00
2025-03-01,18,32,4920.00
2025-03-01,46,26,3440.00
2025-03-01,19,13,1920.00
2025-03-01,4,12,780.00
2025-03-01,37,11,745.00
2025-03-01,7,5,600.00
2025-03-01,38,7,595.00
2025-03-01,39,3,345.00
2025-03-01,8,2,290.00
2025-03-01,5,3,255.00
2025-03-01,6,2,230.00
2025-02-28,1,871,57110.00
2025-02-28,2,278,23910.00
2025-02-28,15,98,11520.00
2025-02-28,17,88,10395.00
2025-02-28,3,66,7740.00
2025-02-28,45,69,7300.00
2025-02-28,44,90,7280.00
2025-02-28,20,35,4050.00
2025-02-28,18,27,4020.00
2025-02-28,46,19,2650.00
2025-02-28,16,14,2100.00
2025-02-28,4,10,650.00
2025-02-28,38,7,615.00
2025-02-28,37,8,550.00
2025-02-28,7,4,460.00
2025-02-28,5,5,425.00
2025-02-28,6,3,345.00
2025-02-28,19,2,290.00
2025-02-28,8,1,180.00
2025-02-28,39,1,140.00
2025-02-27,1,738,48525.00
2025-02-27,2,243,21055.00
2025-02-27,15,86,10040.00
2025-02-27,17,81,9715.00
2025-02-27,45,59,6075.00
2025-02-27,3,44,5310.00
2025-02-27,44,62,5100.00
2025-02-27,16,28,4305.00
2025-02-27,20,36,4165.00
2025-02-27,18,25,3660.00
2025-02-27,46,8,1160.00
2025-02-27,19,6,905.00
2025-02-27,4,11,730.00
2025-02-27,7,6,715.00
2025-02-27,38,8,700.00
2025-02-27,37,8,520.00
2025-02-27,6,2,230.00
2025-02-27,5,2,170.00
2025-02-26,1,709,46550.00
2025-02-26,2,201,17405.00
2025-02-26,17,69,8060.00
2025-02-26,15,58,6895.00
2025-02-26,45,61,6200.00
2025-02-26,44,72,5960.00
2025-02-26,3,40,4750.00
2025-02-26,20,28,3295.00
2025-02-26,16,18,2855.00
2025-02-26,18,12,1810.00
2025-02-26,46,10,1420.00
2025-02-26,19,7,1050.00
2025-02-26,38,8,700.00
2025-02-26,7,6,690.00
2025-02-26,8,3,435.00
2025-02-26,39,3,345.00
2025-02-26,6,3,345.00
2025-02-26,5,4,340.00
2025-02-26,37,5,325.00
2025-02-26,4,3,195.00
2025-02-25,1,598,39305.00
2025-02-25,2,190,16350.00
2025-02-25,15,61,7215.00
2025-02-25,17,53,6270.00
2025-02-25,44,71,5940.00
2025-02-25,45,46,4775.00
2025-02-25,3,36,4290.00
2025-02-25,20,28,3245.00
2025-02-25,16,12,1810.00
2025-02-25,19,9,1375.00
2025-02-25,46,10,1360.00
2025-02-25,18,9,1340.00
2025-02-25,37,13,875.00
2025-02-25,7,5,600.00
2025-02-25,4,7,515.00
2025-02-25,6,3,370.00
2025-02-25,39,1,115.00
2025-02-25,38,1,85.00
2025-02-24,1,443,28975.00
2025-02-24,2,140,12060.00
2025-02-24,17,54,6260.00
2025-02-24,44,66,5780.00
2025-02-24,45,55,5675.00
2025-02-24,3,44,5110.00
2025-02-24,15,39,4735.00
2025-02-24,16,18,2680.00
2025-02-24,18,12,1880.00
2025-02-24,20,11,1265.00
2025-02-24,46,9,1200.00
2025-02-24,7,8,920.00
2025-02-24,19,4,580.00
2025-02-24,4,6,390.00
2025-02-24,38,4,340.00
2025-02-24,37,3,195.00
2025-02-24,5,2,170.00
2025-02-23,1,875,57310.00
2025-02-23,2,272,23360.00
2025-02-23,15,89,10410.00
2025-02-23,17,74,8710.00
2025-02-23,44,72,5960.00
2025-02-23,3,44,5135.00
2025-02-23,20,40,4625.00
2025-02-23,45,44,4475.00
2025-02-23,16,21,3290.00
2025-02-23,18,13,1990.00
2025-02-23,46,13,1750.00
2025-02-23,7,11,1265.00
2025-02-23,19,8,1230.00
2025-02-23,38,10,970.00
2025-02-23,5,5,425.00
2025-02-23,6,3,395.00
2025-02-23,37,5,340.00
2025-02-23,4,4,260.00
2025-02-23,8,1,145.00
2025-02-22,1,1180,76805.00
2025-02-22,2,262,22550.00
2025-02-22,17,96,11215.00
2025-02-22,15,67,7780.00
2025-02-22,44,82,6660.00
2025-02-22,45,61,6275.00
2025-02-22,3,52,6055.00
2025-02-22,20,28,3370.00
2025-02-22,16,22,3295.00
2025-02-22,19,12,1740.00
2025-02-22,46,13,1720.00
2025-02-22,18,9,1375.00
2025-02-22,7,4,460.00
2025-02-22,37,7,455.00
2025-02-22,4,4,260.00
2025-02-22,38,3,255.00
2025-02-22,6,2,255.00
2025-02-22,5,2,170.00
2025-02-22,39,1,115.00
2025-02-21,1,550,36125.00
2025-02-21,2,179,15435.00
2025-02-21,15,51,6215.00
2025-02-21,17,42,4930.00
2025-02-21,45,45,4775.00
2025-02-21,44,44,3560.00
2025-02-21,3,28,3320.00
2025-02-21,20,25,2950.00
2025-02-21,16,18,2785.00
2025-02-21,18,15,2280.00
2025-02-21,46,7,1000.00
2025-02-21,7,7,830.00
2025-02-21,37,8,520.00
2025-02-21,5,4,340.00
2025-02-21,4,4,260.00
2025-02-21,6,2,230.00
2025-02-21,38,2,170.00
2025-02-20,1,539,35635.00
2025-02-20,2,177,15385.00
2025-02-20,17,48,5795.00
2025-02-20,44,55,4600.00
2025-02-20,15,34,4185.00
2025-02-20,45,38,3900.00
2025-02-20,3,28,3395.00
2025-02-20,20,26,2990.00
2025-02-20,18,16,2390.00
2025-02-20,16,13,1990.00
2025-02-20,19,7,1015.00
2025-02-20,46,7,1000.00
2025-02-20,7,7,830.00
2025-02-20,4,5,340.00
2025-02-20,8,2,290.00
2025-02-20,5,3,275.00
2025-02-20,37,3,210.00
2025-02-20,6,1,140.00
2025-02-20,38,1,105.00
2025-02-19,1,421,27680.00
2025-02-19,2,148,12760.00
2025-02-19,15,52,6330.00
2025-02-19,17,50,6000.00
2025-02-19,44,62,5040.00
2025-02-19,45,43,4350.00
2025-02-19,3,28,3220.00
2025-02-19,20,19,2235.00
2025-02-19,16,13,1920.00
2025-02-19,18,11,1665.00
2025-02-19,46,10,1420.00
2025-02-19,4,9,585.00
2025-02-19,19,3,435.00
2025-02-19,37,6,420.00
2025-02-19,7,3,395.00
2025-02-19,8,2,325.00
2025-02-19,5,2,170.00
2025-02-19,6,1,115.00
2025-02-19,38,1,85.00
2025-02-18,1,560,36700.00
2025-02-18,2,196,16880.00
2025-02-18,15,77,9355.00
2025-02-18,17,66,7740.00
2025-02-18,45,43,4475.00
2025-02-18,20,35,4100.00
2025-02-18,3,32,3830.00
2025-02-18,44,43,3500.00
2025-02-18,16,21,3220.00
2025-02-18,18,18,2785.00
2025-02-18,46,13,1810.00
2025-02-18,7,6,690.00
2025-02-18,19,4,615.00
2025-02-18,4,5,340.00
2025-02-18,37,4,260.00
2025-02-18,38,3,255.00
2025-02-18,8,1,145.00
2025-02-18,6,1,115.00
2025-02-18,39,1,115.00
2025-02-17,1,589,38525.00
2025-02-17,2,176,15100.00
2025-02-17,17,62,7205.00
2025-02-17,15,52,6130.00
2025-02-17,44,61,4980.00
2025-02-17,45,39,3950.00
2025-02-17,3,32,3830.00
2025-02-17,20,28,3320.00
2025-02-17,18,15,2210.00
2025-02-17,16,13,1920.00
2025-02-17,46,9,1260.00
2025-02-17,7,4,510.00
2025-02-17,8,3,435.00
2025-02-17,37,6,390.00
2025-02-17,38,4,340.00
2025-02-17,19,2,290.00
2025-02-17,6,2,280.00
2025-02-17,5,3,255.00
2025-02-17,39,2,230.00
2025-02-17,4,1,65.00
2025-02-16,1,1117,73175.00
2025-02-16,2,348,30020.00
2025-02-16,15,129,15435.00
2025-02-16,17,122,14505.00
2025-02-16,20,76,9340.00
2025-02-16,44,107,8960.00
2025-02-16,3,72,8355.00
2025-02-16,45,69,7025.00
2025-02-16,18,38,5650.00
2025-02-16,16,27,4055.00
2025-02-16,46,26,3500.00
2025-02-16,7,18,2170.00
2025-02-16,19,10,1520.00
2025-02-16,4,15,990.00
2025-02-16,37,14,955.00
2025-02-16,38,5,505.00
2025-02-16,6,3,345.00
2025-02-16,5,3,255.00
2025-02-16,8,1,145.00
2025-02-16,39,1,115.00
2025-02-15,1,1150,75140.00
2025-02-15,2,405,34685.00
2025-02-15,15,127,14980.00
2025-02-15,17,126,14865.00
2025-02-15,45,89,8925.00
2025-02-15,3,69,8285.00
2025-02-15,44,95,7640.00
2025-02-15,20,63,7370.00
2025-02-15,16,38,5790.00
2025-02-15,18,12,1845.00
2025-02-15,19,10,1485.00
2025-02-15,46,9,1260.00
2025-02-15,4,12,810.00
2025-02-15,37,12,795.00
2025-02-15,38,9,785.00
2025-02-15,5,9,765.00
2025-02-15,7,5,575.00
2025-02-15,8,2,325.00
2025-02-15,6,2,230.00
2025-02-15,39,2,230.00
2025-02-14,1,850,55715.00
2025-02-14,2,307,26635.00
2025-02-14,15,86,10190.00
2025-02-14,17,85,10050.00
2025-02-14,44,105,8480.00
2025-02-14,45,74,7450.00
2025-02-14,3,57,6605.00
2025-02-14,20,48,5645.00
2025-02-14,16,23,3405.00
2025-02-14,18,23,3370.00
2025-02-14,46,14,2000.00
2025-02-14,7,12,1380.00
2025-02-14,19,5,725.00
2025-02-14,8,4,615.00
2025-02-14,37,9,585.00
2025-02-14,5,6,510.00
2025-02-14,39,4,485.00
2025-02-14,4,7,455.00
2025-02-14,38,3,275.00
2025-02-14,6,1,115.00
2025-02-13,1,632,41605.00
2025-02-13,2,187,16035.00
2025-02-13,15,65,7825.00
2025-02-13,17,56,6590.00
2025-02-13,3,46,5415.00
2025-02-13,44,54,4460.00
2025-02-13,45,41,4225.00
2025-02-13,20,33,4045.00
2025-02-13,18,15,2175.00
2025-02-13,46,12,1620.00
2025-02-13,16,9,1340.00
2025-02-13,37,15,990.00
2025-02-13,7,8,920.00
2025-02-13,5,8,680.00
2025-02-13,38,5,425.00
2025-02-13,6,3,395.00
2025-02-13,4,5,325.00
2025-02-13,8,1,145.00
2025-02-13,19,1,145.00
2025-02-12,1,577,38090.00
2025-02-12,2,201,17345.00
2025-02-12,15,80,9600.00
2025-02-12,17,62,7180.00
2025-02-12,3,55,6575.00
2025-02-12,44,66,5580.00
2025-02-12,45,49,5000.00
2025-02-12,20,36,4190.00
2025-02-12,16,15,2315.00
2025-02-12,18,11,1630.00
2025-02-12,46,10,1480.00
2025-02-12,37,10,740.00
2025-02-12,7,4,510.00
2025-02-12,4,7,470.00
2025-02-12,19,3,435.00
2025-02-12,38,4,360.00
2025-02-12,8,1,145.00
2025-02-12,39,1,115.00
2025-02-12,5,1,85.00
2025-02-11,1,690,45330.00
2025-02-11,2,239,20435.00
2025-02-11,15,63,7720.00
2025-02-11,45,76,7650.00
2025-02-11,17,64,7485.00
2025-02-11,44,53,4340.00
2025-02-11,3,37,4330.00
2025-02-11,20,23,2645.00
2025-02-11,16,14,2135.00
2025-02-11,18,11,1630.00
2025-02-11,46,11,1460.00
2025-02-11,37,11,715.00
2025-02-11,19,4,615.00
2025-02-11,38,7,595.00
2025-02-11,5,7,595.00
2025-02-11,4,8,520.00
2025-02-11,8,3,435.00
2025-02-11,39,3,345.00
2025-02-11,7,2,255.00
2025-02-10,1,447,29355.00
2025-02-10,2,171,14775.00
2025-02-10,15,43,5045.00
2025-02-10,17,39,4585.00
2025-02-10,44,53,4320.00
2025-02-10,3,37,4280.00
2025-02-10,45,38,3925.00
2025-02-10,20,25,2950.00
2025-02-10,16,15,2245.00
2025-02-10,18,11,1630.00
2025-02-10,46,7,940.00
2025-02-10,7,5,675.00
2025-02-10,38,6,510.00
2025-02-10,5,5,425.00
2025-02-10,4,6,390.00
2025-02-10,39,3,345.00
2025-02-10,37,5,325.00
2025-02-10,19,2,290.00
2025-02-10,6,1,115.00
2025-02-09,1,714,46860.00
2025-02-09,2,269,23165.00
2025-02-09,15,76,9090.00
2025-02-09,17,73,8595.00
2025-02-09,3,62,7330.00
2025-02-09,44,74,6100.00
2025-02-09,45,53,5375.00
2025-02-09,18,21,3115.00
2025-02-09,16,19,2895.00
2025-02-09,20,25,2875.00
2025-02-09,46,16,2170.00
2025-02-09,19,10,1590.00
2025-02-09,7,7,830.00
2025-02-09,4,10,650.00
2025-02-09,39,4,460.00
2025-02-09,37,7,455.00
2025-02-09,38,4,340.00
2025-02-09,5,3,255.00
2025-02-09,8,1,145.00
2025-02-09,6,1,115.00
2025-02-08,1,1223,80440.00
2025-02-08,2,436,37820.00
2025-02-08,15,139,16660.00
2025-02-08,17,111,13115.00
2025-02-08,3,90,10775.00
2025-02-08,44,119,9760.00
2025-02-08,45,74,7575.00
2025-02-08,20,51,5940.00
2025-02-08,16,35,5250.00
2025-02-08,18,22,3295.00
2025-02-08,7,19,2235.00
2025-02-08,46,15,2100.00
2025-02-08,19,9,1340.00
2025-02-08,37,19,1265.00
2025-02-08,38,10,850.00
2025-02-08,4,13,845.00
2025-02-08,6,6,740.00
2025-02-08,5,5,425.00
2025-02-08,8,2,325.00
2025-02-08,39,1,115.00
2025-02-07,1,691,45575.00
2025-02-07,2,277,24085.00
2025-02-07,17,79,9385.00
2025-02-07,15,62,7405.00
2025-02-07,45,72,7400.00
2025-02-07,44,71,5780.00
2025-02-07,3,48,5720.00
2025-02-07,20,37,4330.00
2025-02-07,16,18,2855.00
2025-02-07,46,12,1590.00
2025-02-07,18,9,1340.00
2025-02-07,7,7,905.00
2025-02-07,4,8,520.00
2025-02-07,38,5,425.00
2025-02-07,19,2,290.00
2025-02-07,37,4,260.00
2025-02-07,5,2,190.00
2025-02-07,39,1,115.00
2025-02-07,6,1,115.00
2025-02-06,1,286,18680.00
2025-02-06,2,99,8535.00
2025-02-06,45,36,3700.00
2025-02-06,17,29,3560.00
2025-02-06,15,25,3025.00
2025-02-06,44,36,3000.00
2025-02-06,3,21,2590.00
2025-02-06,46,12,1740.00
2025-02-06,16,8,1195.00
2025-02-06,20,9,1110.00
2025-02-06,18,6,905.00
2025-02-06,7,7,855.00
2025-02-06,19,5,725.00
2025-02-06,4,9,585.00
2025-02-06,38,3,295.00
2025-02-06,37,3,195.00
2025-02-06,5,2,170.00
2025-02-06,39,1,115.00
2025-02-06,6,1,115.00
2025-02-05,1,779,51295.00
2025-02-05,2,234,20070.00
2025-02-05,17,89,10585.00
2025-02-05,15,71,8815.00
2025-02-05,45,64,6600.00
2025-02-05,3,39,4635.00
2025-02-05,44,53,4460.00
2025-02-05,16,23,3510.00
2025-02-05,20,29,3435.00
2025-02-05,46,17,2330.00
2025-02-05,18,13,1920.00
2025-02-05,19,11,1665.00
2025-02-05,4,11,760.00
2025-02-05,7,6,740.00
2025-02-05,37,7,485.00
2025-02-05,39,3,370.00
2025-02-05,8,1,180.00
2025-02-05,5,2,170.00
2025-02-05,6,1,115.00
2025-02-05,38,1,85.00
2025-02-04,1,810,53355.00
2025-02-04,2,297,25645.00
2025-02-04,17,92,10830.00
2025-02-04,15,79,9585.00
2025-02-04,44,92,7820.00
2025-02-04,45,48,4925.00
2025-02-04,3,42,4880.00
2025-02-04,20,39,4635.00
2025-02-04,16,19,2930.00
2025-02-04,18,15,2350.00
2025-02-04,37,21,1365.00
2025-02-04,46,8,1190.00
2025-02-04,19,7,1050.00
2025-02-04,7,7,830.00
2025-02-04,8,4,615.00
2025-02-04,4,9,600.00
2025-02-04,38,4,340.00
2025-02-04,5,1,85.00
2025-02-03,1,1009,65855.00
2025-02-03,2,289,24965.00
2025-02-03,17,82,9530.00
2025-02-03,15,78,9345.00
2025-02-03,3,69,8135.00
2025-02-03,45,64,6625.00
2025-02-03,44,66,5340.00
2025-02-03,20,40,4675.00
2025-02-03,16,23,3405.00
2025-02-03,18,12,1740.00
2025-02-03,46,13,1690.00
2025-02-03,37,16,1040.00
2025-02-03,5,11,935.00
2025-02-03,4,11,730.00
2025-02-03,38,7,615.00
2025-02-03,19,4,580.00
2025-02-03,6,3,370.00
2025-02-03,7,2,255.00
2025-02-03,39,1,115.00
2025-02-02,1,1095,71625.00
2025-02-02,2,420,36240.00
2025-02-02,17,109,12835.00
2025-02-02,15,82,9805.00
2025-02-02,3,78,9195.00
2025-02-02,44,93,7660.00
2025-02-02,45,73,7450.00
2025-02-02,20,58,6770.00
2025-02-02,16,33,4995.00
2025-02-02,18,27,4160.00
2025-02-02,46,20,2720.00
2025-02-02,19,13,1885.00
2025-02-02,37,22,1505.00
2025-02-02,7,9,1085.00
2025-02-02,4,12,780.00
2025-02-02,5,6,510.00
2025-02-02,39,4,460.00
2025-02-02,38,5,425.00
2025-02-02,8,2,290.00
2025-02-02,6,2,230.00
2025-02-01,1,1192,77885.00
2025-02-01,2,391,33475.00
2025-02-01,17,147,17430.00
2025-02-01,15,129,15235.00
2025-02-01,44,114,9280.00
2025-02-01,45,87,8875.00
2025-02-01,3,73,8520.00
2025-02-01,20,65,7575.00
2025-02-01,16,33,4960.00
2025-02-01,18,25,3625.00
2025-02-01,46,24,3270.00
2025-02-01,7,11,1290.00
2025-02-01,19,6,940.00
2025-02-01,37,12,780.00
2025-02-01,5,9,765.00
2025-02-01,4,8,520.00
2025-02-01,6,3,345.00
2025-02-01,38,4,340.00
2025-02-01,8,1,145.00
2025-02-01,39,1,115.00
2025-01-31,1,863,56665.00
2025-01-31,2,346,30050.00
2025-01-31,15,84,9935.00
2025-01-31,17,83,9795.00
2025-01-31,45,84,8575.00
2025-01-31,44,87,7120.00
2025-01-31,3,46,5315.00
2025-01-31,20,36,4240.00
2025-01-31,18,16,2390.00
2025-01-31,16,16,2390.00
2025-01-31,46,11,1490.00
2025-01-31,7,10,1150.00
2025-01-31,19,7,1120.00
2025-01-31,37,15,975.00
2025-01-31,8,5,760.00
2025-01-31,4,9,585.00
2025-01-31,39,5,575.00
2025-01-31,5,5,465.00
2025-01-31,38,3,255.00
2025-01-30,1,725,47530.00
2025-01-30,2,248,21380.00
2025-01-30,15,72,8630.00
2025-01-30,44,76,6140.00
2025-01-30,45,57,5875.00
2025-01-30,17,48,5620.00
2025-01-30,3,40,4700.00
2025-01-30,16,24,3620.00
2025-01-30,20,27,3155.00
2025-01-30,46,13,1780.00
2025-01-30,18,8,1160.00
2025-01-30,19,5,725.00
2025-01-30,7,6,715.00
2025-01-30,4,8,550.00
2025-01-30,38,6,510.00
2025-01-30,6,4,510.00
2025-01-30,5,4,340.00
2025-01-30,37,5,325.00
2025-01-30,39,2,255.00
2025-01-29,1,386,25480.00
2025-01-29,2,135,11635.00
2025-01-29,15,51,6065.00
2025-01-29,17,41,4765.00
2025-01-29,45,42,4350.00
2025-01-29,44,47,3900.00
2025-01-29,3,26,3040.00
2025-01-29,20,21,2465.00
2025-01-29,16,11,1700.00
2025-01-29,18,11,1630.00
2025-01-29,46,12,1560.00
2025-01-29,7,6,715.00
2025-01-29,37,10,680.00
2025-01-29,19,4,580.00
2025-01-29,38,4,340.00
2025-01-29,4,4,260.00
2025-01-29,8,1,145.00
2025-01-29,6,1,140.00
2025-01-29,39,1,115.00
2025-01-29,5,1,85.00
2025-01-28,1,976,63890.00
2025-01-28,2,370,31850.00
2025-01-28,15,88,10370.00
2025-01-28,17,74,8685.00
2025-01-28,45,60,6225.00
2025-01-28,20,47,5455.00
2025-01-28,44,62,5120.00
2025-01-28,3,41,4840.00
2025-01-28,16,24,3725.00
2025-01-28,46,24,3300.00
2025-01-28,18,14,2030.00
2025-01-28,7,13,1495.00
2025-01-28,37,13,845.00
2025-01-28,19,4,615.00
2025-01-28,4,9,585.00
2025-01-28,6,4,535.00
2025-01-28,8,3,505.00
2025-01-28,38,4,360.00
2025-01-28,5,4,340.00
2025-01-28,39,2,230.00
2025-01-27,1,567,37095.00
2025-01-27,2,200,17120.00
2025-01-27,17,69,8085.00
2025-01-27,45,71,7150.00
2025-01-27,15,56,6640.00
2025-01-27,3,28,3220.00
2025-01-27,44,39,3180.00
2025-01-27,20,25,3000.00
2025-01-27,16,19,2825.00
2025-01-27,18,18,2610.00
2025-01-27,46,13,1810.00
2025-01-27,4,15,975.00
2025-01-27,19,6,940.00
2025-01-27,37,12,795.00
2025-01-27,7,5,575.00
2025-01-27,5,5,465.00
2025-01-27,8,1,145.00
2025-01-27,6,1,115.00
2025-01-26,1,857,56170.00
2025-01-26,2,322,28010.00
2025-01-26,15,114,13435.00
2025-01-26,17,71,8340.00
2025-01-26,44,95,7940.00
2025-01-26,45,71,7300.00
2025-01-26,20,54,6385.00
2025-01-26,3,44,5135.00
2025-01-26,16,23,3475.00
2025-01-26,18,21,3045.00
2025-01-26,46,20,2690.00
2025-01-26,5,13,1225.00
2025-01-26,37,11,715.00
2025-01-26,7,6,715.00
2025-01-26,19,4,580.00
2025-01-26,38,5,445.00
2025-01-26,4,5,340.00
2025-01-26,6,2,230.00
2025-01-26,8,1,180.00
2025-01-26,39,1,115.00
2025-01-25,1,1078,70415.00
2025-01-25,2,355,30435.00
2025-01-25,15,114,13835.00
2025-01-25,17,95,11100.00
2025-01-25,44,118,9780.00
2025-01-25,3,63,7295.00
2025-01-25,45,69,7000.00
2025-01-25,20,48,5620.00
2025-01-25,16,28,4200.00
2025-01-25,18,25,3835.00
2025-01-25,46,19,2530.00
2025-01-25,19,10,1485.00
2025-01-25,4,12,780.00
2025-01-25,5,8,680.00
2025-01-25,6,5,600.00
2025-01-25,7,5,575.00
2025-01-25,8,3,505.00
2025-01-25,37,7,470.00
2025-01-25,39,2,230.00
2025-01-25,38,2,170.00
2025-01-24,1,813,53445.00
2025-01-24,2,248,21620.00
2025-01-24,15,93,11120.00
2025-01-24,17,91,10940.00
2025-01-24,44,100,8220.00
2025-01-24,45,62,6450.00
2025-01-24,3,45,5325.00
2025-01-24,20,38,4520.00
2025-01-24,16,27,4125.00
2025-01-24,46,16,2170.00
2025-01-24,18,10,1485.00
2025-01-24,19,5,795.00
2025-01-24,37,11,730.00
2025-01-24,4,8,535.00
2025-01-24,5,6,510.00
2025-01-24,6,3,370.00
2025-01-24,8,2,290.00
2025-01-24,7,2,280.00
2025-01-24,38,2,170.00
2025-01-24,39,1,115.00
2025-01-23,1,648,42420.00
2025-01-23,2,212,18200.00
2025-01-23,15,70,8325.00
2025-01-23,17,67,7805.00
2025-01-23,44,91,7420.00
2025-01-23,45,52,5250.00
2025-01-23,20,33,3795.00
2025-01-23,3,29,3485.00
2025-01-23,16,16,2460.00
2025-01-23,46,12,1740.00
2025-01-23,18,11,1665.00
2025-01-23,7,8,970.00
2025-01-23,19,6,905.00
2025-01-23,37,7,455.00
2025-01-23,5,5,425.00
2025-01-23,4,6,390.00
2025-01-23,39,3,370.00
2025-01-23,38,4,360.00
2025-01-23,8,2,290.00
2025-01-23,6,1,115.00
2025-01-22,1,647,42505.00
2025-01-22,2,210,18090.00
2025-01-22,15,80,9525.00
2025-01-22,17,44,5210.00
2025-01-22,44,55,4520.00
2025-01-22,45,43,4425.00
2025-01-22,20,33,3945.00
2025-01-22,3,29,3385.00
2025-01-22,16,14,2170.00
2025-01-22,18,14,2100.00
2025-01-22,46,8,1130.00
2025-01-22,19,6,905.00
2025-01-22,7,7,880.00
2025-01-22,37,12,795.00
2025-01-22,4,7,455.00
2025-01-22,8,2,290.00
2025-01-22,38,3,255.00
2025-01-22,6,2,230.00
2025-01-22,5,2,170.00
2025-01-22,39,1,115.00
2025-01-21,1,658,43115.00
2025-01-21,2,204,17700.00
2025-01-21,17,62,7430.00
2025-01-21,15,57,6930.00
2025-01-21,45,56,5750.00
2025-01-21,44,59,4880.00
2025-01-21,3,36,4215.00
2025-01-21,20,33,3870.00
2025-01-21,16,16,2425.00
2025-01-21,46,10,1450.00
2025-01-21,19,6,905.00
2025-01-21,18,5,795.00
2025-01-21,7,6,715.00
2025-01-21,37,10,680.00
2025-01-21,4,8,535.00
2025-01-21,8,3,435.00
2025-01-21,5,4,360.00
2025-01-21,38,2,170.00
2025-01-21,6,1,115.00
2025-01-21,39,1,115.00
2025-01-20,1,708,46320.00
2025-01-20,2,242,20850.00
2025-01-20,17,79,9235.00
2025-01-20,15,68,8120.00
2025-01-20,3,61,7065.00
2025-01-20,45,58,5900.00
2025-01-20,20,45,5225.00
2025-01-20,44,63,5080.00
2025-01-20,16,17,2640.00
2025-01-20,18,17,2605.00
2025-01-20,46,7,940.00
2025-01-20,19,5,760.00
2025-01-20,5,8,700.00
2025-01-20,7,6,690.00
2025-01-20,37,9,600.00
2025-01-20,4,9,585.00
2025-01-20,38,6,550.00
2025-01-20,8,3,435.00
2025-01-20,39,3,370.00
2025-01-20,6,1,140.00
2025-01-19,1,1022,67015.00
2025-01-19,2,323,27935.00
2025-01-19,15,94,11135.00
2025-01-19,17,88,10370.00
2025-01-19,3,77,9205.00
2025-01-19,44,82,6640.00
2025-01-19,45,58,5950.00
2025-01-19,16,23,3545.00
2025-01-19,20,30,3500.00
2025-01-19,18,16,2425.00
2025-01-19,46,14,1850.00
2025-01-19,19,6,940.00
2025-01-19,37,13,875.00
2025-01-19,7,6,690.00
2025-01-19,5,8,680.00
2025-01-19,4,9,585.00
2025-01-19,6,3,345.00
2025-01-19,8,2,290.00
2025-01-19,38,3,275.00
2025-01-19,39,1,115.00
2025-01-18,1,1106,72205.00
2025-01-18,2,414,35390.00
2025-01-18,17,125,14575.00
2025-01-18,15,92,11030.00
2025-01-18,45,87,8850.00
2025-01-18,3,74,8685.00
2025-01-18,44,85,6860.00
2025-01-18,20,48,5595.00
2025-01-18,16,31,4740.00
2025-01-18,18,20,3005.00
2025-01-18,46,16,2200.00
2025-01-18,7,10,1150.00
2025-01-18,19,7,1050.00
2025-01-18,4,12,780.00
2025-01-18,38,6,510.00
2025-01-18,37,7,470.00
2025-01-18,8,3,435.00
2025-01-18,5,4,340.00
2025-01-18,39,1,115.00
2025-01-18,6,1,115.00
2025-01-17,1,982,64265.00
2025-01-17,2,291,25215.00
2025-01-17,17,93,10795.00
2025-01-17,45,88,9025.00
2025-01-17,15,75,8825.00
2025-01-17,44,103,8380.00
2025-01-17,3,60,7150.00
2025-01-17,20,33,3945.00
2025-01-17,18,21,3150.00
2025-01-17,16,13,1990.00
2025-01-17,46,15,1950.00
2025-01-17,19,8,1265.00
2025-01-17,7,9,1035.00
2025-01-17,5,11,935.00
2025-01-17,4,10,650.00
2025-01-17,6,5,575.00
2025-01-17,37,5,325.00
2025-01-17,38,2,170.00
2025-01-16,1,393,25890.00
2025-01-16,2,140,12060.00
2025-01-16,17,46,5340.00
2025-01-16,44,52,4280.00
2025-01-16,15,33,3995.00
2025-01-16,45,31,3150.00
2025-01-16,3,22,2605.00
2025-01-16,20,20,2300.00
2025-01-16,46,13,1750.00
2025-01-16,16,8,1195.00
2025-01-16,18,8,1160.00
2025-01-16,7,6,690.00
2025-01-16,4,10,665.00
2025-01-16,37,9,585.00
2025-01-16,8,2,325.00
2025-01-16,6,2,230.00
2025-01-16,5,2,170.00
2025-01-16,38,1,85.00
2025-01-15,1,1026,67050.00
2025-01-15,2,254,21710.00
2025-01-15,15,91,10665.00
2025-01-15,17,79,9185.00
2025-01-15,45,76,7875.00
2025-01-15,44,82,6660.00
2025-01-15,20,35,4075.00
2025-01-15,3,34,3960.00
2025-01-15,16,19,2825.00
2025-01-15,18,14,2065.00
2025-01-15,46,12,1650.00
2025-01-15,7,10,1200.00
2025-01-15,19,6,870.00
2025-01-15,37,8,535.00
2025-01-15,4,7,455.00
2025-01-15,38,3,275.00
2025-01-15,5,3,255.00
2025-01-15,39,1,140.00
2025-01-15,6,1,115.00
2025-01-14,1,829,54530.00
2025-01-14,2,251,21675.00
2025-01-14,15,89,10360.00
2025-01-14,17,79,9285.00
2025-01-14,3,49,5810.00
2025-01-14,44,63,5340.00
2025-01-14,45,50,5200.00
2025-01-14,20,28,3245.00
2025-01-14,16,13,1920.00
2025-01-14,18,11,1595.00
2025-01-14,46,9,1260.00
2025-01-14,37,18,1170.00
2025-01-14,7,7,855.00
2025-01-14,6,7,830.00
2025-01-14,19,3,435.00
2025-01-14,38,5,425.00
2025-01-14,4,5,325.00
2025-01-14,5,3,275.00
2025-01-13,1,742,48710.00
2025-01-13,2,293,25105.00
2025-01-13,17,84,9860.00
2025-01-13,15,70,8150.00
2025-01-13,44,70,5640.00
2025-01-13,20,46,5365.00
2025-01-13,3,46,5340.00
2025-01-13,45,51,5100.00
2025-01-13,16,26,3805.00
2025-01-13,18,20,3005.00
2025-01-13,46,13,1930.00
2025-01-13,4,13,845.00
2025-01-13,37,12,780.00
2025-01-13,5,7,595.00
2025-01-13,19,4,580.00
2025-01-13,7,5,575.00
2025-01-13,38,4,340.00
2025-01-13,8,1,145.00
2025-01-13,6,1,115.00
2025-01-12,1,668,43630.00
2025-01-12,2,187,16215.00
2025-01-12,15,57,6705.00
2025-01-12,3,53,6320.00
2025-01-12,17,48,5570.00
2025-01-12,45,51,5175.00
2025-01-12,44,52,4240.00
2025-01-12,20,26,2990.00
2025-01-12,16,18,2715.00
2025-01-12,18,15,2175.00
2025-01-12,46,15,2010.00
2025-01-12,7,8,970.00
2025-01-12,4,14,925.00
2025-01-12,37,14,925.00
2025-01-12,19,5,725.00
2025-01-12,39,4,460.00
2025-01-12,38,2,170.00
2025-01-12,8,1,145.00
2025-01-12,5,1,85.00
2025-01-11,1,997,65210.00
2025-01-11,2,369,31665.00
2025-01-11,17,94,11035.00
2025-01-11,15,81,9565.00
2025-01-11,44,106,8720.00
2025-01-11,45,74,7425.00
2025-01-11,3,52,6080.00
2025-01-11,16,27,4195.00
2025-01-11,20,30,3525.00
2025-01-11,18,15,2210.00
2025-01-11,46,14,1880.00
2025-01-11,7,7,830.00
2025-01-11,19,4,615.00
2025-01-11,4,8,535.00
2025-01-11,38,6,530.00
2025-01-11,37,5,325.00
2025-01-11,6,2,230.00
2025-01-11,5,2,170.00
2025-01-11,8,1,145.00
2025-01-11,39,1,115.00
2025-01-10,1,663,43380.00
2025-01-10,2,225,19305.00
2025-01-10,15,67,7905.00
2025-01-10,44,84,7020.00
2025-01-10,17,53,6195.00
2025-01-10,45,61,6125.00
2025-01-10,3,40,4675.00
2025-01-10,20,22,2555.00
2025-01-10,16,16,2320.00
2025-01-10,46,16,2170.00
2025-01-10,18,12,1880.00
2025-01-10,7,8,970.00
2025-01-10,4,11,775.00
2025-01-10,6,5,600.00
2025-01-10,19,4,580.00
2025-01-10,5,6,510.00
2025-01-10,37,7,455.00
2025-01-10,38,2,170.00
2025-01-09,1,639,41910.00
2025-01-09,2,228,19580.00
2025-01-09,15,96,11340.00
2025-01-09,17,60,6975.00
2025-01-09,3,53,6245.00
2025-01-09,45,57,5800.00
2025-01-09,44,68,5460.00
2025-01-09,18,25,3695.00
2025-01-09,20,30,3550.00
2025-01-09,16,14,2100.00
2025-01-09,46,9,1200.00
2025-01-09,4,15,990.00
2025-01-09,19,6,870.00
2025-01-09,7,7,855.00
2025-01-09,5,7,595.00
2025-01-09,38,4,340.00
2025-01-09,37,4,275.00
2025-01-09,6,2,230.00
2025-01-09,8,1,145.00
2025-01-08,1,567,37035.00
2025-01-08,2,195,16855.00
2025-01-08,17,51,6065.00
2025-01-08,45,53,5425.00
2025-01-08,3,45,5325.00
2025-01-08,15,41,4965.00
2025-01-08,44,56,4600.00
2025-01-08,16,15,2175.00
2025-01-08,46,14,1850.00
2025-01-08,18,11,1630.00
2025-01-08,20,11,1340.00
2025-01-08,19,6,870.00
2025-01-08,4,9,600.00
2025-01-08,38,5,425.00
2025-01-08,6,3,395.00
2025-01-08,8,2,325.00
2025-01-08,37,2,130.00
2025-01-08,7,1,115.00
2025-01-07,1,773,50740.00
2025-01-07,2,251,21535.00
2025-01-07,15,78,9520.00
2025-01-07,45,73,7400.00
2025-01-07,17,55,6525.00
2025-01-07,44,70,5840.00
2025-01-07,20,40,4650.00
2025-01-07,3,39,4510.00
2025-01-07,16,17,2500.00
2025-01-07,18,12,1775.00
2025-01-07,38,17,1665.00
2025-01-07,19,11,1595.00
2025-01-07,46,8,1130.00
2025-01-07,37,14,955.00
2025-01-07,4,11,730.00
2025-01-07,7,4,510.00
2025-01-07,6,4,460.00
2025-01-07,5,4,380.00
2025-01-07,8,2,325.00
2025-01-07,39,1,115.00
2025-01-06,1,911,59755.00
2025-01-06,2,350,29950.00
2025-01-06,17,99,11560.00
2025-01-06,15,72,8405.00
2025-01-06,3,69,8110.00
2025-01-06,44,93,7620.00
2025-01-06,45,74,7550.00
2025-01-06,20,42,4855.00
2025-01-06,16,28,4165.00
2025-01-06,46,16,2140.00
2025-01-06,18,13,1920.00
2025-01-06,7,10,1200.00
2025-01-06,4,17,1105.00
2025-01-06,5,9,765.00
2025-01-06,8,5,725.00
2025-01-06,6,5,625.00
2025-01-06,38,7,595.00
2025-01-06,19,3,435.00
2025-01-06,37,6,405.00
2025-01-05,1,1091,71155.00
2025-01-05,2,258,22090.00
2025-01-05,15,92,10780.00
2025-01-05,17,87,10355.00
2025-01-05,3,66,7765.00
2025-01-05,20,65,7500.00
2025-01-05,44,88,7160.00
2025-01-05,45,63,6375.00
2025-01-05,18,23,3370.00
2025-01-05,16,18,2680.00
2025-01-05,46,10,1330.00
2025-01-05,37,17,1105.00
2025-01-05,19,6,870.00
2025-01-05,7,4,510.00
2025-01-05,38,6,510.00
2025-01-05,5,5,425.00
2025-01-05,4,6,390.00
2025-01-05,6,3,345.00
2025-01-05,39,2,230.00
2025-01-04,1,1136,74110.00
2025-01-04,2,307,26455.00
2025-01-04,15,96,11190.00
2025-01-04,17,86,10015.00
2025-01-04,45,78,7800.00
2025-01-04,3,56,6540.00
2025-01-04,44,69,5600.00
2025-01-04,20,38,4370.00
2025-01-04,16,14,2065.00
2025-01-04,18,14,2030.00
2025-01-04,46,14,1850.00
2025-01-04,19,7,1015.00
2025-01-04,4,15,990.00
2025-01-04,37,14,910.00
2025-01-04,7,7,830.00
2025-01-04,5,8,680.00
2025-01-04,8,3,435.00
2025-01-04,38,4,340.00
2025-01-04,39,1,115.00
2025-01-04,6,1,115.00
2025-01-03,1,1270,82970.00
2025-01-03,2,446,38150.00
2025-01-03,17,116,13615.00
2025-01-03,15,110,12950.00
2025-01-03,3,82,9480.00
2025-01-03,45,89,9000.00
2025-01-03,44,98,8000.00
2025-01-03,20,62,7155.00
2025-01-03,18,23,3510.00
2025-01-03,16,21,3185.00
2025-01-03,19,13,1955.00
2025-01-03,7,9,1110.00
2025-01-03,46,8,1070.00
2025-01-03,37,11,715.00
2025-01-03,38,8,680.00
2025-01-03,6,5,575.00
2025-01-03,8,3,435.00
2025-01-03,39,3,345.00
2025-01-03,4,5,325.00
2025-01-03,5,2,190.00
2025-01-02,1,875,57055.00
2025-01-02,2,288,24700.00
2025-01-02,15,67,7730.00
2025-01-02,17,58,6695.00
2025-01-02,45,62,6225.00
2025-01-02,44,73,5920.00
2025-01-02,20,44,5085.00
2025-01-02,3,43,5045.00
2025-01-02,16,18,2715.00
2025-01-02,46,19,2500.00
2025-01-02,18,11,1595.00
2025-01-02,5,11,935.00
2025-01-02,4,12,780.00
2025-01-02,37,11,715.00
2025-01-02,7,6,690.00
2025-01-02,19,4,580.00
2025-01-02,38,5,425.00
2025-01-02,6,2,255.00
2025-01-02,39,2,230.00
2025-01-01,1,208,13775.00
2025-01-01,2,82,7050.00
2025-01-01,17,19,2210.00
2025-01-01,15,16,1940.00
2025-01-01,45,16,1625.00
2025-01-01,44,19,1600.00
2025-01-01,3,13,1520.00
2025-01-01,20,12,1455.00
2025-01-01,46,6,900.00
2025-01-01,16,5,865.00
2025-01-01,18,3,435.00
2025-01-01,38,5,425.00
2025-01-01,4,6,405.00
2025-01-01,5,3,255.00
2025-01-01,39,2,230.00
2025-01-01,6,2,230.00
2025-01-01,7,2,230.00
2025-01-01,19,1,180.00
2025-01-01,8,1,145.00
2025-01-01,37,2,130.00
2024-12-31,1,817,53315.00
2024-12-31,2,255,21955.00
2024-12-31,17,73,8445.00
2024-12-31,15,52,6305.00
2024-12-31,45,63,6300.00
2024-12-31,3,39,4560.00
2024-12-31,44,50,4100.00
2024-12-31,20,30,3550.00
2024-12-31,18,18,2610.00
2024-12-31,37,17,1105.00
2024-12-31,16,7,1050.00
2024-12-31,19,6,940.00
2024-12-31,46,6,810.00
2024-12-31,4,7,485.00
2024-12-31,5,5,425.00
2024-12-31,38,5,425.00
2024-12-31,7,3,345.00
2024-12-31,6,3,345.00
2024-12-31,8,2,290.00
2024-12-31,39,1,115.00
2024-12-30,1,1451,94495.00
2024-12-30,2,484,41340.00
2024-12-30,15,136,16265.00
2024-12-30,17,131,15215.00
2024-12-30,3,109,12810.00
2024-12-30,45,123,12475.00
2024-12-30,44,138,11100.00
2024-12-30,20,62,7180.00
2024-12-30,16,22,3260.00
2024-12-30,18,18,2750.00
2024-12-30,46,14,1940.00
2024-12-30,37,21,1365.00
2024-12-30,4,16,1040.00
2024-12-30,7,6,715.00
2024-12-30,5,8,680.00
2024-12-30,19,4,650.00
2024-12-30,38,3,255.00
2024-12-30,6,2,230.00
2024-12-30,8,1,145.00
2024-12-30,39,1,115.00
2024-12-29,1,980,63910.00
2024-12-29,2,294,25070.00
2024-12-29,17,98,11320.00
2024-12-29,45,96,9925.00
2024-12-29,15,80,9350.00
2024-12-29,3,57,6780.00
2024-12-29,44,78,6340.00
2024-12-29,20,44,5060.00
2024-12-29,46,27,3600.00
2024-12-29,16,19,2825.00
2024-12-29,18,15,2245.00
2024-12-29,19,11,1630.00
2024-12-29,7,12,1405.00
2024-12-29,37,15,990.00
2024-12-29,4,13,845.00
2024-12-29,38,5,425.00
2024-12-29,5,5,425.00
2024-12-29,8,2,290.00
2024-12-29,39,2,230.00
2024-12-29,6,1,140.00
2024-12-28,1,1138,74165.00
2024-12-28,2,347,29635.00
2024-12-28,15,111,13115.00
2024-12-28,17,97,11305.00
2024-12-28,44,120,9880.00
2024-12-28,45,95,9650.00
2024-12-28,3,57,6705.00
2024-12-28,20,57,6555.00
2024-12-28,16,20,3075.00
2024-12-28,18,16,2355.00
2024-12-28,37,17,1105.00
2024-12-28,4,15,975.00
2024-12-28,46,6,900.00
2024-12-28,19,4,615.00
2024-12-28,7,4,510.00
2024-12-28,6,3,345.00
2024-12-28,38,4,340.00
2024-12-28,8,2,290.00
2024-12-28,5,3,255.00
2024-12-28,39,1,115.00
2024-12-27,1,1106,72280.00
2024-12-27,2,392,33580.00
2024-12-27,17,83,9695.00
2024-12-27,44,115,9500.00
2024-12-27,15,74,8660.00
2024-12-27,45,77,7825.00
2024-12-27,3,54,6335.00
2024-12-27,20,44,5210.00
2024-12-27,16,24,3585.00
2024-12-27,46,19,2560.00
2024-12-27,18,17,2500.00
2024-12-27,37,28,1835.00
2024-12-27,7,7,880.00
2024-12-27,5,9,765.00
2024-12-27,38,7,595.00
2024-12-27,19,3,435.00
2024-12-27,6,3,345.00
2024-12-27,39,3,345.00
2024-12-27,4,5,325.00
2024-12-27,8,1,145.00
2024-12-26,1,1529,99640.00
2024-12-26,2,458,39390.00
2024-12-26,15,114,13435.00
2024-12-26,17,113,13070.00
2024-12-26,44,130,10480.00
2024-12-26,45,101,10225.00
2024-12-26,3,77,8905.00
2024-12-26,20,61,7065.00
2024-12-26,16,37,5575.00
2024-12-26,46,24,3210.00
2024-12-26,18,18,2645.00
2024-12-26,38,16,1360.00
2024-12-26,19,8,1195.00
2024-12-26,37,16,1040.00
2024-12-26,4,15,1005.00
2024-12-26,5,9,765.00
2024-12-26,7,6,690.00
2024-12-26,8,1,145.00
2024-12-25,1,1437,93615.00
2024-12-25,2,278,23710.00
2024-12-25,15,114,13310.00
2024-12-25,17,99,11485.00
2024-12-25,44,111,8940.00
2024-12-25,45,76,7650.00
2024-12-25,3,59,6960.00
2024-12-25,16,41,6050.00
2024-12-25,20,49,5685.00
2024-12-25,18,22,3260.00
2024-12-25,46,11,1490.00
2024-12-25,19,9,1340.00
2024-12-25,7,11,1265.00
2024-12-25,4,10,650.00
2024-12-25,37,9,585.00
2024-12-25,5,5,425.00
2024-12-25,6,2,230.00
2024-12-25,39,2,230.00
2024-12-25,38,2,170.00
2024-12-24,1,1421,92575.00
2024-12-24,2,376,32120.00
2024-12-24,17,108,12520.00
2024-12-24,15,105,12250.00
2024-12-24,44,114,9160.00
2024-12-24,45,83,8425.00
2024-12-24,3,71,8190.00
2024-12-24,20,55,6375.00
2024-12-24,18,30,4420.00
2024-12-24,16,23,3440.00
2024-12-24,46,20,2720.00
2024-12-24,19,7,1050.00
2024-12-24,4,15,975.00
2024-12-24,5,11,935.00
2024-12-24,38,9,765.00
2024-12-24,37,11,715.00
2024-12-24,7,5,575.00
2024-12-24,39,3,345.00
2024-12-24,8,2,290.00
2024-12-24,6,2,230.00
2024-12-23,1,1509,98430.00
2024-12-23,2,485,41345.00
2024-12-23,15,170,19775.00
2024-12-23,17,158,18370.00
2024-12-23,44,161,12940.00
2024-12-23,45,121,12250.00
2024-12-23,3,96,11190.00
2024-12-23,20,77,8955.00
2024-12-23,16,34,5070.00
2024-12-23,18,32,4675.00
2024-12-23,37,26,1705.00
2024-12-23,19,11,1630.00
2024-12-23,46,10,1360.00
2024-12-23,38,15,1295.00
2024-12-23,4,17,1105.00
2024-12-23,7,7,805.00
2024-12-23,5,5,425.00
2024-12-23,6,3,345.00
2024-12-23,8,2,290.00
2024-12-22,1,1682,109735.00
2024-12-22,2,519,44575.00
2024-12-22,17,145,16850.00
2024-12-22,15,139,16360.00
2024-12-22,45,159,16100.00
2024-12-22,44,146,11900.00
2024-12-22,3,96,11340.00
2024-12-22,20,58,6845.00
2024-12-22,16,40,5975.00
2024-12-22,18,30,4455.00
2024-12-22,46,19,2470.00
2024-12-22,19,14,2100.00
2024-12-22,7,15,1800.00
2024-12-22,4,17,1120.00
2024-12-22,37,12,780.00
2024-12-22,5,9,765.00
2024-12-22,8,4,580.00
2024-12-22,6,4,485.00
2024-12-22,38,4,340.00
2024-12-22,39,2,230.00
2024-12-21,1,1105,71975.00
2024-12-21,2,311,26655.00
2024-12-21,17,78,9220.00
2024-12-21,45,83,8375.00
2024-12-21,44,90,7460.00
2024-12-21,15,64,7435.00
2024-12-21,3,46,5390.00
2024-12-21,20,38,4470.00
2024-12-21,16,15,2210.00
2024-12-21,18,13,2025.00
2024-12-21,46,12,1650.00
2024-12-21,19,8,1195.00
2024-12-21,7,8,945.00
2024-12-21,4,12,795.00
2024-12-21,37,10,650.00
2024-12-21,5,6,530.00
2024-12-21,38,6,510.00
2024-12-21,8,3,435.00
2024-12-21,39,1,140.00
2024-12-21,6,1,115.00
2024-12-20,1,636,41445.00
2024-12-20,2,277,23705.00
2024-12-20,15,66,7790.00
2024-12-20,45,64,6525.00
2024-12-20,3,56,6515.00
2024-12-20,44,77,6220.00
2024-12-20,17,53,6145.00
2024-12-20,20,36,4190.00
2024-12-20,16,20,2900.00
2024-12-20,46,19,2680.00
2024-12-20,19,7,1050.00
2024-12-20,7,8,920.00
2024-12-20,18,5,725.00
2024-12-20,37,9,585.00
2024-12-20,6,4,460.00
2024-12-20,38,5,425.00
2024-12-20,5,5,425.00
2024-12-20,4,5,325.00
2024-12-20,8,2,325.00
2024-12-20,39,1,115.00
2024-12-19,1,976,63635.00
2024-12-19,2,306,26250.00
2024-12-19,15,81,9515.00
2024-12-19,17,81,9440.00
2024-12-19,45,85,8625.00
2024-12-19,44,93,7540.00
2024-12-19,3,41,4865.00
2024-12-19,20,30,3500.00
2024-12-19,16,21,3185.00
2024-12-19,18,18,2680.00
2024-12-19,46,11,1520.00
2024-12-19,19,9,1375.00
2024-12-19,7,8,970.00
2024-12-19,8,4,580.00
2024-12-19,4,6,390.00
2024-12-19,37,5,325.00
2024-12-19,38,3,255.00
2024-12-19,39,2,230.00
2024-12-19,5,2,170.00
2024-12-18,1,830,54385.00
2024-12-18,2,247,21235.00
2024-12-18,44,107,8780.00
2024-12-18,45,78,7900.00
2024-12-18,15,66,7840.00
2024-12-18,17,55,6350.00
2024-12-18,20,39,4510.00
2024-12-18,16,21,3115.00
2024-12-18,3,26,3015.00
2024-12-18,18,17,2535.00
2024-12-18,19,10,1485.00
2024-12-18,46,10,1390.00
2024-12-18,7,10,1150.00
2024-12-18,37,17,1105.00
2024-12-18,6,4,460.00
2024-12-18,4,6,390.00
2024-12-18,38,4,340.00
2024-12-18,8,2,290.00
2024-12-18,5,3,255.00
2024-12-17,1,735,48000.00
2024-12-17,2,199,16935.00
2024-12-17,17,66,7690.00
2024-12-17,44,68,5520.00
2024-12-17,3,45,5350.00
2024-12-17,15,43,5070.00
2024-12-17,45,45,4600.00
2024-12-17,20,29,3385.00
2024-12-17,16,15,2245.00
2024-12-17,18,14,2100.00
2024-12-17,46,14,2000.00
2024-12-17,7,6,690.00
2024-12-17,4,9,585.00
2024-12-17,37,4,260.00
2024-12-17,38,3,255.00
2024-12-17,5,3,255.00
2024-12-17,39,2,230.00
2024-12-17,19,1,145.00
2024-12-17,8,1,145.00
2024-12-16,1,914,59830.00
2024-12-16,2,259,22135.00
2024-12-16,17,87,10155.00
2024-12-16,15,82,9680.00
2024-12-16,44,101,8180.00
2024-12-16,45,66,6725.00
2024-12-16,20,50,5775.00
2024-12-16,3,48,5695.00
2024-12-16,16,26,3805.00
2024-12-16,18,17,2465.00
2024-12-16,19,15,2210.00
2024-12-16,46,8,1130.00
2024-12-16,7,7,805.00
2024-12-16,4,9,600.00
2024-12-16,37,9,585.00
2024-12-16,38,6,510.00
2024-12-16,5,4,340.00
2024-12-16,8,2,290.00
2024-12-16,6,1,115.00
2024-12-16,39,1,115.00
2024-12-15,1,1729,113030.00
2024-12-15,2,445,38325.00
2024-12-15,17,141,16565.00
2024-12-15,15,109,12810.00
2024-12-15,44,140,11380.00
2024-12-15,3,96,11090.00
2024-12-15,45,91,9250.00
2024-12-15,20,71,8215.00
2024-12-15,16,28,4200.00
2024-12-15,18,28,4060.00
2024-12-15,46,21,2820.00
2024-12-15,37,22,1430.00
2024-12-15,38,15,1275.00
2024-12-15,19,8,1230.00
2024-12-15,7,9,1060.00
2024-12-15,5,8,680.00
2024-12-15,4,9,585.00
2024-12-15,8,3,505.00
2024-12-15,39,4,485.00
2024-12-15,6,2,230.00
2024-12-14,1,1641,106935.00
2024-12-14,2,441,37645.00
2024-12-14,17,137,16005.00
2024-12-14,15,125,14725.00
2024-12-14,45,115,11825.00
2024-12-14,44,127,10300.00
2024-12-14,20,69,8185.00
2024-12-14,3,68,7945.00
2024-12-14,16,35,5390.00
2024-12-14,18,24,3585.00
2024-12-14,46,25,3400.00
2024-12-14,4,29,1885.00
2024-12-14,7,15,1750.00
2024-12-14,19,7,1085.00
2024-12-14,38,11,935.00
2024-12-14,37,12,780.00
2024-12-14,8,4,615.00
2024-12-14,39,4,460.00
2024-12-14,6,1,140.00
2024-12-14,5,1,85.00
2024-12-13,1,1202,78595.00
2024-12-13,2,382,32990.00
2024-12-13,17,139,16360.00
2024-12-13,15,115,13750.00
2024-12-13,45,89,9175.00
2024-12-13,44,101,8280.00
2024-12-13,3,55,6375.00
2024-12-13,16,40,6185.00
2024-12-13,20,42,4855.00
2024-12-13,18,33,4820.00
2024-12-13,46,17,2360.00
2024-12-13,19,10,1485.00
2024-12-13,7,12,1430.00
2024-12-13,4,19,1250.00
2024-12-13,37,12,780.00
2024-12-13,38,7,635.00
2024-12-13,8,3,435.00
2024-12-13,5,5,425.00
2024-12-13,6,3,345.00
2024-12-13,39,2,230.00
2024-12-13,36,3,75.00
2024-12-12,1,1259,82105.00
2024-12-12,2,289,24905.00
2024-12-12,17,96,11290.00
2024-12-12,15,91,10615.00
2024-12-12,45,98,10100.00
2024-12-12,44,122,9960.00
2024-12-12,3,51,5990.00
2024-12-12,20,45,5325.00
2024-12-12,16,34,5070.00
2024-12-12,18,15,2245.00
2024-12-12,46,13,1720.00
2024-12-12,37,22,1430.00
2024-12-12,19,6,870.00
2024-12-12,4,9,615.00
2024-12-12,38,6,550.00
2024-12-12,6,4,460.00
2024-12-12,5,5,445.00
2024-12-12,8,2,360.00
2024-12-12,39,2,255.00
2024-12-12,7,1,115.00
2024-12-12,36,2,50.00
2024-12-11,1,730,47795.00
2024-12-11,2,242,20690.00
2024-12-11,17,69,8035.00
2024-12-11,15,65,7700.00
2024-12-11,44,92,7540.00
2024-12-11,45,58,5900.00
2024-12-11,3,41,4765.00
2024-12-11,16,27,4020.00
2024-12-11,20,28,3295.00
2024-12-11,18,15,2210.00
2024-12-11,46,13,1840.00
2024-12-11,7,9,1035.00
2024-12-11,19,5,760.00
2024-12-11,4,11,715.00
2024-12-11,5,8,680.00
2024-12-11,37,7,455.00
2024-12-11,38,3,255.00
2024-12-11,39,2,230.00
2024-12-11,8,1,180.00
2024-12-11,6,1,115.00
2024-12-11,36,2,50.00
2024-12-10,1,950,62020.00
2024-12-10,2,244,20880.00
2024-12-10,15,95,11350.00
2024-12-10,17,92,10780.00
2024-12-10,44,100,8480.00
2024-12-10,45,56,5775.00
2024-12-10,3,35,4100.00
2024-12-10,20,33,3945.00
2024-12-10,18,23,3510.00
2024-12-10,16,19,2790.00
2024-12-10,7,13,1520.00
2024-12-10,46,9,1320.00
2024-12-10,19,6,905.00
2024-12-10,38,8,780.00
2024-12-10,4,11,715.00
2024-12-10,37,8,520.00
2024-12-10,6,4,485.00
2024-12-10,8,3,435.00
2024-12-10,39,1,140.00
2024-12-10,36,3,75.00
2024-12-09,1,796,52055.00
2024-12-09,2,248,21160.00
2024-12-09,17,85,9900.00
2024-12-09,44,102,8260.00
2024-12-09,15,63,7495.00
2024-12-09,20,49,5710.00
2024-12-09,45,55,5550.00
2024-12-09,3,38,4470.00
2024-12-09,16,21,3080.00
2024-12-09,18,12,1740.00
2024-12-09,46,7,970.00
2024-12-09,19,6,940.00
2024-12-09,37,13,845.00
2024-12-09,7,7,805.00
2024-12-09,5,6,510.00
2024-12-09,8,3,435.00
2024-12-09,38,3,255.00
2024-12-09,6,2,230.00
2024-12-09,4,2,130.00
2024-12-08,1,834,54510.00
2024-12-08,2,243,20735.00
2024-12-08,15,95,11150.00
2024-12-08,44,98,7980.00
2024-12-08,17,65,7600.00
2024-12-08,45,69,7025.00
2024-12-08,3,55,6350.00
2024-12-08,20,42,4980.00
2024-12-08,16,29,4380.00
2024-12-08,18,17,2570.00
2024-12-08,19,13,1885.00
2024-12-08,46,13,1750.00
2024-12-08,5,10,850.00
2024-12-08,4,11,715.00
2024-12-08,37,10,650.00
2024-12-08,38,7,595.00
2024-12-08,7,5,575.00
2024-12-08,6,2,280.00
2024-12-07,1,1164,76020.00
2024-12-07,2,340,29340.00
2024-12-07,15,135,15850.00
2024-12-07,17,122,14430.00
2024-12-07,44,112,9140.00
2024-12-07,45,86,8800.00
2024-12-07,3,50,5800.00
2024-12-07,20,48,5520.00
2024-12-07,16,21,3220.00
2024-12-07,46,22,2890.00
2024-12-07,18,16,2425.00
2024-12-07,37,22,1490.00
2024-12-07,5,13,1105.00
2024-12-07,19,6,905.00
2024-12-07,7,7,830.00
2024-12-07,4,12,780.00
2024-12-07,6,5,575.00
2024-12-07,8,3,435.00
2024-12-07,38,3,275.00
2024-12-07,39,2,230.00
2024-12-07,36,1,25.00
2024-12-06,1,1033,67370.00
2024-12-06,2,313,26785.00
2024-12-06,15,114,13635.00
2024-12-06,17,112,12930.00
2024-12-06,45,90,9100.00
2024-12-06,44,103,8280.00
2024-12-06,3,65,7600.00
2024-12-06,20,50,5900.00
2024-12-06,16,29,4415.00
2024-12-06,46,20,2690.00
2024-12-06,18,7,1085.00
2024-12-06,5,12,1020.00
2024-12-06,7,8,945.00
2024-12-06,37,9,585.00
2024-12-06,4,9,585.00
2024-12-06,6,4,460.00
2024-12-06,38,5,445.00
2024-12-06,19,3,435.00
2024-12-06,39,1,115.00
2024-12-06,36,1,25.00
2024-12-05,1,968,63085.00
2024-12-05,2,274,23390.00
2024-12-05,17,97,11405.00
2024-12-05,15,77,9130.00
2024-12-05,45,78,7925.00
2024-12-05,44,73,6020.00
2024-12-05,3,50,5900.00
2024-12-05,20,48,5595.00
2024-12-05,18,20,2935.00
2024-12-05,16,17,2675.00
2024-12-05,19,8,1265.00
2024-12-05,46,9,1230.00
2024-12-05,7,7,805.00
2024-12-05,38,7,595.00
2024-12-05,37,6,390.00
2024-12-05,6,3,345.00
2024-12-05,4,5,325.00
2024-12-05,5,3,255.00
2024-12-05,8,1,145.00
2024-12-05,39,1,115.00
2024-12-05,36,3,75.00
2024-12-04,1,1042,68045.00
2024-12-04,2,364,31180.00
2024-12-04,17,98,11570.00
2024-12-04,15,91,10640.00
2024-12-04,44,82,6760.00
2024-12-04,45,64,6425.00
2024-12-04,3,45,5375.00
2024-12-04,20,32,3805.00
2024-12-04,46,18,2520.00
2024-12-04,18,17,2500.00
2024-12-04,19,9,1375.00
2024-12-04,16,9,1305.00
2024-12-04,7,9,1085.00
2024-12-04,38,7,615.00
2024-12-04,4,7,455.00
2024-12-04,5,5,425.00
2024-12-04,8,2,290.00
2024-12-04,37,4,275.00
2024-12-04,6,2,230.00
2024-12-04,39,1,115.00
2024-12-03,1,950,62305.00
2024-12-03,2,309,26705.00
2024-12-03,17,104,12210.00
2024-12-03,15,78,9370.00
2024-12-03,44,107,8960.00
2024-12-03,45,70,7325.00
2024-12-03,3,55,6375.00
2024-12-03,20,38,4470.00
2024-12-03,18,28,4235.00
2024-12-03,16,23,3510.00
2024-12-03,46,14,1880.00
2024-12-03,19,12,1740.00
2024-12-03,7,8,945.00
2024-12-03,37,7,455.00
2024-12-03,5,5,425.00
2024-12-03,4,5,325.00
2024-12-03,38,3,255.00
2024-12-03,6,2,230.00
2024-12-03,8,1,145.00
2024-12-02,1,1113,72825.00
2024-12-02,2,306,26530.00
2024-12-02,17,83,9620.00
2024-12-02,15,80,9500.00
2024-12-02,3,63,7445.00
2024-12-02,45,64,6600.00
2024-12-02,44,65,5300.00
2024-12-02,20,32,3755.00
2024-12-02,16,20,2970.00
2024-12-02,18,18,2715.00
2024-12-02,46,11,1580.00
2024-12-02,7,6,740.00
2024-12-02,37,11,715.00
2024-12-02,5,8,680.00
2024-12-02,19,3,470.00
2024-12-02,4,3,195.00
2024-12-02,38,2,170.00
2024-12-02,6,1,115.00
2024-12-02,36,2,50.00
2024-12-01,1,1552,101255.00
2024-12-01,2,453,38765.00
2024-12-01,17,123,14345.00
2024-12-01,15,117,13680.00
2024-12-01,45,91,9275.00
2024-12-01,3,74,8735.00
2024-12-01,44,95,7700.00
2024-12-01,20,65,7550.00
2024-12-01,16,26,3875.00
2024-12-01,18,26,3805.00
2024-12-01,46,20,2780.00
2024-12-01,37,32,2110.00
2024-12-01,7,18,2095.00
2024-12-01,19,8,1265.00
2024-12-01,4,13,845.00
2024-12-01,5,7,595.00
2024-12-01,38,6,530.00
2024-12-01,6,4,460.00
2024-12-01,8,2,290.00
2024-12-01,36,1,25.00
2024-11-30,1,909,59325.00
2024-11-30,2,303,26035.00
2024-11-30,15,90,10475.00
2024-11-30,17,69,8010.00
2024-11-30,45,79,7975.00
2024-11-30,44,97,7920.00
2024-11-30,3,64,7485.00
2024-11-30,20,34,3960.00
2024-11-30,16,16,2355.00
2024-11-30,46,15,2010.00
2024-11-30,7,14,1660.00
2024-11-30,18,9,1340.00
2024-11-30,38,14,1230.00
2024-11-30,19,6,940.00
2024-11-30,37,12,780.00
2024-11-30,4,7,470.00
2024-11-30,8,3,435.00
2024-11-30,5,5,425.00
2024-11-30,6,3,395.00
2024-11-30,39,1,115.00
2024-11-29,1,971,63310.00
2024-11-29,2,288,24640.00
2024-11-29,15,100,11725.00
2024-11-29,17,99,11610.00
2024-11-29,44,93,7620.00
2024-11-29,45,74,7575.00
2024-11-29,3,52,6080.00
2024-11-29,20,44,5085.00
2024-11-29,16,27,3915.00
2024-11-29,18,16,2425.00
2024-11-29,46,11,1550.00
2024-11-29,19,10,1450.00
2024-11-29,7,10,1200.00
2024-11-29,37,12,840.00
2024-11-29,4,6,390.00
2024-11-29,39,3,345.00
2024-11-29,38,4,340.00
2024-11-29,5,3,255.00
2024-11-29,8,1,145.00
2024-11-29,36,1,25.00
2024-11-28,1,896,58495.00
2024-11-28,2,293,25165.00
2024-11-28,15,88,10370.00
2024-11-28,17,69,8160.00
2024-11-28,45,68,6950.00
2024-11-28,20,50,5800.00
2024-11-28,44,62,4980.00
2024-11-28,3,38,4445.00
2024-11-28,16,20,3040.00
2024-11-28,18,13,1955.00
2024-11-28,46,14,1940.00
2024-11-28,19,7,1015.00
2024-11-28,7,7,805.00
2024-11-28,4,12,780.00
2024-11-28,38,8,700.00
2024-11-28,37,10,650.00
2024-11-28,8,4,580.00
2024-11-28,39,2,255.00
2024-11-28,6,1,115.00
2024-11-28,36,1,25.00
2024-11-27,1,998,65395.00
2024-11-27,2,344,29600.00
2024-11-27,15,117,14055.00
2024-11-27,17,101,11965.00
2024-11-27,45,81,8175.00
2024-11-27,44,96,7780.00
2024-11-27,3,59,6935.00
2024-11-27,20,51,6015.00
2024-11-27,16,21,3220.00
2024-11-27,18,20,2970.00
2024-11-27,46,16,2140.00
2024-11-27,19,8,1160.00
2024-11-27,4,12,780.00
2024-11-27,5,9,765.00
2024-11-27,37,9,585.00
2024-11-27,38,3,255.00
2024-11-27,7,2,230.00
2024-11-27,8,1,145.00
2024-11-27,39,1,140.00
2024-11-27,6,1,115.00
2024-11-27,36,2,50.00
2024-11-26,1,858,56265.00
2024-11-26,2,287,24755.00
2024-11-26,15,91,10715.00
2024-11-26,17,90,10600.00
2024-11-26,44,93,7760.00
2024-11-26,20,58,6820.00
2024-11-26,3,52,6005.00
2024-11-26,45,51,5200.00
2024-11-26,16,28,4165.00
2024-11-26,18,18,2610.00
2024-11-26,7,11,1365.00
2024-11-26,19,8,1160.00
2024-11-26,46,6,810.00
2024-11-26,4,10,665.00
2024-11-26,5,7,615.00
2024-11-26,37,5,355.00
2024-11-26,8,2,290.00
2024-11-26,38,2,170.00
2024-11-26,39,1,140.00
2024-11-26,6,1,115.00
2024-11-26,36,3,75.00
2024-11-25,1,797,52285.00
2024-11-25,2,270,23190.00
2024-11-25,15,100,12025.00
2024-11-25,17,99,11860.00
2024-11-25,45,86,8875.00
2024-11-25,44,83,6780.00
2024-11-25,16,28,4165.00
2024-11-25,20,34,3935.00
2024-11-25,3,33,3820.00
2024-11-25,18,15,2210.00
2024-11-25,46,13,1960.00
2024-11-25,19,9,1305.00
2024-11-25,37,17,1120.00
2024-11-25,7,8,970.00
2024-11-25,38,5,425.00
2024-11-25,4,6,390.00
2024-11-25,5,2,170.00
2024-11-25,8,1,145.00
2024-11-25,36,1,25.00
2024-11-24,1,1303,85100.00
2024-11-24,2,414,35450.00
2024-11-24,17,121,14240.00
2024-11-24,15,117,14005.00
2024-11-24,45,103,10475.00
2024-11-24,20,77,9230.00
2024-11-24,3,77,9080.00
2024-11-24,44,104,8420.00
2024-11-24,16,40,6115.00
2024-11-24,18,32,4780.00
2024-11-24,46,22,2890.00
2024-11-24,37,23,1570.00
2024-11-24,7,10,1200.00
2024-11-24,19,7,1050.00
2024-11-24,4,12,810.00
2024-11-24,38,5,425.00
2024-11-24,8,1,180.00
2024-11-24,5,2,170.00
2024-11-24,39,1,115.00
2024-11-24,36,1,25.00
2024-11-23,1,1293,84495.00
2024-11-23,2,421,35905.00
2024-11-23,15,131,15590.00
2024-11-23,45,112,11250.00
2024-11-23,17,85,9875.00
2024-11-23,44,114,9320.00
2024-11-23,3,64,7460.00
2024-11-23,20,51,5965.00
2024-11-23,18,36,5220.00
2024-11-23,16,26,3840.00
2024-11-23,19,15,2280.00
2024-11-23,7,13,1595.00
2024-11-23,46,12,1560.00
2024-11-23,4,15,990.00
2024-11-23,38,9,785.00
2024-11-23,37,10,650.00
2024-11-23,5,2,170.00
2024-11-23,8,1,145.00
2024-11-23,39,1,115.00
2024-11-23,36,1,25.00
2024-11-22,1,989,64795.00
2024-11-22,2,384,33120.00
2024-11-22,15,95,11350.00
2024-11-22,45,97,9800.00
2024-11-22,3,77,8930.00
2024-11-22,17,70,8275.00
2024-11-22,44,97,8020.00
2024-11-22,20,43,4970.00
2024-11-22,46,25,3430.00
2024-11-22,18,20,2970.00
2024-11-22,16,18,2680.00
2024-11-22,19,9,1410.00
2024-11-22,5,10,950.00
2024-11-22,7,7,805.00
2024-11-22,37,10,650.00
2024-11-22,4,9,585.00
2024-11-22,38,3,275.00
2024-11-22,8,1,145.00
2024-11-22,6,1,115.00
2024-11-21,1,1010,66130.00
2024-11-21,2,318,27230.00
2024-11-21,15,82,9830.00
2024-11-21,17,71,8365.00
2024-11-21,44,94,7920.00
2024-11-21,3,59,6810.00
2024-11-21,45,64,6525.00
2024-11-21,20,43,4970.00
2024-11-21,46,19,2530.00
2024-11-21,18,14,2030.00
2024-11-21,16,13,1990.00
2024-11-21,37,18,1170.00
2024-11-21,7,9,1160.00
2024-11-21,19,7,1015.00
2024-11-21,4,8,535.00
2024-11-21,38,5,445.00
2024-11-21,8,3,435.00
2024-11-21,5,5,425.00
2024-11-21,6,1,115.00
2024-11-21,36,2,50.00
2024-11-20,1,1079,70735.00
2024-11-20,2,373,31965.00
2024-11-20,17,134,15785.00
2024-11-20,15,98,11770.00
2024-11-20,45,91,9225.00
2024-11-20,44,100,8060.00
2024-11-20,3,66,7640.00
2024-11-20,20,47,5505.00
2024-11-20,18,29,4345.00
2024-11-20,16,25,3730.00
2024-11-20,46,16,2140.00
2024-11-20,4,19,1265.00
2024-11-20,19,6,975.00
2024-11-20,7,7,830.00
2024-11-20,5,9,765.00
2024-11-20,38,7,595.00
2024-11-20,8,4,580.00
2024-11-20,37,8,535.00
2024-11-20,6,3,345.00
2024-11-20,39,1,115.00
2024-11-20,36,2,50.00
2024-11-19,1,887,58300.00
2024-11-19,2,350,30210.00
2024-11-19,17,100,11775.00
2024-11-19,45,96,9925.00
2024-11-19,15,73,8520.00
2024-11-19,44,82,6740.00
2024-11-19,3,56,6540.00
2024-11-19,16,40,5940.00
2024-11-19,20,30,3475.00
2024-11-19,18,14,2100.00
2024-11-19,46,13,1720.00
2024-11-19,19,10,1520.00
2024-11-19,7,10,1150.00
2024-11-19,37,11,715.00
2024-11-19,4,7,455.00
2024-11-19,8,3,435.00
2024-11-19,38,4,360.00
2024-11-19,5,3,255.00
2024-11-19,6,2,230.00
2024-11-19,36,3,75.00
2024-11-18,1,1135,74360.00
2024-11-18,2,373,31985.00
2024-11-18,17,129,15335.00
2024-11-18,15,97,11505.00
2024-11-18,45,85,8675.00
2024-11-18,44,90,7300.00
2024-11-18,3,61,7015.00
2024-11-18,20,57,6705.00
2024-11-18,16,34,5140.00
2024-11-18,18,27,3985.00
2024-11-18,46,14,1820.00
2024-11-18,19,12,1740.00
2024-11-18,4,16,1115.00
2024-11-18,37,16,1040.00
2024-11-18,7,5,575.00
2024-11-18,6,5,575.00
2024-11-18,38,5,425.00
2024-11-18,5,5,425.00
2024-11-18,8,2,290.00
2024-11-18,36,5,125.00
2024-11-18,39,1,115.00
2024-11-17,1,1503,98055.00
2024-11-17,2,486,41750.00
2024-11-17,17,172,20280.00
2024-11-17,15,149,17610.00
2024-11-17,45,132,13450.00
2024-11-17,3,86,10065.00
2024-11-17,44,121,9740.00
2024-11-17,20,76,8790.00
2024-11-17,16,54,8285.00
2024-11-17,18,36,5325.00
2024-11-17,46,21,2790.00
2024-11-17,37,27,1770.00
2024-11-17,19,9,1340.00
2024-11-17,4,16,1040.00
2024-11-17,7,7,855.00
2024-11-17,5,9,805.00
2024-11-17,38,7,595.00
2024-11-17,8,3,505.00
2024-11-17,39,2,230.00
2024-11-17,36,6,150.00
2024-11-17,6,1,115.00
2024-11-16,1,549,35730.00
2024-11-16,2,169,14485.00
2024-11-16,17,56,6615.00
2024-11-16,45,47,4725.00
2024-11-16,3,40,4625.00
2024-11-16,15,37,4380.00
2024-11-16,44,33,2680.00
2024-11-16,20,18,2095.00
2024-11-16,18,13,1885.00
2024-11-16,16,13,1885.00
2024-11-16,37,18,1170.00
2024-11-16,8,6,940.00
2024-11-16,7,7,830.00
2024-11-16,19,5,725.00
2024-11-16,46,3,390.00
2024-11-16,4,5,325.00
2024-11-16,38,3,275.00
2024-11-16,5,3,255.00
2024-11-16,6,1,115.00
2024-11-16,39,1,115.00
2024-11-15,1,1314,86205.00
2024-11-15,2,412,35280.00
2024-11-15,17,157,18355.00
2024-11-15,15,128,14895.00
2024-11-15,3,88,10320.00
2024-11-15,44,117,9440.00
2024-11-15,45,92,9325.00
2024-11-15,20,51,5865.00
2024-11-15,16,36,5430.00
2024-11-15,18,25,3695.00
2024-11-15,46,17,2300.00
2024-11-15,19,10,1485.00
2024-11-15,38,14,1210.00
2024-11-15,8,5,760.00
2024-11-15,7,6,740.00
2024-11-15,37,11,730.00
2024-11-15,4,6,390.00
2024-11-15,39,3,345.00
2024-11-15,5,4,340.00
2024-11-15,6,2,230.00
2024-11-15,36,5,125.00
2024-11-14,1,944,61690.00
2024-11-14,2,358,30830.00
2024-11-14,17,114,13260.00
2024-11-14,15,98,11670.00
2024-11-14,3,64,7560.00
2024-11-14,45,68,6900.00
2024-11-14,44,75,6180.00
2024-11-14,20,53,6170.00
2024-11-14,16,33,4925.00
2024-11-14,18,16,2425.00
2024-11-14,46,17,2300.00
2024-11-14,19,9,1340.00
2024-11-14,4,13,860.00
2024-11-14,38,7,595.00
2024-11-14,8,4,580.00
2024-11-14,7,5,575.00
2024-11-14,37,3,195.00
2024-11-14,5,2,170.00
2024-11-14,6,1,115.00
2024-11-14,36,1,25.00
2024-11-13,1,948,62115.00
2024-11-13,2,327,28015.00
2024-11-13,17,122,14580.00
2024-11-13,15,87,10355.00
2024-11-13,3,66,7740.00
2024-11-13,45,69,7125.00
2024-11-13,44,83,6980.00
2024-11-13,20,34,3985.00
2024-11-13,16,23,3615.00
2024-11-13,18,21,3115.00
2024-11-13,46,10,1390.00
2024-11-13,19,8,1195.00
2024-11-13,38,14,1190.00
2024-11-13,37,11,715.00
2024-11-13,7,6,690.00
2024-11-13,4,4,260.00
2024-11-13,8,1,145.00
2024-11-13,39,1,115.00
2024-11-13,6,1,115.00
2024-11-13,5,1,85.00
2024-11-13,36,2,50.00
2024-11-12,1,836,54715.00
2024-11-12,2,265,22785.00
2024-11-12,17,104,12410.00
2024-11-12,15,73,8520.00
2024-11-12,45,65,6625.00
2024-11-12,3,46,5415.00
2024-11-12,44,62,4980.00
2024-11-12,20,34,3985.00
2024-11-12,16,26,3805.00
2024-11-12,18,23,3370.00
2024-11-12,46,14,1940.00
2024-11-12,19,9,1340.00
2024-11-12,4,13,845.00
2024-11-12,37,8,520.00
2024-11-12,39,2,255.00
2024-11-12,38,3,255.00
2024-11-12,5,2,170.00
2024-11-12,36,1,25.00
2024-11-11,1,848,55675.00
2024-11-11,2,288,24740.00
2024-11-11,15,90,10525.00
2024-11-11,17,88,10445.00
2024-11-11,44,92,7700.00
2024-11-11,45,72,7375.00
2024-11-11,3,48,5645.00
2024-11-11,20,35,4075.00
2024-11-11,16,23,3440.00
2024-11-11,18,13,1920.00
2024-11-11,46,14,1820.00
2024-11-11,19,8,1160.00
2024-11-11,4,13,845.00
2024-11-11,37,9,585.00
2024-11-11,5,6,510.00
2024-11-11,38,6,510.00
2024-11-11,7,2,230.00
2024-11-11,8,1,145.00
2024-11-11,39,1,140.00
2024-11-10,1,1193,77980.00
2024-11-10,2,347,29715.00
2024-11-10,15,107,12730.00
2024-11-10,17,104,12110.00
2024-11-10,45,101,10275.00
2024-11-10,3,85,9975.00
2024-11-10,44,89,7240.00
2024-11-10,20,46,5415.00
2024-11-10,18,29,4485.00
2024-11-10,16,29,4380.00
2024-11-10,46,10,1360.00
2024-11-10,37,14,925.00
2024-11-10,4,12,810.00
2024-11-10,19,5,725.00
2024-11-10,7,5,575.00
2024-11-10,5,6,530.00
2024-11-10,39,4,460.00
2024-11-10,38,4,360.00
2024-11-10,6,3,345.00
2024-11-10,36,7,175.00
2024-11-10,8,1,145.00
2024-11-09,1,1315,85895.00
2024-11-09,2,383,32775.00
2024-11-09,17,127,14680.00
2024-11-09,15,104,12210.00
2024-11-09,45,108,11075.00
2024-11-09,3,82,9530.00
2024-11-09,44,95,7640.00
2024-11-09,20,64,7535.00
2024-11-09,16,26,3980.00
2024-11-09,18,18,2610.00
2024-11-09,46,16,2140.00
2024-11-09,19,12,1880.00
2024-11-09,37,22,1430.00
2024-11-09,4,13,845.00
2024-11-09,5,9,765.00
2024-11-09,39,5,575.00
2024-11-09,38,6,510.00
2024-11-09,7,4,460.00
2024-11-09,6,2,230.00
2024-11-09,8,1,180.00
2024-11-08,1,1161,76230.00
2024-11-08,2,342,29410.00
2024-11-08,17,128,15095.00
2024-11-08,15,101,12240.00
2024-11-08,45,108,11050.00
2024-11-08,44,116,9620.00
2024-11-08,3,58,6920.00
2024-11-08,16,36,5570.00
2024-11-08,20,44,5235.00
2024-11-08,18,17,2535.00
2024-11-08,46,17,2300.00
2024-11-08,37,18,1185.00
2024-11-08,4,16,1115.00
2024-11-08,5,12,1040.00
2024-11-08,19,6,905.00
2024-11-08,7,5,625.00
2024-11-08,39,4,460.00
2024-11-08,38,4,360.00
2024-11-08,6,2,230.00
2024-11-08,8,1,145.00
2024-11-08,36,1,25.00
2024-11-07,1,817,53780.00
2024-11-07,2,262,22530.00
2024-11-07,17,82,9480.00
2024-11-07,15,79,9410.00
2024-11-07,45,69,7050.00
2024-11-07,44,74,6040.00
2024-11-07,3,43,5020.00
2024-11-07,16,30,4560.00
2024-11-07,20,31,3615.00
2024-11-07,18,16,2390.00
2024-11-07,19,10,1520.00
2024-11-07,7,12,1380.00
2024-11-07,37,18,1170.00
2024-11-07,46,5,680.00
2024-11-07,4,7,470.00
2024-11-07,5,5,425.00
2024-11-07,6,3,345.00
2024-11-07,8,2,290.00
2024-11-07,38,3,255.00
2024-11-07,39,2,230.00
2024-11-06,1,844,55280.00
2024-11-06,2,240,20740.00
2024-11-06,17,95,11200.00
2024-11-06,15,87,10255.00
2024-11-06,44,90,7340.00
2024-11-06,45,63,6500.00
2024-11-06,3,41,4915.00
2024-11-06,20,39,4585.00
2024-11-06,16,21,3080.00
2024-11-06,18,16,2355.00
2024-11-06,46,13,1810.00
2024-11-06,7,11,1340.00
2024-11-06,4,13,845.00
2024-11-06,8,3,470.00
2024-11-06,19,3,470.00
2024-11-06,37,4,275.00
2024-11-06,5,3,275.00
2024-11-06,38,3,255.00
2024-11-06,6,1,140.00
2024-11-06,36,1,25.00
2024-11-05,1,601,39155.00
2024-11-05,2,182,15630.00
2024-11-05,15,66,7840.00
2024-11-05,17,66,7765.00
2024-11-05,44,85,6900.00
2024-11-05,45,67,6750.00
2024-11-05,3,38,4445.00
2024-11-05,18,23,3370.00
2024-11-05,20,28,3245.00
2024-11-05,16,20,2900.00
2024-11-05,46,8,1220.00
2024-11-05,19,6,905.00
2024-11-05,7,5,575.00
2024-11-05,4,7,470.00
2024-11-05,5,4,340.00
2024-11-05,8,2,290.00
2024-11-05,37,3,195.00
2024-11-05,38,2,170.00
2024-11-05,39,1,115.00
2024-11-05,36,1,25.00
2024-11-04,1,831,54735.00
2024-11-04,2,236,20440.00
2024-11-04,17,71,8215.00
2024-11-04,44,85,6980.00
2024-11-04,15,58,6945.00
2024-11-04,3,57,6755.00
2024-11-04,45,49,4975.00
2024-11-04,20,38,4470.00
2024-11-04,16,28,4235.00
2024-11-04,18,21,3080.00
2024-11-04,46,16,2260.00
2024-11-04,19,6,870.00
2024-11-04,5,8,700.00
2024-11-04,7,6,690.00
2024-11-04,4,9,600.00
2024-11-04,38,7,595.00
2024-11-04,37,8,520.00
2024-11-04,8,3,435.00
2024-11-04,39,1,115.00
2024-11-03,1,1049,68665.00
2024-11-03,2,340,29140.00
2024-11-03,15,104,12460.00
2024-11-03,17,93,10820.00
2024-11-03,44,109,9000.00
2024-11-03,45,86,8750.00
2024-11-03,3,71,8290.00
2024-11-03,16,29,4380.00
2024-11-03,18,30,4350.00
2024-11-03,20,37,4305.00
2024-11-03,46,13,1840.00
2024-11-03,37,18,1200.00
2024-11-03,7,10,1200.00
2024-11-03,19,7,1015.00
2024-11-03,4,14,910.00
2024-11-03,38,9,785.00
2024-11-03,39,4,460.00
2024-11-03,5,5,425.00
2024-11-03,8,2,290.00
2024-11-03,6,1,115.00
2024-11-02,1,1017,66675.00
2024-11-02,2,274,23510.00
2024-11-02,17,97,11380.00
2024-11-02,15,87,10255.00
2024-11-02,45,85,8625.00
2024-11-02,3,71,8390.00
2024-11-02,44,94,7720.00
2024-11-02,20,37,4330.00
2024-11-02,16,28,4200.00
2024-11-02,18,20,2970.00
2024-11-02,46,20,2750.00
2024-11-02,4,23,1510.00
2024-11-02,37,13,860.00
2024-11-02,19,5,760.00
2024-11-02,8,4,650.00
2024-11-02,7,5,575.00
2024-11-02,5,6,530.00
2024-11-02,38,3,255.00
2024-11-02,6,1,115.00
2024-11-02,39,1,115.00
2024-11-01,1,851,55630.00
2024-11-01,2,269,23205.00
2024-11-01,17,94,11110.00
2024-11-01,15,65,7775.00
2024-11-01,45,61,6425.00
2024-11-01,3,52,6055.00
2024-11-01,44,73,5960.00
2024-11-01,20,36,4265.00
2024-11-01,16,17,2500.00
2024-11-01,46,17,2300.00
2024-11-01,18,15,2210.00
2024-11-01,7,13,1570.00
2024-11-01,37,15,1035.00
2024-11-01,19,6,870.00
2024-11-01,4,10,650.00
2024-11-01,38,5,425.00
2024-11-01,5,3,255.00
2024-11-01,8,1,145.00
2024-11-01,36,2,50.00
2024-10-31,1,1279,83615.00
2024-10-31,2,432,36880.00
2024-10-31,17,137,15955.00
2024-10-31,3,106,12415.00
2024-10-31,15,105,12300.00
2024-10-31,44,114,9200.00
2024-10-31,45,85,8550.00
2024-10-31,20,49,5710.00
2024-10-31,18,37,5575.00
2024-10-31,16,36,5360.00
2024-10-31,46,27,3690.00
2024-10-31,19,9,1305.00
2024-10-31,37,16,1040.00
2024-10-31,5,12,1020.00
2024-10-31,4,14,910.00
2024-10-31,7,7,830.00
2024-10-31,38,6,530.00
2024-10-31,39,2,230.00
2024-10-31,8,1,145.00
2024-10-31,6,1,115.00
2024-10-30,1,843,55380.00
2024-10-30,2,291,25035.00
2024-10-30,15,101,12040.00
2024-10-30,17,74,8610.00
2024-10-30,45,60,6125.00
2024-10-30,3,53,6120.00
2024-10-30,44,74,6080.00
2024-10-30,20,32,3780.00
2024-10-30,16,19,2930.00
2024-10-30,46,13,1810.00
2024-10-30,18,7,1015.00
2024-10-30,7,8,970.00
2024-10-30,37,14,910.00
2024-10-30,19,5,760.00
2024-10-30,5,6,510.00
2024-10-30,4,7,455.00
2024-10-30,39,3,345.00
2024-10-30,8,1,145.00
2024-10-30,38,1,85.00
2024-10-30,36,3,75.00
2024-10-29,1,848,55690.00
2024-10-29,2,299,25615.00
2024-10-29,17,80,9350.00
2024-10-29,15,72,8530.00
2024-10-29,45,75,7725.00
2024-10-29,44,87,7080.00
2024-10-29,3,59,6885.00
2024-10-29,16,28,4235.00
2024-10-29,18,25,3695.00
2024-10-29,20,31,3640.00
2024-10-29,46,13,1750.00
2024-10-29,37,23,1510.00
2024-10-29,7,7,880.00
2024-10-29,19,4,615.00
2024-10-29,4,9,585.00
2024-10-29,5,5,425.00
2024-10-29,8,2,290.00
2024-10-29,6,2,230.00
2024-10-29,39,2,230.00
2024-10-29,38,2,170.00
2024-10-29,36,1,25.00
2024-10-28,1,795,51945.00
2024-10-28,2,267,22975.00
2024-10-28,17,68,7895.00
2024-10-28,45,77,7775.00
2024-10-28,15,58,6945.00
2024-10-28,3,47,5480.00
2024-10-28,44,64,5200.00
2024-10-28,20,44,5060.00
2024-10-28,16,20,3040.00
2024-10-28,18,17,2465.00
2024-10-28,46,12,1620.00
2024-10-28,19,4,580.00
2024-10-28,8,3,470.00
2024-10-28,4,6,390.00
2024-10-28,37,6,390.00
2024-10-28,7,3,345.00
2024-10-28,5,3,255.00
2024-10-28,38,3,255.00
2024-10-28,6,2,230.00
2024-10-28,36,2,50.00
2024-10-27,1,1021,66770.00
2024-10-27,2,380,32560.00
2024-10-27,17,88,10345.00
2024-10-27,15,82,9630.00
2024-10-27,44,98,7920.00
2024-10-27,3,64,7510.00
2024-10-27,45,60,6175.00
2024-10-27,46,26,3590.00
2024-10-27,20,29,3410.00
2024-10-27,16,17,2535.00
2024-10-27,18,16,2320.00
2024-10-27,7,7,830.00
2024-10-27,38,9,765.00
2024-10-27,4,11,715.00
2024-10-27,5,7,615.00
2024-10-27,6,4,485.00
2024-10-27,19,3,470.00
2024-10-27,37,6,390.00
2024-10-27,39,1,115.00
2024-10-27,36,2,50.00
2024-10-26,1,1173,76665.00
2024-10-26,2,316,26960.00
2024-10-26,15,109,12685.00
2024-10-26,17,96,11240.00
2024-10-26,45,74,7600.00
2024-10-26,3,58,6820.00
2024-10-26,44,83,6700.00
2024-10-26,20,47,5480.00
2024-10-26,16,34,5175.00
2024-10-26,18,28,4165.00
2024-10-26,19,15,2350.00
2024-10-26,46,16,2320.00
2024-10-26,4,18,1170.00
2024-10-26,7,10,1150.00
2024-10-26,38,12,1020.00
2024-10-26,37,15,990.00
2024-10-26,8,2,290.00
2024-10-26,39,2,230.00
2024-10-26,5,2,170.00
2024-10-26,6,1,115.00
2024-10-25,1,695,45565.00
2024-10-25,2,219,18775.00
2024-10-25,15,59,7060.00
2024-10-25,45,60,6100.00
2024-10-25,17,50,5875.00
2024-10-25,3,35,4075.00
2024-10-25,44,44,3540.00
2024-10-25,20,26,3065.00
2024-10-25,18,16,2495.00
2024-10-25,16,14,2100.00
2024-10-25,46,10,1330.00
2024-10-25,19,9,1305.00
2024-10-25,37,11,790.00
2024-10-25,4,10,650.00
2024-10-25,7,3,370.00
2024-10-25,39,3,345.00
2024-10-25,38,4,340.00
2024-10-25,5,2,170.00
2024-10-25,36,1,25.00
2024-10-24,1,650,42460.00
2024-10-24,2,178,15370.00
2024-10-24,17,83,9795.00
2024-10-24,15,79,9235.00
2024-10-24,45,58,5975.00
2024-10-24,44,68,5620.00
2024-10-24,3,48,5545.00
2024-10-24,20,31,3640.00
2024-10-24,16,19,2825.00
2024-10-24,18,10,1450.00
2024-10-24,46,6,840.00
2024-10-24,19,5,760.00
2024-10-24,4,9,585.00
2024-10-24,7,5,575.00
2024-10-24,38,4,340.00
2024-10-24,5,3,255.00
2024-10-24,37,3,195.00
2024-10-24,6,1,115.00
2024-10-23,1,666,43545.00
2024-10-23,2,212,18240.00
2024-10-23,17,69,7960.00
2024-10-23,15,55,6450.00
2024-10-23,44,72,6080.00
2024-10-23,3,46,5540.00
2024-10-23,45,36,3700.00
2024-10-23,20,30,3550.00
2024-10-23,16,17,2500.00
2024-10-23,18,16,2320.00
2024-10-23,19,8,1230.00
2024-10-23,4,16,1040.00
2024-10-23,46,6,870.00
2024-10-23,37,12,780.00
2024-10-23,39,5,575.00
2024-10-23,5,6,550.00
2024-10-23,7,3,370.00
2024-10-23,6,3,345.00
2024-10-23,8,2,290.00
2024-10-23,38,3,255.00
2024-10-22,1,244,16025.00
2024-10-22,2,66,5670.00
2024-10-22,17,22,2605.00
2024-10-22,3,20,2325.00
2024-10-22,44,23,1900.00
2024-10-22,15,14,1710.00
2024-10-22,45,16,1650.00
2024-10-22,16,7,1085.00
2024-10-22,20,8,995.00
2024-10-22,46,5,710.00
2024-10-22,18,3,435.00
2024-10-22,37,4,260.00
2024-10-22,7,2,255.00
2024-10-22,6,2,230.00
2024-10-22,4,3,195.00
2024-10-22,19,1,145.00
2024-10-22,38,1,85.00
2024-10-22,5,1,85.00
2024-10-21,1,600,39270.00
2024-10-21,2,174,14850.00
2024-10-21,15,56,6590.00
2024-10-21,17,54,6235.00
2024-10-21,45,56,5775.00
2024-10-21,44,58,4720.00
2024-10-21,3,34,4035.00
2024-10-21,20,30,3525.00
2024-10-21,16,20,2900.00
2024-10-21,18,13,1990.00
2024-10-21,46,13,1780.00
2024-10-21,7,7,855.00
2024-10-21,4,8,520.00
2024-10-21,37,6,390.00
2024-10-21,38,4,340.00
2024-10-21,5,2,170.00
2024-10-21,19,1,145.00
2024-10-21,36,1,25.00
2024-10-20,1,1435,94175.00
2024-10-20,2,428,36720.00
2024-10-20,17,144,16935.00
2024-10-20,15,137,16205.00
2024-10-20,44,133,10960.00
2024-10-20,45,105,10575.00
2024-10-20,3,84,9885.00
2024-10-20,20,74,8560.00
2024-10-20,18,27,3985.00
2024-10-20,16,23,3475.00
2024-10-20,19,15,2210.00
2024-10-20,46,13,1840.00
2024-10-20,7,8,920.00
2024-10-20,4,14,910.00
2024-10-20,8,4,650.00
2024-10-20,38,7,615.00
2024-10-20,37,9,600.00
2024-10-20,5,5,445.00
2024-10-20,6,1,115.00
2024-10-20,36,1,25.00
2024-10-19,1,1151,75295.00
2024-10-19,2,327,28055.00
2024-10-19,15,136,16265.00
2024-10-19,17,117,13580.00
2024-10-19,44,119,9800.00
2024-10-19,45,89,9150.00
2024-10-19,3,55,6625.00
2024-10-19,20,39,4535.00
2024-10-19,18,23,3440.00
2024-10-19,16,20,3040.00
2024-10-19,19,17,2675.00
2024-10-19,46,18,2490.00
2024-10-19,7,7,830.00
2024-10-19,37,12,795.00
2024-10-19,8,5,795.00
2024-10-19,38,9,765.00
2024-10-19,4,8,520.00
2024-10-19,39,4,485.00
2024-10-19,5,4,340.00
2024-10-19,36,5,125.00
2024-10-19,6,1,115.00
2024-10-18,1,1045,68675.00
2024-10-18,2,316,27320.00
2024-10-18,17,119,13885.00
2024-10-18,15,90,10600.00
2024-10-18,44,113,9440.00
2024-10-18,45,81,8425.00
2024-10-18,20,57,6580.00
2024-10-18,3,49,5785.00
2024-10-18,16,34,5105.00
2024-10-18,18,22,3295.00
2024-10-18,46,20,2720.00
2024-10-18,19,13,2095.00
2024-10-18,37,26,1735.00
2024-10-18,7,13,1520.00
2024-10-18,4,15,975.00
2024-10-18,5,9,765.00
2024-10-18,38,5,425.00
2024-10-18,8,2,290.00
2024-10-18,39,1,115.00
2024-10-17,1,855,55860.00
2024-10-17,2,305,26145.00
2024-10-17,17,83,9870.00
2024-10-17,15,64,7660.00
2024-10-17,45,69,7025.00
2024-10-17,44,75,6160.00
2024-10-17,3,43,5145.00
2024-10-17,16,30,4630.00
2024-10-17,20,37,4380.00
2024-10-17,18,22,3260.00
2024-10-17,46,10,1360.00
2024-10-17,37,19,1250.00
2024-10-17,4,13,845.00
2024-10-17,8,5,760.00
2024-10-17,19,5,760.00
2024-10-17,5,6,510.00
2024-10-17,7,3,345.00
2024-10-17,6,3,345.00
2024-10-17,38,3,255.00
2024-10-17,39,2,255.00
2024-10-17,36,1,25.00
2024-10-16,1,892,58385.00
2024-10-16,2,318,27330.00
2024-10-16,15,108,12720.00
2024-10-16,17,104,12160.00
2024-10-16,44,127,10760.00
2024-10-16,3,78,9070.00
2024-10-16,45,86,8650.00
2024-10-16,20,41,4815.00
2024-10-16,16,20,3005.00
2024-10-16,18,20,2900.00
2024-10-16,46,16,2230.00
2024-10-16,19,8,1160.00
2024-10-16,4,17,1105.00
2024-10-16,37,15,990.00
2024-10-16,7,6,715.00
2024-10-16,6,5,575.00
2024-10-16,5,6,510.00
2024-10-16,38,5,425.00
2024-10-16,36,2,50.00
2024-10-15,1,1022,66670.00
2024-10-15,2,315,27035.00
2024-10-15,17,88,10320.00
2024-10-15,15,79,9260.00
2024-10-15,3,70,8450.00
2024-10-15,44,98,8060.00
2024-10-15,45,59,6125.00
2024-10-15,16,21,3185.00
2024-10-15,20,27,3180.00
2024-10-15,18,15,2175.00
2024-10-15,46,11,1430.00
2024-10-15,6,8,945.00
2024-10-15,19,6,870.00
2024-10-15,7,7,855.00
2024-10-15,37,8,550.00
2024-10-15,4,6,390.00
2024-10-15,38,4,340.00
2024-10-15,5,3,255.00
2024-10-15,8,1,145.00
2024-10-15,39,1,115.00
2024-10-14,1,849,55560.00
2024-10-14,2,303,26055.00
2024-10-14,17,96,11490.00
2024-10-14,15,77,9080.00
2024-10-14,44,86,6980.00
2024-10-14,45,63,6400.00
2024-10-14,3,51,5990.00
2024-10-14,20,44,5135.00
2024-10-14,18,25,3730.00
2024-10-14,16,21,3185.00
2024-10-14,46,16,2200.00
2024-10-14,19,11,1700.00
2024-10-14,38,12,1020.00
2024-10-14,4,14,910.00
2024-10-14,5,10,850.00
2024-10-14,7,7,805.00
2024-10-14,6,4,485.00
2024-10-14,37,6,390.00
2024-10-14,8,2,290.00
2024-10-14,39,2,230.00
2024-10-14,36,1,25.00
2024-10-13,1,1394,91180.00
2024-10-13,2,441,37645.00
2024-10-13,17,110,12800.00
2024-10-13,44,141,11520.00
2024-10-13,3,93,10820.00
2024-10-13,15,85,10150.00
2024-10-13,45,85,8875.00
2024-10-13,20,63,7270.00
2024-10-13,16,31,4565.00
2024-10-13,18,26,3840.00
2024-10-13,46,25,3280.00
2024-10-13,37,39,2625.00
2024-10-13,19,13,1955.00
2024-10-13,7,11,1315.00
2024-10-13,38,12,1020.00
2024-10-13,5,10,850.00
2024-10-13,4,11,730.00
2024-10-13,6,3,345.00
2024-10-13,8,1,145.00
2024-10-13,39,1,115.00
2024-10-13,36,2,50.00
2024-10-12,1,1315,86135.00
2024-10-12,2,403,34695.00
2024-10-12,15,148,17395.00
2024-10-12,17,136,15790.00
2024-10-12,44,124,10080.00
2024-10-12,45,86,8725.00
2024-10-12,3,74,8585.00
2024-10-12,20,68,7920.00
2024-10-12,16,40,5940.00
2024-10-12,18,30,4455.00
2024-10-12,46,11,1460.00
2024-10-12,5,10,850.00
2024-10-12,4,12,795.00
2024-10-12,37,12,795.00
2024-10-12,7,6,740.00
2024-10-12,38,8,720.00
2024-10-12,8,3,470.00
2024-10-12,19,2,290.00
2024-10-12,6,2,230.00
2024-10-12,39,1,140.00
2024-10-12,36,3,75.00
2024-10-11,1,949,62420.00
2024-10-11,2,354,30410.00
2024-10-11,17,88,10320.00
2024-10-11,44,120,10020.00
2024-10-11,15,80,9450.00
2024-10-11,3,67,7830.00
2024-10-11,45,68,6925.00
2024-10-11,20,34,4060.00
2024-10-11,18,25,3730.00
2024-10-11,16,23,3615.00
2024-10-11,46,13,1810.00
2024-10-11,5,18,1530.00
2024-10-11,19,9,1340.00
2024-10-11,8,6,940.00
2024-10-11,38,11,935.00
2024-10-11,4,14,910.00
2024-10-11,37,12,810.00
2024-10-11,39,6,690.00
2024-10-11,7,5,625.00
2024-10-11,6,2,230.00
2024-10-11,36,1,25.00
2024-10-10,1,783,51585.00
2024-10-10,2,231,19995.00
2024-10-10,17,80,9300.00
2024-10-10,15,73,8695.00
2024-10-10,44,82,6640.00
2024-10-10,3,50,5875.00
2024-10-10,45,50,5025.00
2024-10-10,20,35,4100.00
2024-10-10,18,17,2535.00
2024-10-10,46,18,2400.00
2024-10-10,16,12,1915.00
2024-10-10,19,8,1195.00
2024-10-10,4,12,780.00
2024-10-10,37,11,730.00
2024-10-10,7,5,600.00
2024-10-10,38,4,340.00
2024-10-10,8,1,145.00
2024-10-10,6,1,115.00
2024-10-10,5,1,85.00
2024-10-09,1,764,50230.00
2024-10-09,2,230,19730.00
2024-10-09,17,91,10590.00
2024-10-09,15,88,10345.00
2024-10-09,45,59,5975.00
2024-10-09,44,70,5780.00
2024-10-09,3,42,4905.00
2024-10-09,20,36,4265.00
2024-10-09,16,23,3545.00
2024-10-09,18,16,2460.00
2024-10-09,46,8,1070.00
2024-10-09,19,7,1015.00
2024-10-09,38,10,850.00
2024-10-09,4,11,730.00
2024-10-09,37,11,715.00
2024-10-09,7,4,485.00
2024-10-09,8,3,470.00
2024-10-09,39,2,280.00
2024-10-09,6,1,115.00
2024-10-09,5,1,85.00
2024-10-09,36,3,75.00
2024-10-08,1,712,46685.00
2024-10-08,2,248,21480.00
2024-10-08,15,65,7625.00
2024-10-08,45,67,6800.00
2024-10-08,44,82,6680.00
2024-10-08,17,56,6540.00
2024-10-08,3,39,4635.00
2024-10-08,20,28,3270.00
2024-10-08,16,17,2640.00
2024-10-08,18,17,2500.00
2024-10-08,7,13,1520.00
2024-10-08,46,9,1290.00
2024-10-08,4,11,730.00
2024-10-08,37,9,585.00
2024-10-08,19,4,580.00
2024-10-08,38,6,510.00
2024-10-08,5,3,255.00
2024-10-08,6,2,230.00
2024-10-08,36,1,25.00
2024-10-07,1,702,45975.00
2024-10-07,2,207,17775.00
2024-10-07,17,77,9030.00
2024-10-07,15,73,8870.00
2024-10-07,44,84,6960.00
2024-10-07,45,62,6350.00
2024-10-07,3,52,6130.00
2024-10-07,20,32,3705.00
2024-10-07,16,15,2315.00
2024-10-07,18,11,1630.00
2024-10-07,19,11,1595.00
2024-10-07,46,11,1550.00
2024-10-07,37,15,975.00
2024-10-07,7,8,945.00
2024-10-07,8,4,580.00
2024-10-07,4,8,520.00
2024-10-07,38,5,425.00
2024-10-07,5,4,340.00
2024-10-07,39,2,230.00
2024-10-07,36,3,75.00
2024-10-06,1,858,56280.00
2024-10-06,2,248,21280.00
2024-10-06,17,80,9300.00
2024-10-06,15,76,9065.00
2024-10-06,45,88,8975.00
2024-10-06,44,89,7220.00
2024-10-06,3,55,6375.00
2024-10-06,20,49,5785.00
2024-10-06,46,25,3250.00
2024-10-06,16,14,2100.00
2024-10-06,18,12,1810.00
2024-10-06,7,10,1175.00
2024-10-06,37,16,1055.00
2024-10-06,19,5,725.00
2024-10-06,38,7,595.00
2024-10-06,4,8,550.00
2024-10-06,5,5,425.00
2024-10-06,6,2,230.00
2024-10-06,8,1,145.00
2024-10-05,1,1041,68235.00
2024-10-05,2,333,28545.00
2024-10-05,17,79,9310.00
2024-10-05,15,79,9285.00
2024-10-05,45,79,8025.00
2024-10-05,44,89,7160.00
2024-10-05,3,59,6910.00
2024-10-05,20,39,4535.00
2024-10-05,16,25,3800.00
2024-10-05,18,23,3370.00
2024-10-05,46,15,1950.00
2024-10-05,37,21,1410.00
2024-10-05,7,12,1380.00
2024-10-05,19,9,1340.00
2024-10-05,4,14,910.00
2024-10-05,5,8,680.00
2024-10-05,8,4,580.00
2024-10-05,6,5,575.00
2024-10-05,39,3,345.00
2024-10-05,38,4,340.00
2024-10-05,36,3,75.00
2024-10-04,1,901,58775.00
2024-10-04,2,294,25450.00
2024-10-04,44,131,10660.00
2024-10-04,17,92,10655.00
2024-10-04,15,80,9400.00
2024-10-04,45,83,8525.00
2024-10-04,3,67,7830.00
2024-10-04,16,28,4200.00
2024-10-04,20,35,4150.00
2024-10-04,18,22,3225.00
2024-10-04,46,24,3210.00
2024-10-04,5,17,1445.00
2024-10-04,19,8,1195.00
2024-10-04,7,10,1150.00
2024-10-04,37,9,600.00
2024-10-04,6,5,575.00
2024-10-04,4,7,455.00
2024-10-04,39,2,230.00
2024-10-04,8,1,145.00
2024-10-04,38,1,85.00
2024-10-03,1,979,64700.00
2024-10-03,2,352,30360.00
2024-10-03,17,78,9245.00
2024-10-03,45,86,8700.00
2024-10-03,44,103,8440.00
2024-10-03,15,68,8245.00
2024-10-03,20,49,5785.00
2024-10-03,3,46,5465.00
2024-10-03,16,25,3765.00
2024-10-03,18,23,3405.00
2024-10-03,46,19,2560.00
2024-10-03,19,12,1740.00
2024-10-03,7,11,1315.00
2024-10-03,37,16,1040.00
2024-10-03,4,9,585.00
2024-10-03,8,4,580.00
2024-10-03,38,6,510.00
2024-10-03,5,5,425.00
2024-10-03,6,2,230.00
2024-10-03,39,2,230.00
2024-10-02,1,1055,69250.00
2024-10-02,2,331,28495.00
2024-10-02,17,91,10690.00
2024-10-02,15,87,10330.00
2024-10-02,45,92,9400.00
2024-10-02,44,98,8060.00
2024-10-02,3,61,7140.00
2024-10-02,20,51,6015.00
2024-10-02,16,33,5065.00
2024-10-02,18,22,3295.00
2024-10-02,46,16,2110.00
2024-10-02,7,11,1315.00
2024-10-02,38,10,850.00
2024-10-02,37,12,795.00
2024-10-02,19,5,795.00
2024-10-02,5,6,510.00
2024-10-02,4,7,455.00
2024-10-02,39,2,230.00
2024-10-02,8,1,145.00
2024-10-02,6,1,115.00
2024-10-01,1,1089,71820.00
2024-10-01,2,391,33795.00
2024-10-01,15,92,10930.00
2024-10-01,17,84,10010.00
2024-10-01,45,97,9800.00
2024-10-01,44,106,8740.00
2024-10-01,3,54,6385.00
2024-10-01,16,35,5250.00
2024-10-01,20,41,4815.00
2024-10-01,46,26,3560.00
2024-10-01,18,18,2715.00
2024-10-01,7,10,1200.00
2024-10-01,19,8,1195.00
2024-10-01,37,15,975.00
2024-10-01,8,6,940.00
2024-10-01,38,7,595.00
2024-10-01,39,3,345.00
2024-10-01,4,5,325.00
2024-10-01,5,3,275.00
2024-10-01,6,1,115.00
2024-09-30,1,1168,76355.00
2024-09-30,2,366,31390.00
2024-09-30,17,133,15720.00
2024-09-30,15,118,13945.00
2024-09-30,45,105,10700.00
2024-09-30,44,124,10120.00
2024-09-30,3,61,7140.00
2024-09-30,20,54,6360.00
2024-09-30,16,38,5545.00
2024-09-30,18,22,3225.00
2024-09-30,46,15,1980.00
2024-09-30,7,9,1060.00
2024-09-30,19,6,905.00
2024-09-30,37,13,875.00
2024-09-30,38,6,510.00
2024-09-30,4,7,470.00
2024-09-30,5,5,425.00
2024-09-30,39,3,345.00
2024-09-30,6,3,345.00
2024-09-30,8,2,290.00
2024-09-29,1,1655,108445.00
2024-09-29,2,492,42220.00
2024-09-29,15,122,14355.00
2024-09-29,17,120,14200.00
2024-09-29,44,156,12740.00
2024-09-29,3,97,11430.00
2024-09-29,45,107,10900.00
2024-09-29,16,44,6730.00
2024-09-29,20,55,6375.00
2024-09-29,18,36,5325.00
2024-09-29,46,30,4050.00
2024-09-29,19,19,2790.00
2024-09-29,7,21,2515.00
2024-09-29,4,28,1865.00
2024-09-29,37,20,1345.00
2024-09-29,38,10,850.00
2024-09-29,8,3,435.00
2024-09-29,5,3,255.00
2024-09-29,6,2,230.00
2024-09-29,39,1,115.00
2024-09-28,1,1387,90410.00
2024-09-28,2,474,40830.00
2024-09-28,15,136,16565.00
2024-09-28,17,124,14610.00
2024-09-28,45,134,13625.00
2024-09-28,44,141,11440.00
2024-09-28,3,81,9515.00
2024-09-28,20,76,8815.00
2024-09-28,16,35,5250.00
2024-09-28,18,24,3515.00
2024-09-28,46,19,2680.00
2024-09-28,19,15,2280.00
2024-09-28,4,23,1495.00
2024-09-28,37,15,990.00
2024-09-28,7,7,805.00
2024-09-28,6,6,690.00
2024-09-28,38,8,680.00
2024-09-28,5,8,680.00
2024-09-28,39,3,345.00
2024-09-28,8,1,145.00
2024-09-27,1,1113,72750.00
2024-09-27,2,384,32920.00
2024-09-27,17,119,13710.00
2024-09-27,15,111,13115.00
2024-09-27,44,143,11760.00
2024-09-27,45,101,10325.00
2024-09-27,3,72,8430.00
2024-09-27,20,49,5685.00
2024-09-27,16,36,5430.00
2024-09-27,18,25,3730.00
2024-09-27,46,20,2690.00
2024-09-27,7,11,1315.00
2024-09-27,19,6,940.00
2024-09-27,38,8,700.00
2024-09-27,4,10,650.00
2024-09-27,37,10,650.00
2024-09-27,8,3,470.00
2024-09-27,6,3,345.00
2024-09-27,39,1,115.00
2024-09-27,5,1,85.00
2024-09-26,1,1022,66760.00
2024-09-26,2,308,26380.00
2024-09-26,45,83,8400.00
2024-09-26,15,70,8250.00
2024-09-26,44,88,7160.00
2024-09-26,3,58,6870.00
2024-09-26,20,47,5455.00
2024-09-26,17,43,5045.00
2024-09-26,18,28,4200.00
2024-09-26,16,26,3875.00
2024-09-26,19,18,2645.00
2024-09-26,46,12,1590.00
2024-09-26,37,16,1040.00
2024-09-26,4,13,845.00
2024-09-26,38,9,765.00
2024-09-26,5,6,510.00
2024-09-26,7,4,485.00
2024-09-26,8,3,435.00
2024-09-26,6,1,115.00
2024-09-25,1,758,49945.00
2024-09-25,2,302,25950.00
2024-09-25,17,97,11355.00
2024-09-25,15,84,9985.00
2024-09-25,45,89,9000.00
2024-09-25,3,49,5735.00
2024-09-25,44,63,5240.00
2024-09-25,20,35,4100.00
2024-09-25,18,20,2900.00
2024-09-25,16,18,2645.00
2024-09-25,46,13,1750.00
2024-09-25,5,13,1125.00
2024-09-25,38,12,1020.00
2024-09-25,37,14,925.00
2024-09-25,19,6,905.00
2024-09-25,7,6,715.00
2024-09-25,4,9,585.00
2024-09-25,8,3,435.00
2024-09-24,1,733,47915.00
2024-09-24,2,213,18245.00
2024-09-24,15,82,9705.00
2024-09-24,17,80,9500.00
2024-09-24,45,83,8475.00
2024-09-24,3,54,6310.00
2024-09-24,44,71,5740.00
2024-09-24,20,46,5490.00
2024-09-24,16,22,3260.00
2024-09-24,46,11,1460.00
2024-09-24,18,8,1195.00
2024-09-24,7,10,1175.00
2024-09-24,37,16,1040.00
2024-09-24,5,6,510.00
2024-09-24,4,7,455.00
2024-09-24,8,3,435.00
2024-09-24,19,2,290.00
2024-09-24,39,2,230.00
2024-09-24,6,1,115.00
2024-09-24,38,1,85.00
2024-09-23,1,908,59275.00
2024-09-23,2,353,30305.00
2024-09-23,15,88,10420.00
2024-09-23,17,81,9415.00
2024-09-23,45,82,8300.00
2024-09-23,44,91,7380.00
2024-09-23,3,62,7280.00
2024-09-23,20,35,4075.00
2024-09-23,16,26,3910.00
2024-09-23,18,21,3080.00
2024-09-23,46,17,2270.00
2024-09-23,19,13,1920.00
2024-09-23,7,15,1750.00
2024-09-23,37,16,1040.00
2024-09-23,8,7,1015.00
2024-09-23,38,5,425.00
2024-09-23,4,6,390.00
2024-09-23,5,4,340.00
2024-09-23,6,1,115.00
2024-09-22,1,1167,76500.00
2024-09-22,2,306,26470.00
2024-09-22,15,133,15820.00
2024-09-22,17,121,14065.00
2024-09-22,44,157,12680.00
2024-09-22,45,102,10350.00
2024-09-22,3,78,9095.00
2024-09-22,20,55,6450.00
2024-09-22,18,22,3260.00
2024-09-22,16,17,2500.00
2024-09-22,46,12,1650.00
2024-09-22,37,21,1365.00
2024-09-22,7,7,855.00
2024-09-22,38,9,765.00
2024-09-22,19,4,615.00
2024-09-22,4,8,520.00
2024-09-22,5,5,425.00
2024-09-22,6,2,230.00
2024-09-22,39,1,115.00
2024-09-21,1,1215,79530.00
2024-09-21,2,404,34540.00
2024-09-21,15,110,13050.00
2024-09-21,17,110,12950.00
2024-09-21,45,124,12750.00
2024-09-21,44,151,12260.00
2024-09-21,3,81,9490.00
2024-09-21,20,52,6030.00
2024-09-21,16,23,3405.00
2024-09-21,46,23,3140.00
2024-09-21,18,18,2680.00
2024-09-21,19,14,2135.00
2024-09-21,38,11,955.00
2024-09-21,7,6,740.00
2024-09-21,37,10,650.00
2024-09-21,5,7,595.00
2024-09-21,4,8,535.00
2024-09-21,8,2,290.00
2024-09-21,6,2,230.00
2024-09-21,39,1,115.00
2024-09-20,1,866,56665.00
2024-09-20,2,299,25855.00
2024-09-20,45,84,8525.00
2024-09-20,44,103,8440.00
2024-09-20,17,58,6820.00
2024-09-20,15,47,5555.00
2024-09-20,3,46,5415.00
2024-09-20,20,36,4165.00
2024-09-20,18,23,3440.00
2024-09-20,16,14,2100.00
2024-09-20,46,13,1720.00
2024-09-20,19,8,1160.00
2024-09-20,5,9,785.00
2024-09-20,7,6,690.00
2024-09-20,4,10,650.00
2024-09-20,8,4,615.00
2024-09-20,38,7,595.00
2024-09-20,37,9,585.00
2024-09-20,6,4,460.00
2024-09-20,39,2,280.00
2024-09-19,1,859,56210.00
2024-09-19,2,273,23665.00
2024-09-19,17,85,9975.00
2024-09-19,15,80,9550.00
2024-09-19,44,101,8220.00
2024-09-19,45,63,6400.00
2024-09-19,20,39,4535.00
2024-09-19,3,30,3575.00
2024-09-19,16,22,3330.00
2024-09-19,18,19,2755.00
2024-09-19,46,17,2300.00
2024-09-19,19,7,1085.00
2024-09-19,4,12,810.00
2024-09-19,37,11,715.00
2024-09-19,8,3,505.00
2024-09-19,7,4,485.00
2024-09-19,5,5,485.00
2024-09-19,38,4,340.00
2024-09-19,6,2,230.00
2024-09-19,39,1,140.00
2024-09-18,1,871,56780.00
2024-09-18,2,287,24615.00
2024-09-18,17,85,10100.00
2024-09-18,45,83,8525.00
2024-09-18,44,90,7460.00
2024-09-18,3,59,6910.00
2024-09-18,15,56,6565.00
2024-09-18,16,26,3910.00
2024-09-18,20,27,3105.00
2024-09-18,18,18,2680.00
2024-09-18,46,11,1520.00
2024-09-18,5,11,935.00
2024-09-18,19,6,905.00
2024-09-18,7,7,830.00
2024-09-18,38,9,805.00
2024-09-18,37,10,650.00
2024-09-18,4,4,260.00
2024-09-18,6,2,255.00
2024-09-18,8,1,145.00
2024-09-18,39,1,115.00
2024-09-17,1,537,35310.00
2024-09-17,2,181,15565.00
2024-09-17,15,55,6500.00
2024-09-17,17,51,5915.00
2024-09-17,45,58,5850.00
2024-09-17,44,61,4980.00
2024-09-17,3,42,4930.00
2024-09-17,20,24,2835.00
2024-09-17,18,15,2280.00
2024-09-17,16,14,2170.00
2024-09-17,46,12,1620.00
2024-09-17,19,6,905.00
2024-09-17,7,7,805.00
2024-09-17,5,7,595.00
2024-09-17,8,4,580.00
2024-09-17,37,7,455.00
2024-09-17,4,6,390.00
2024-09-17,39,3,345.00
2024-09-17,38,3,255.00
2024-09-16,1,635,41845.00
2024-09-16,2,197,16925.00
2024-09-16,17,79,9185.00
2024-09-16,15,63,7495.00
2024-09-16,45,68,6950.00
2024-09-16,3,52,6080.00
2024-09-16,44,63,5080.00
2024-09-16,20,29,3360.00
2024-09-16,16,21,3150.00
2024-09-16,18,15,2280.00
2024-09-16,19,12,1775.00
2024-09-16,46,11,1580.00
2024-09-16,7,6,715.00
2024-09-16,4,5,340.00
2024-09-16,37,5,325.00
2024-09-16,8,2,290.00
2024-09-16,38,3,255.00
2024-09-16,5,2,170.00
2024-09-16,39,1,115.00
2024-09-16,6,1,115.00
2024-09-15,1,1043,68050.00
2024-09-15,2,303,25955.00
2024-09-15,15,107,12680.00
2024-09-15,17,80,9400.00
2024-09-15,45,87,8875.00
2024-09-15,44,107,8800.00
2024-09-15,20,61,7215.00
2024-09-15,3,62,7205.00
2024-09-15,16,32,4710.00
2024-09-15,18,26,3770.00
2024-09-15,46,14,1940.00
2024-09-15,19,9,1375.00
2024-09-15,37,19,1250.00
2024-09-15,7,8,920.00
2024-09-15,4,14,910.00
2024-09-15,6,5,650.00
2024-09-15,5,4,340.00
2024-09-15,38,4,340.00
2024-09-15,39,1,115.00
2024-09-14,1,1055,69040.00
2024-09-14,2,281,24205.00
2024-09-14,15,115,13725.00
2024-09-14,44,133,10900.00
2024-09-14,45,104,10550.00
2024-09-14,17,81,9540.00
2024-09-14,3,66,7765.00
2024-09-14,20,53,6195.00
2024-09-14,16,31,4705.00
2024-09-14,18,23,3405.00
2024-09-14,46,15,1980.00
2024-09-14,37,23,1495.00
2024-09-14,7,12,1480.00
2024-09-14,19,9,1340.00
2024-09-14,4,9,660.00
2024-09-14,5,7,595.00
2024-09-14,8,4,580.00
2024-09-14,38,3,255.00
2024-09-14,6,2,230.00
2024-09-13,1,929,60715.00
2024-09-13,2,292,25140.00
2024-09-13,17,90,10400.00
2024-09-13,44,111,9140.00
2024-09-13,45,82,8400.00
2024-09-13,15,67,7955.00
2024-09-13,3,40,4675.00
2024-09-13,16,29,4240.00
2024-09-13,20,35,4175.00
2024-09-13,18,26,3875.00
2024-09-13,46,18,2460.00
2024-09-13,7,8,920.00
2024-09-13,19,6,870.00
2024-09-13,5,8,680.00
2024-09-13,37,8,520.00
2024-09-13,6,4,485.00
2024-09-13,39,3,395.00
2024-09-13,4,6,390.00
2024-09-13,8,1,145.00
2024-09-12,1,716,46780.00
2024-09-12,2,217,18565.00
2024-09-12,44,111,9060.00
2024-09-12,15,72,8430.00
2024-09-12,3,58,6870.00
2024-09-12,17,58,6745.00
2024-09-12,45,60,6000.00
2024-09-12,16,30,4560.00
2024-09-12,20,34,3935.00
2024-09-12,18,17,2570.00
2024-09-12,46,17,2240.00
2024-09-12,19,11,1665.00
2024-09-12,7,7,805.00
2024-09-12,4,8,520.00
2024-09-12,37,8,520.00
2024-09-12,38,6,510.00
2024-09-12,5,4,360.00
2024-09-12,8,2,290.00
2024-09-12,39,1,115.00
2024-09-12,6,1,115.00
2024-09-11,1,1029,67755.00
2024-09-11,2,326,27970.00
2024-09-11,17,99,11760.00
2024-09-11,15,88,10495.00
2024-09-11,44,119,9820.00
2024-09-11,45,81,8275.00
2024-09-11,3,59,6885.00
2024-09-11,20,41,4790.00
2024-09-11,18,24,3515.00
2024-09-11,16,22,3295.00
2024-09-11,46,14,1970.00
2024-09-11,7,13,1520.00
2024-09-11,19,8,1160.00
2024-09-11,37,13,845.00
2024-09-11,5,8,720.00
2024-09-11,4,9,600.00
2024-09-11,8,4,580.00
2024-09-11,6,5,575.00
2024-09-11,38,3,255.00
2024-09-10,1,900,58905.00
2024-09-10,2,363,31335.00
2024-09-10,17,100,11875.00
2024-09-10,15,91,10990.00
2024-09-10,44,136,10980.00
2024-09-10,45,93,9425.00
2024-09-10,3,50,5975.00
2024-09-10,20,40,4650.00
2024-09-10,16,25,3835.00
2024-09-10,18,23,3440.00
2024-09-10,19,13,2025.00
2024-09-10,46,13,1720.00
2024-09-10,38,14,1210.00
2024-09-10,4,14,910.00
2024-09-10,6,7,880.00
2024-09-10,37,13,860.00
2024-09-10,5,10,850.00
2024-09-10,8,5,725.00
2024-09-10,7,5,575.00
2024-09-10,39,3,345.00
2024-09-09,1,932,60925.00
2024-09-09,2,304,26160.00
2024-09-09,15,104,12185.00
2024-09-09,17,98,11470.00
2024-09-09,44,97,7800.00
2024-09-09,3,65,7650.00
2024-09-09,45,67,6800.00
2024-09-09,16,30,4630.00
2024-09-09,20,39,4560.00
2024-09-09,46,17,2390.00
2024-09-09,19,15,2315.00
2024-09-09,18,15,2210.00
2024-09-09,37,24,1575.00
2024-09-09,7,9,1060.00
2024-09-09,5,9,765.00
2024-09-09,4,8,520.00
2024-09-09,38,6,510.00
2024-09-09,8,3,435.00
2024-09-09,6,3,370.00
2024-09-09,39,2,230.00
2024-09-08,1,1342,87590.00
2024-09-08,2,467,39915.00
2024-09-08,17,130,15325.00
2024-09-08,15,121,14415.00
2024-09-08,3,117,14005.00
2024-09-08,45,130,13175.00
2024-09-08,44,115,9400.00
2024-09-08,20,74,8585.00
2024-09-08,16,32,4955.00
2024-09-08,18,32,4675.00
2024-09-08,46,26,3470.00
2024-09-08,19,11,1700.00
2024-09-08,37,24,1560.00
2024-09-08,7,13,1545.00
2024-09-08,8,7,1015.00
2024-09-08,38,10,850.00
2024-09-08,6,6,690.00
2024-09-08,4,7,455.00
2024-09-08,5,5,445.00
2024-09-08,39,1,115.00
2024-09-07,1,1567,102785.00
2024-09-07,2,479,41435.00
2024-09-07,44,211,17460.00
2024-09-07,15,139,16760.00
2024-09-07,17,134,15810.00
2024-09-07,45,126,12975.00
2024-09-07,3,99,11485.00
2024-09-07,20,52,6105.00
2024-09-07,16,35,5180.00
2024-09-07,18,33,4960.00
2024-09-07,46,27,3570.00
2024-09-07,19,10,1590.00
2024-09-07,37,14,925.00
2024-09-07,6,8,920.00
2024-09-07,4,14,910.00
2024-09-07,5,9,765.00
2024-09-07,7,6,690.00
2024-09-07,38,7,595.00
2024-09-07,8,2,325.00
2024-09-07,39,1,115.00
2024-09-06,1,1258,82535.00
2024-09-06,2,440,37900.00
2024-09-06,17,105,12250.00
2024-09-06,15,99,11535.00
2024-09-06,45,107,10800.00
2024-09-06,44,130,10760.00
2024-09-06,3,87,10130.00
2024-09-06,20,52,6080.00
2024-09-06,18,37,5505.00
2024-09-06,16,35,5215.00
2024-09-06,46,15,2010.00
2024-09-06,7,15,1775.00
2024-09-06,19,11,1630.00
2024-09-06,37,18,1215.00
2024-09-06,4,9,615.00
2024-09-06,5,6,530.00
2024-09-06,6,3,370.00
2024-09-06,38,3,255.00
2024-09-06,8,1,145.00
2024-09-05,1,1016,66580.00
2024-09-05,2,348,29840.00
2024-09-05,17,95,11050.00
2024-09-05,44,126,10380.00
2024-09-05,15,80,9475.00
2024-09-05,45,78,7975.00
2024-09-05,3,67,7855.00
2024-09-05,16,32,5025.00
2024-09-05,18,26,3805.00
2024-09-05,20,32,3730.00
2024-09-05,19,10,1485.00
2024-09-05,46,11,1460.00
2024-09-05,7,9,1060.00
2024-09-05,4,16,1055.00
2024-09-05,37,15,1020.00
2024-09-05,38,7,615.00
2024-09-05,6,4,460.00
2024-09-05,39,3,345.00
2024-09-05,8,2,290.00
2024-09-05,5,3,255.00
2024-09-04,1,1082,70975.00
2024-09-04,2,383,32955.00
2024-09-04,17,120,14025.00
2024-09-04,15,102,12055.00
2024-09-04,44,122,10060.00
2024-09-04,45,86,8750.00
2024-09-04,3,49,5760.00
2024-09-04,20,41,4815.00
2024-09-04,16,24,3585.00
2024-09-04,18,19,2755.00
2024-09-04,46,10,1360.00
2024-09-04,19,9,1340.00
2024-09-04,37,15,975.00
2024-09-04,4,11,715.00
2024-09-04,5,8,680.00
2024-09-04,7,4,460.00
2024-09-04,39,3,345.00
2024-09-04,6,3,345.00
2024-09-04,38,4,340.00
2024-09-03,1,917,60250.00
2024-09-03,2,361,30985.00
2024-09-03,15,127,15055.00
2024-09-03,17,114,13385.00
2024-09-03,3,77,9080.00
2024-09-03,44,88,7140.00
2024-09-03,45,70,7050.00
2024-09-03,20,49,5735.00
2024-09-03,16,38,5650.00
2024-09-03,18,22,3295.00
2024-09-03,46,15,2040.00
2024-09-03,19,11,1595.00
2024-09-03,7,10,1200.00
2024-09-03,37,17,1120.00
2024-09-03,4,15,975.00
2024-09-03,38,10,850.00
2024-09-03,5,9,785.00
2024-09-03,39,3,345.00
2024-09-03,8,2,325.00
2024-09-02,1,847,55370.00
2024-09-02,2,268,23020.00
2024-09-02,15,82,9655.00
2024-09-02,17,75,8800.00
2024-09-02,45,75,7650.00
2024-09-02,3,64,7460.00
2024-09-02,44,92,7440.00
2024-09-02,16,30,4350.00
2024-09-02,20,33,3795.00
2024-09-02,18,13,1920.00
2024-09-02,46,12,1620.00
2024-09-02,19,9,1340.00
2024-09-02,7,10,1150.00
2024-09-02,37,12,780.00
2024-09-02,4,12,780.00
2024-09-02,38,8,720.00
2024-09-02,8,3,435.00
2024-09-02,5,5,425.00
2024-09-02,39,2,255.00
2024-09-02,6,2,230.00
2024-09-01,1,720,47100.00
2024-09-01,2,251,21675.00
2024-09-01,17,86,10040.00
2024-09-01,15,70,8300.00
2024-09-01,45,70,7025.00
2024-09-01,3,55,6450.00
2024-09-01,44,74,5940.00
2024-09-01,20,33,3820.00
2024-09-01,16,20,3075.00
2024-09-01,46,19,2560.00
2024-09-01,18,16,2355.00
2024-09-01,19,12,1775.00
2024-09-01,7,10,1200.00
2024-09-01,37,16,1040.00
2024-09-01,5,5,445.00
2024-09-01,8,3,435.00
2024-09-01,4,5,325.00
2024-09-01,39,1,115.00
2024-09-01,38,1,85.00
2024-08-31,1,1384,90875.00
2024-08-31,2,540,46740.00
2024-08-31,15,135,15975.00
2024-08-31,45,157,15800.00
2024-08-31,17,127,14855.00
2024-08-31,44,156,12820.00
2024-08-31,3,108,12695.00
2024-08-31,20,77,9005.00
2024-08-31,16,38,5720.00
2024-08-31,18,27,3985.00
2024-08-31,19,17,2535.00
2024-08-31,46,16,2140.00
2024-08-31,37,29,1900.00
2024-08-31,7,12,1430.00
2024-08-31,5,15,1335.00
2024-08-31,4,15,975.00
2024-08-31,8,5,760.00
2024-08-31,38,6,510.00
2024-08-31,39,4,460.00
2024-08-31,6,4,460.00
2024-08-30,1,1259,82120.00
2024-08-30,2,388,33460.00
2024-08-30,17,118,13870.00
2024-08-30,15,111,12915.00
2024-08-30,45,103,10400.00
2024-08-30,3,78,9045.00
2024-08-30,44,95,7680.00
2024-08-30,20,56,6465.00
2024-08-30,16,33,5030.00
2024-08-30,18,31,4565.00
2024-08-30,46,27,3720.00
2024-08-30,7,12,1380.00
2024-08-30,37,18,1170.00
2024-08-30,19,8,1160.00
2024-08-30,4,13,845.00
2024-08-30,38,8,700.00
2024-08-30,5,5,445.00
2024-08-30,39,2,230.00
2024-08-30,8,1,145.00
2024-08-30,6,1,115.00
2024-08-29,1,847,55685.00
2024-08-29,2,287,24635.00
2024-08-29,15,89,10460.00
2024-08-29,17,84,9810.00
2024-08-29,44,95,7720.00
2024-08-29,45,67,6800.00
2024-08-29,3,44,5210.00
2024-08-29,20,43,4970.00
2024-08-29,16,27,4020.00
2024-08-29,18,18,2645.00
2024-08-29,4,21,1380.00
2024-08-29,46,10,1330.00
2024-08-29,19,8,1195.00
2024-08-29,37,16,1040.00
2024-08-29,7,6,740.00
2024-08-29,5,6,510.00
2024-08-29,8,3,470.00
2024-08-29,38,3,255.00
2024-08-29,39,2,230.00
2024-08-29,6,1,115.00
2024-08-28,1,991,64955.00
2024-08-28,2,302,26070.00
2024-08-28,15,117,13980.00
2024-08-28,17,103,12045.00
2024-08-28,44,111,9020.00
2024-08-28,45,71,7250.00
2024-08-28,3,61,7165.00
2024-08-28,16,34,5035.00
2024-08-28,20,34,4035.00
2024-08-28,18,22,3295.00
2024-08-28,46,12,1620.00
2024-08-28,4,11,730.00
2024-08-28,19,5,725.00
2024-08-28,5,8,680.00
2024-08-28,37,9,585.00
2024-08-28,38,6,530.00
2024-08-28,7,4,485.00
2024-08-28,6,1,115.00
2024-08-27,1,734,47860.00
2024-08-27,2,238,20290.00
2024-08-27,17,76,8915.00
2024-08-27,15,67,7955.00
2024-08-27,45,73,7500.00
2024-08-27,3,58,6770.00
2024-08-27,44,81,6700.00
2024-08-27,20,25,2900.00
2024-08-27,18,16,2355.00
2024-08-27,16,12,1810.00
2024-08-27,19,10,1485.00
2024-08-27,46,7,1000.00
2024-08-27,37,9,585.00
2024-08-27,8,4,580.00
2024-08-27,4,5,355.00
2024-08-27,7,2,230.00
2024-08-27,38,2,170.00
2024-08-27,6,1,115.00
2024-08-26,1,1016,66205.00
2024-08-26,2,401,34385.00
2024-08-26,17,117,13555.00
2024-08-26,15,114,13485.00
2024-08-26,44,125,10120.00
2024-08-26,45,99,9975.00
2024-08-26,3,69,8035.00
2024-08-26,20,51,5915.00
2024-08-26,16,25,3695.00
2024-08-26,46,25,3370.00
2024-08-26,18,19,2860.00
2024-08-26,4,18,1170.00
2024-08-26,7,9,1035.00
2024-08-26,19,7,1015.00
2024-08-26,37,11,715.00
2024-08-26,8,4,580.00
2024-08-26,6,4,460.00
2024-08-26,5,3,255.00
2024-08-26,38,3,255.00
2024-08-25,1,889,58175.00
2024-08-25,2,307,26355.00
2024-08-25,45,96,9650.00
2024-08-25,15,81,9515.00
2024-08-25,17,77,8930.00
2024-08-25,44,94,7640.00
2024-08-25,20,53,6120.00
2024-08-25,3,49,5760.00
2024-08-25,46,30,4080.00
2024-08-25,18,18,2680.00
2024-08-25,16,13,1885.00
2024-08-25,19,12,1775.00
2024-08-25,7,13,1495.00
2024-08-25,37,13,890.00
2024-08-25,5,8,700.00
2024-08-25,8,3,470.00
2024-08-25,38,4,360.00
2024-08-25,39,3,345.00
2024-08-25,6,2,230.00
2024-08-25,4,3,210.00
2024-08-24,1,1216,79370.00
2024-08-24,2,356,30580.00
2024-08-24,15,112,13205.00
2024-08-24,45,127,12850.00
2024-08-24,17,96,11190.00
2024-08-24,44,126,10140.00
2024-08-24,3,62,7255.00
2024-08-24,20,53,6145.00
2024-08-24,18,28,4130.00
2024-08-24,16,23,3475.00
2024-08-24,46,14,1820.00
2024-08-24,19,10,1450.00
2024-08-24,7,8,945.00
2024-08-24,8,6,905.00
2024-08-24,38,7,635.00
2024-08-24,37,7,470.00
2024-08-24,39,4,460.00
2024-08-24,5,5,425.00
2024-08-24,4,6,390.00
2024-08-24,6,2,230.00
2024-08-23,1,1100,71920.00
2024-08-23,2,398,34150.00
2024-08-23,15,132,15355.00
2024-08-23,17,128,15095.00
2024-08-23,45,129,12925.00
2024-08-23,44,125,10080.00
2024-08-23,3,68,7945.00
2024-08-23,20,54,6310.00
2024-08-23,16,36,5500.00
2024-08-23,18,19,2895.00
2024-08-23,46,21,2850.00
2024-08-23,19,11,1630.00
2024-08-23,7,10,1175.00
2024-08-23,5,8,680.00
2024-08-23,38,7,595.00
2024-08-23,4,6,390.00
2024-08-23,6,3,345.00
2024-08-23,37,5,325.00
2024-08-23,39,2,255.00
2024-08-23,8,1,145.00
2024-08-22,1,930,60960.00
2024-08-22,2,335,28735.00
2024-08-22,17,105,12225.00
2024-08-22,44,137,11160.00
2024-08-22,45,108,10950.00
2024-08-22,15,88,10345.00
2024-08-22,3,72,8630.00
2024-08-22,18,30,4560.00
2024-08-22,20,33,3870.00
2024-08-22,16,25,3695.00
2024-08-22,19,10,1450.00
2024-08-22,46,10,1330.00
2024-08-22,7,9,1085.00
2024-08-22,4,14,910.00
2024-08-22,38,8,740.00
2024-08-22,37,11,715.00
2024-08-22,5,7,615.00
2024-08-22,39,4,460.00
2024-08-22,8,1,145.00
2024-08-21,1,1123,73475.00
2024-08-21,2,401,34465.00
2024-08-21,17,127,14930.00
2024-08-21,15,122,14455.00
2024-08-21,44,129,10500.00
2024-08-21,45,94,9450.00
2024-08-21,3,64,7485.00
2024-08-21,20,51,5965.00
2024-08-21,18,29,4240.00
2024-08-21,16,26,3910.00
2024-08-21,19,17,2535.00
2024-08-21,46,18,2430.00
2024-08-21,37,19,1235.00
2024-08-21,8,5,725.00
2024-08-21,4,11,715.00
2024-08-21,7,6,690.00
2024-08-21,5,7,615.00
2024-08-21,38,6,530.00
2024-08-21,39,4,485.00
2024-08-21,6,2,230.00
2024-08-20,1,1091,71395.00
2024-08-20,2,385,33285.00
2024-08-20,15,133,15920.00
2024-08-20,17,98,11495.00
2024-08-20,44,128,10440.00
2024-08-20,45,95,9550.00
2024-08-20,3,64,7535.00
2024-08-20,16,34,5140.00
2024-08-20,18,29,4275.00
2024-08-20,20,33,3820.00
2024-08-20,46,23,3170.00
2024-08-20,19,11,1700.00
2024-08-20,37,22,1460.00
2024-08-20,4,11,715.00
2024-08-20,7,5,575.00
2024-08-20,38,6,530.00
2024-08-20,8,3,435.00
2024-08-20,5,3,255.00
2024-08-20,6,1,115.00
2024-08-20,39,1,115.00
2024-08-19,1,929,60715.00
2024-08-19,2,308,26420.00
2024-08-19,15,90,10700.00
2024-08-19,17,91,10590.00
2024-08-19,44,108,8840.00
2024-08-19,3,75,8750.00
2024-08-19,45,70,7000.00
2024-08-19,20,49,5735.00
2024-08-19,16,29,4415.00
2024-08-19,18,22,3190.00
2024-08-19,46,19,2590.00
2024-08-19,7,9,1060.00
2024-08-19,37,16,1040.00
2024-08-19,4,15,1005.00
2024-08-19,19,5,795.00
2024-08-19,38,8,680.00
2024-08-19,5,7,595.00
2024-08-19,8,2,325.00
2024-08-18,1,1197,78165.00
2024-08-18,2,410,35150.00
2024-08-18,17,122,14380.00
2024-08-18,44,156,12680.00
2024-08-18,3,104,12210.00
2024-08-18,15,97,11680.00
2024-08-18,45,113,11425.00
2024-08-18,20,62,7255.00
2024-08-18,16,25,3940.00
2024-08-18,18,22,3225.00
2024-08-18,46,21,2760.00
2024-08-18,7,17,2105.00
2024-08-18,19,12,1775.00
2024-08-18,4,18,1170.00
2024-08-18,37,16,1040.00
2024-08-18,38,9,765.00
2024-08-18,5,8,680.00
2024-08-18,8,3,470.00
2024-08-18,39,1,115.00
2024-08-17,1,1408,91925.00
2024-08-17,2,528,45260.00
2024-08-17,17,142,16455.00
2024-08-17,15,127,14755.00
2024-08-17,44,172,14060.00
2024-08-17,45,122,12325.00
2024-08-17,3,85,10000.00
2024-08-17,20,54,6285.00
2024-08-17,16,33,5170.00
2024-08-17,18,31,4600.00
2024-08-17,46,20,2660.00
2024-08-17,7,18,2070.00
2024-08-17,19,10,1520.00
2024-08-17,37,18,1200.00
2024-08-17,5,10,870.00
2024-08-17,4,12,780.00
2024-08-17,39,6,715.00
2024-08-17,38,6,510.00
2024-08-17,6,4,485.00
2024-08-17,8,2,290.00
2024-08-16,1,1252,81860.00
2024-08-16,2,457,39525.00
2024-08-16,17,127,15105.00
2024-08-16,45,142,14450.00
2024-08-16,15,113,13595.00
2024-08-16,44,152,12300.00
2024-08-16,3,78,9245.00
2024-08-16,16,43,6655.00
2024-08-16,18,36,5395.00
2024-08-16,20,46,5390.00
2024-08-16,46,26,3500.00
2024-08-16,4,31,2030.00
2024-08-16,19,11,1665.00
2024-08-16,7,11,1315.00
2024-08-16,37,16,1055.00
2024-08-16,38,11,955.00
2024-08-16,5,9,785.00
2024-08-16,8,4,615.00
2024-08-16,6,1,115.00
2024-08-15,1,1044,68400.00
2024-08-15,2,374,32290.00
2024-08-15,17,119,14160.00
2024-08-15,15,94,11160.00
2024-08-15,3,78,9245.00
2024-08-15,45,81,8175.00
2024-08-15,44,96,7840.00
2024-08-15,18,37,5540.00
2024-08-15,20,36,4290.00
2024-08-15,16,24,3620.00
2024-08-15,46,15,2040.00
2024-08-15,19,11,1630.00
2024-08-15,7,9,1060.00
2024-08-15,5,12,1040.00
2024-08-15,37,11,715.00
2024-08-15,38,8,680.00
2024-08-15,4,8,520.00
2024-08-15,8,3,435.00
2024-08-15,39,2,255.00
2024-08-15,6,2,230.00
2024-08-14,1,1030,67580.00
2024-08-14,2,358,30790.00
2024-08-14,15,106,12740.00
2024-08-14,17,103,12045.00
2024-08-14,3,74,8685.00
2024-08-14,44,102,8340.00
2024-08-14,45,80,8025.00
2024-08-14,16,46,6810.00
2024-08-14,20,41,4765.00
2024-08-14,18,21,3150.00
2024-08-14,46,22,2980.00
2024-08-14,7,12,1405.00
2024-08-14,37,18,1215.00
2024-08-14,19,8,1160.00
2024-08-14,4,14,910.00
2024-08-14,38,10,890.00
2024-08-14,5,5,425.00
2024-08-14,8,2,290.00
2024-08-14,6,2,230.00
2024-08-13,1,750,49020.00
2024-08-13,2,275,23795.00
2024-08-13,15,74,8735.00
2024-08-13,17,65,7625.00
2024-08-13,45,68,6875.00
2024-08-13,44,79,6360.00
2024-08-13,3,32,3830.00
2024-08-13,16,20,2935.00
2024-08-13,20,22,2630.00
2024-08-13,18,11,1595.00
2024-08-13,7,13,1495.00
2024-08-13,46,9,1200.00
2024-08-13,37,13,845.00
2024-08-13,4,12,780.00
2024-08-13,19,4,580.00
2024-08-13,5,4,340.00
2024-08-13,38,3,255.00
2024-08-13,39,2,230.00
2024-08-13,6,1,115.00
2024-08-12,1,905,59050.00
2024-08-12,2,347,29715.00
2024-08-12,15,119,14060.00
2024-08-12,17,97,11355.00
2024-08-12,44,136,10980.00
2024-08-12,45,98,10000.00
2024-08-12,3,53,6220.00
2024-08-12,20,51,5965.00
2024-08-12,16,24,3655.00
2024-08-12,18,23,3440.00
2024-08-12,46,19,2530.00
2024-08-12,7,12,1405.00
2024-08-12,6,6,715.00
2024-08-12,38,8,700.00
2024-08-12,5,8,680.00
2024-08-12,37,9,585.00
2024-08-12,19,4,580.00
2024-08-12,4,8,535.00
2024-08-12,39,2,230.00
2024-08-12,8,1,180.00
2024-08-11,1,1610,105055.00
2024-08-11,2,506,43530.00
2024-08-11,17,149,17360.00
2024-08-11,15,128,15145.00
2024-08-11,45,136,13825.00
2024-08-11,3,99,11610.00
2024-08-11,44,134,10860.00
2024-08-11,20,68,7995.00
2024-08-11,18,52,7715.00
2024-08-11,16,37,5645.00
2024-08-11,46,19,2500.00
2024-08-11,19,16,2320.00
2024-08-11,7,11,1265.00
2024-08-11,8,7,1015.00
2024-08-11,38,11,935.00
2024-08-11,37,14,925.00
2024-08-11,4,12,780.00
2024-08-11,6,4,460.00
2024-08-11,5,4,340.00
2024-08-11,39,2,230.00
2024-08-10,1,1331,86785.00
2024-08-10,2,421,35825.00
2024-08-10,17,124,14510.00
2024-08-10,15,116,13790.00
2024-08-10,44,163,13240.00
2024-08-10,45,121,12300.00
2024-08-10,3,78,9195.00
2024-08-10,20,67,7830.00
2024-08-10,16,29,4345.00
2024-08-10,18,24,3480.00
2024-08-10,46,15,2010.00
2024-08-10,19,11,1595.00
2024-08-10,4,19,1235.00
2024-08-10,38,11,935.00
2024-08-10,37,14,925.00
2024-08-10,5,9,765.00
2024-08-10,8,4,580.00
2024-08-10,7,5,575.00
2024-08-10,6,5,575.00
2024-08-10,39,2,255.00
2024-08-09,1,1198,78260.00
2024-08-09,2,453,38885.00
2024-08-09,17,135,15900.00
2024-08-09,15,119,14110.00
2024-08-09,44,138,11500.00
2024-08-09,45,83,8500.00
2024-08-09,3,61,7090.00
2024-08-09,20,47,5555.00
2024-08-09,16,25,3695.00
2024-08-09,18,20,2970.00
2024-08-09,46,18,2520.00
2024-08-09,37,25,1805.00
2024-08-09,19,7,1085.00
2024-08-09,4,14,910.00
2024-08-09,8,5,760.00
2024-08-09,7,6,715.00
2024-08-09,39,3,345.00
2024-08-09,38,4,340.00
2024-08-09,5,4,340.00
2024-08-08,1,1074,70035.00
2024-08-08,2,320,27600.00
2024-08-08,15,107,12530.00
2024-08-08,45,98,10125.00
2024-08-08,17,85,9850.00
2024-08-08,44,108,8680.00
2024-08-08,3,70,8275.00
2024-08-08,20,55,6400.00
2024-08-08,18,17,2500.00
2024-08-08,16,16,2390.00
2024-08-08,7,16,1865.00
2024-08-08,19,12,1740.00
2024-08-08,4,15,975.00
2024-08-08,8,5,725.00
2024-08-08,46,5,650.00
2024-08-08,38,7,615.00
2024-08-08,5,6,510.00
2024-08-08,37,5,325.00
2024-08-08,6,2,230.00
2024-08-08,39,1,115.00
2024-08-07,1,1022,66715.00
2024-08-07,2,316,27040.00
2024-08-07,15,97,11455.00
2024-08-07,45,90,9275.00
2024-08-07,44,100,8240.00
2024-08-07,17,70,8125.00
2024-08-07,3,68,8045.00
2024-08-07,20,55,6525.00
2024-08-07,16,21,3220.00
2024-08-07,46,16,2080.00
2024-08-07,18,14,2065.00
2024-08-07,37,18,1275.00
2024-08-07,7,4,510.00
2024-08-07,4,6,390.00
2024-08-07,38,4,340.00
2024-08-07,19,2,290.00
2024-08-07,39,1,115.00
2024-08-06,1,982,64280.00
2024-08-06,2,301,25685.00
2024-08-06,44,156,12900.00
2024-08-06,17,100,11725.00
2024-08-06,15,96,11265.00
2024-08-06,45,96,9850.00
2024-08-06,3,67,7780.00
2024-08-06,20,53,6095.00
2024-08-06,18,34,5000.00
2024-08-06,16,20,3005.00
2024-08-06,46,15,2040.00
2024-08-06,19,12,1740.00
2024-08-06,7,9,1085.00
2024-08-06,37,14,910.00
2024-08-06,8,4,615.00
2024-08-06,4,9,585.00
2024-08-06,5,6,510.00
2024-08-06,39,2,230.00
2024-08-06,38,2,170.00
2024-08-06,6,1,115.00
2024-08-05,1,896,58810.00
2024-08-05,2,301,25705.00
2024-08-05,17,82,9705.00
2024-08-05,44,107,8680.00
2024-08-05,15,57,6780.00
2024-08-05,45,62,6250.00
2024-08-05,3,48,5595.00
2024-08-05,20,41,4790.00
2024-08-05,18,17,2465.00
2024-08-05,16,15,2245.00
2024-08-05,46,13,1750.00
2024-08-05,7,10,1200.00
2024-08-05,19,7,1085.00
2024-08-05,8,6,905.00
2024-08-05,4,7,485.00
2024-08-05,37,7,470.00
2024-08-05,5,3,275.00
2024-08-05,39,2,255.00
2024-08-05,38,3,255.00
2024-08-05,6,1,115.00
2024-08-04,1,1119,72960.00
2024-08-04,2,363,30975.00
2024-08-04,15,126,14790.00
2024-08-04,17,119,13810.00
2024-08-04,44,132,10920.00
2024-08-04,45,88,8975.00
2024-08-04,3,76,8790.00
2024-08-04,20,65,7550.00
2024-08-04,16,24,3585.00
2024-08-04,18,18,2610.00
2024-08-04,46,19,2470.00
2024-08-04,19,15,2175.00
2024-08-04,38,10,910.00
2024-08-04,8,6,870.00
2024-08-04,7,7,805.00
2024-08-04,4,10,650.00
2024-08-04,37,8,520.00
2024-08-04,39,3,345.00
2024-08-04,6,2,230.00
2024-08-04,5,1,85.00
2024-08-03,1,1383,90480.00
2024-08-03,2,451,38655.00
2024-08-03,17,167,19480.00
2024-08-03,15,136,15865.00
2024-08-03,45,115,11800.00
2024-08-03,44,144,11680.00
2024-08-03,3,95,11100.00
2024-08-03,20,74,8635.00
2024-08-03,16,39,5725.00
2024-08-03,18,25,3800.00
2024-08-03,46,24,3270.00
2024-08-03,19,15,2210.00
2024-08-03,7,18,2070.00
2024-08-03,37,20,1315.00
2024-08-03,4,17,1105.00
2024-08-03,8,5,725.00
2024-08-03,5,7,595.00
2024-08-03,6,3,345.00
2024-08-03,38,1,85.00
2024-08-02,1,947,62095.00
2024-08-02,2,308,26480.00
2024-08-02,15,85,10250.00
2024-08-02,17,84,9810.00
2024-08-02,44,114,9300.00
2024-08-02,45,78,7825.00
2024-08-02,3,58,6820.00
2024-08-02,20,48,5645.00
2024-08-02,18,32,4710.00
2024-08-02,16,22,3295.00
2024-08-02,46,15,1980.00
2024-08-02,19,10,1450.00
2024-08-02,7,12,1405.00
2024-08-02,8,4,580.00
2024-08-02,4,8,520.00
2024-08-02,37,7,455.00
2024-08-02,38,5,445.00
2024-08-02,39,2,230.00
2024-08-02,5,2,170.00
2024-08-01,1,825,54075.00
2024-08-01,2,257,22205.00
2024-08-01,17,76,8815.00
2024-08-01,15,70,8350.00
2024-08-01,45,71,7250.00
2024-08-01,44,89,7240.00
2024-08-01,3,51,5990.00
2024-08-01,20,42,4905.00
2024-08-01,18,21,3080.00
2024-08-01,16,16,2460.00
2024-08-01,46,9,1200.00
2024-08-01,19,7,1050.00
2024-08-01,8,6,905.00
2024-08-01,37,11,730.00
2024-08-01,5,8,680.00
2024-08-01,7,3,395.00
2024-08-01,38,4,340.00
2024-08-01,4,4,260.00
2024-08-01,6,2,230.00
2024-08-01,39,1,115.00
2024-07-31,1,1056,68955.00
2024-07-31,2,339,29055.00
2024-07-31,17,101,11840.00
2024-07-31,15,92,10980.00
2024-07-31,44,114,9400.00
2024-07-31,3,58,6745.00
2024-07-31,20,53,6270.00
2024-07-31,45,61,6200.00
2024-07-31,16,29,4275.00
2024-07-31,18,16,2355.00
2024-07-31,46,17,2300.00
2024-07-31,37,17,1315.00
2024-07-31,19,8,1195.00
2024-07-31,7,9,1035.00
2024-07-31,5,10,870.00
2024-07-31,39,4,460.00
2024-07-31,4,7,455.00
2024-07-31,8,2,290.00
2024-07-31,6,2,230.00
2024-07-31,36,9,225.00
2024-07-31,38,2,170.00
2024-07-30,1,821,53665.00
2024-07-30,2,276,23500.00
2024-07-30,15,76,9040.00
2024-07-30,17,76,8990.00
2024-07-30,44,106,8680.00
2024-07-30,3,50,5925.00
2024-07-30,45,52,5300.00
2024-07-30,20,29,3385.00
2024-07-30,16,20,3110.00
2024-07-30,18,15,2210.00
2024-07-30,46,12,1620.00
2024-07-30,19,6,870.00
2024-07-30,8,5,795.00
2024-07-30,4,9,615.00
2024-07-30,37,9,585.00
2024-07-30,7,5,575.00
2024-07-30,5,4,360.00
2024-07-30,38,3,255.00
2024-07-30,39,1,115.00
2024-07-30,36,3,75.00
2024-07-29,1,866,56545.00
2024-07-29,2,305,26145.00
2024-07-29,15,97,11380.00
2024-07-29,44,93,7540.00
2024-07-29,17,62,7205.00
2024-07-29,3,61,7140.00
2024-07-29,45,66,6750.00
2024-07-29,20,47,5430.00
2024-07-29,18,24,3655.00
2024-07-29,16,18,2680.00
2024-07-29,46,19,2530.00
2024-07-29,7,10,1150.00
2024-07-29,19,7,1015.00
2024-07-29,37,13,860.00
2024-07-29,4,8,520.00
2024-07-29,8,3,435.00
2024-07-29,38,5,425.00
2024-07-29,6,3,345.00
2024-07-29,5,2,170.00
2024-07-29,36,3,75.00
2024-07-28,1,1386,90390.00
2024-07-28,2,428,36620.00
2024-07-28,44,165,13320.00
2024-07-28,15,111,13040.00
2024-07-28,17,97,11355.00
2024-07-28,45,104,10475.00
2024-07-28,3,76,8865.00
2024-07-28,20,62,7355.00
2024-07-28,16,34,5000.00
2024-07-28,18,30,4420.00
2024-07-28,46,25,3400.00
2024-07-28,19,9,1375.00
2024-07-28,37,13,875.00
2024-07-28,7,7,805.00
2024-07-28,38,8,680.00
2024-07-28,6,5,575.00
2024-07-28,5,6,510.00
2024-07-28,4,7,455.00
2024-07-28,8,3,435.00
2024-07-28,36,9,225.00
2024-07-28,39,1,115.00
2024-07-27,1,1015,66425.00
2024-07-27,2,347,29675.00
2024-07-27,15,104,12210.00
2024-07-27,17,91,10715.00
2024-07-27,44,114,9280.00
2024-07-27,45,77,7850.00
2024-07-27,3,61,7115.00
2024-07-27,20,44,5260.00
2024-07-27,18,35,5145.00
2024-07-27,16,22,3435.00
2024-07-27,46,18,2370.00
2024-07-27,7,10,1150.00
2024-07-27,37,17,1120.00
2024-07-27,5,12,1020.00
2024-07-27,19,6,905.00
2024-07-27,8,6,905.00
2024-07-27,4,9,585.00
2024-07-27,6,3,370.00
2024-07-27,38,4,340.00
2024-07-27,36,7,175.00
2024-07-26,1,1513,99365.00
2024-07-26,2,419,35975.00
2024-07-26,15,162,19355.00
2024-07-26,17,142,16730.00
2024-07-26,45,136,13725.00
2024-07-26,3,99,11610.00
2024-07-26,44,140,11460.00
2024-07-26,20,49,5835.00
2024-07-26,16,33,5135.00
2024-07-26,18,28,4130.00
2024-07-26,46,30,3990.00
2024-07-26,4,26,1690.00
2024-07-26,19,10,1450.00
2024-07-26,37,22,1430.00
2024-07-26,7,9,1085.00
2024-07-26,5,12,1020.00
2024-07-26,8,5,725.00
2024-07-26,38,6,530.00
2024-07-26,6,3,345.00
2024-07-26,39,2,230.00
2024-07-26,36,5,125.00
2024-07-25,1,1335,87495.00
2024-07-25,2,399,34095.00
2024-07-25,17,101,11840.00
2024-07-25,44,138,11540.00
2024-07-25,15,97,11505.00
2024-07-25,45,106,10775.00
2024-07-25,3,69,8010.00
2024-07-25,20,47,5480.00
2024-07-25,16,32,4955.00
2024-07-25,18,25,3695.00
2024-07-25,46,23,3140.00
2024-07-25,19,13,1990.00
2024-07-25,7,12,1430.00
2024-07-25,4,18,1215.00
2024-07-25,37,17,1135.00
2024-07-25,5,11,935.00
2024-07-25,6,5,575.00
2024-07-25,38,4,340.00
2024-07-25,39,1,115.00
2024-07-25,36,1,25.00
2024-07-24,1,1036,67805.00
2024-07-24,2,319,27275.00
2024-07-24,44,150,12040.00
2024-07-24,15,96,11290.00
2024-07-24,17,82,9655.00
2024-07-24,45,83,8425.00
2024-07-24,3,68,7995.00
2024-07-24,20,61,7165.00
2024-07-24,18,15,2210.00
2024-07-24,46,16,2080.00
2024-07-24,16,13,1955.00
2024-07-24,19,13,1920.00
2024-07-24,37,22,1490.00
2024-07-24,7,11,1290.00
2024-07-24,4,11,715.00
2024-07-24,8,4,580.00
2024-07-24,5,3,255.00
2024-07-24,38,2,170.00
2024-07-24,6,1,140.00
2024-07-24,36,3,75.00
2024-07-23,1,931,60650.00
2024-07-23,2,268,22980.00
2024-07-23,44,112,9160.00
2024-07-23,17,77,9030.00
2024-07-23,45,87,8875.00
2024-07-23,15,70,8275.00
2024-07-23,3,41,4865.00
2024-07-23,20,38,4395.00
2024-07-23,46,23,3080.00
2024-07-23,18,17,2500.00
2024-07-23,16,12,1845.00
2024-07-23,7,13,1495.00
2024-07-23,37,18,1170.00
2024-07-23,19,7,1050.00
2024-07-23,5,4,340.00
2024-07-23,6,2,230.00
2024-07-23,4,3,195.00
2024-07-23,38,2,170.00
2024-07-23,8,1,145.00
2024-07-23,39,1,115.00
2024-07-23,36,2,50.00
2024-07-22,1,1178,76915.00
2024-07-22,2,393,33825.00
2024-07-22,15,114,13260.00
2024-07-22,17,102,11755.00
2024-07-22,45,108,10825.00
2024-07-22,44,119,9540.00
2024-07-22,3,81,9515.00
2024-07-22,20,63,7295.00
2024-07-22,18,26,3770.00
2024-07-22,16,25,3695.00
2024-07-22,46,24,3240.00
2024-07-22,19,18,2680.00
2024-07-22,7,17,2005.00
2024-07-22,37,26,1810.00
2024-07-22,6,5,575.00
2024-07-22,4,8,520.00
2024-07-22,38,6,510.00
2024-07-22,8,3,470.00
2024-07-22,5,5,425.00
2024-07-22,39,3,345.00
2024-07-22,36,7,175.00
2024-07-21,1,1336,87050.00
2024-07-21,2,393,33765.00
2024-07-21,17,101,11865.00
2024-07-21,45,110,11125.00
2024-07-21,44,137,11040.00
2024-07-21,15,91,10565.00
2024-07-21,3,74,8585.00
2024-07-21,20,47,5455.00
2024-07-21,16,24,3585.00
2024-07-21,46,22,2920.00
2024-07-21,18,18,2645.00
2024-07-21,19,12,1740.00
2024-07-21,7,7,855.00
2024-07-21,37,11,730.00
2024-07-21,5,8,680.00
2024-07-21,39,4,460.00
2024-07-21,38,5,425.00
2024-07-21,8,2,325.00
2024-07-21,6,2,230.00
2024-07-21,4,3,195.00
2024-07-21,36,5,125.00
2024-07-20,1,1237,80960.00
2024-07-20,2,404,34800.00
2024-07-20,17,97,11305.00
2024-07-20,15,95,10975.00
2024-07-20,45,96,9625.00
2024-07-20,44,111,8920.00
2024-07-20,20,52,6005.00
2024-07-20,3,50,5775.00
2024-07-20,18,20,2900.00
2024-07-20,19,18,2680.00
2024-07-20,16,16,2460.00
2024-07-20,46,17,2270.00
2024-07-20,7,18,2070.00
2024-07-20,37,19,1235.00
2024-07-20,4,18,1170.00
2024-07-20,5,7,595.00
2024-07-20,8,3,435.00
2024-07-20,38,4,340.00
2024-07-20,6,2,230.00
2024-07-20,39,1,115.00
2024-07-20,36,3,75.00
2024-07-19,1,1099,71855.00
2024-07-19,2,323,27775.00
2024-07-19,15,116,13815.00
2024-07-19,17,99,11485.00
2024-07-19,44,130,10460.00
2024-07-19,45,78,7925.00
2024-07-19,3,61,7090.00
2024-07-19,20,52,6030.00
2024-07-19,18,32,4675.00
2024-07-19,16,28,4235.00
2024-07-19,46,14,1850.00
2024-07-19,19,11,1665.00
2024-07-19,37,15,975.00
2024-07-19,4,13,845.00
2024-07-19,7,6,690.00
2024-07-19,38,8,680.00
2024-07-19,5,6,510.00
2024-07-19,8,3,435.00
2024-07-19,39,2,230.00
2024-07-19,6,2,230.00
2024-07-19,36,1,25.00
2024-07-18,1,799,52115.00
2024-07-18,2,240,20620.00
2024-07-18,17,81,9415.00
2024-07-18,45,89,8950.00
2024-07-18,15,72,8380.00
2024-07-18,44,86,6920.00
2024-07-18,3,47,5530.00
2024-07-18,18,26,3840.00
2024-07-18,20,33,3820.00
2024-07-18,16,17,2535.00
2024-07-18,7,13,1545.00
2024-07-18,46,9,1170.00
2024-07-18,19,7,1050.00
2024-07-18,4,13,860.00
2024-07-18,8,5,725.00
2024-07-18,37,7,455.00
2024-07-18,6,3,345.00
2024-07-18,5,4,340.00
2024-07-18,36,5,125.00
2024-07-18,38,1,85.00
2024-07-17,1,740,48565.00
2024-07-17,2,187,15995.00
2024-07-17,17,76,8915.00
2024-07-17,15,64,7635.00
2024-07-17,44,80,6440.00
2024-07-17,45,50,5025.00
2024-07-17,3,43,5020.00
2024-07-17,16,18,2680.00
2024-07-17,20,22,2555.00
2024-07-17,18,15,2245.00
2024-07-17,46,12,1560.00
2024-07-17,19,8,1160.00
2024-07-17,7,9,1035.00
2024-07-17,37,12,780.00
2024-07-17,4,9,585.00
2024-07-17,8,4,580.00
2024-07-17,5,5,425.00
2024-07-17,6,3,345.00
2024-07-17,39,3,345.00
2024-07-17,38,4,340.00
2024-07-17,36,4,100.00
2024-07-16,1,849,55500.00
2024-07-16,2,275,23795.00
2024-07-16,15,70,8425.00
2024-07-16,17,68,7995.00
2024-07-16,45,65,6600.00
2024-07-16,44,76,6280.00
2024-07-16,3,49,5735.00
2024-07-16,20,31,3690.00
2024-07-16,18,23,3475.00
2024-07-16,46,18,2400.00
2024-07-16,16,11,1770.00
2024-07-16,19,7,1085.00
2024-07-16,4,15,975.00
2024-07-16,37,14,910.00
2024-07-16,5,9,785.00
2024-07-16,6,5,575.00
2024-07-16,38,5,465.00
2024-07-16,8,2,325.00
2024-07-16,7,2,230.00
2024-07-16,36,3,75.00
2024-07-15,1,1083,70515.00
2024-07-15,2,292,24960.00
2024-07-15,45,100,10025.00
2024-07-15,44,120,9780.00
2024-07-15,17,68,7920.00
2024-07-15,15,57,6630.00
2024-07-15,20,45,5250.00
2024-07-15,3,40,4675.00
2024-07-15,16,24,3585.00
2024-07-15,18,20,2970.00
2024-07-15,46,15,2010.00
2024-07-15,8,8,1160.00
2024-07-15,4,15,990.00
2024-07-15,19,6,905.00
2024-07-15,37,11,715.00
2024-07-15,38,5,445.00
2024-07-15,7,3,345.00
2024-07-15,5,3,275.00
2024-07-15,36,6,150.00
2024-07-15,39,1,115.00
2024-07-14,1,917,60190.00
2024-07-14,2,284,24360.00
2024-07-14,15,106,12490.00
2024-07-14,17,87,10130.00
2024-07-14,44,101,8200.00
2024-07-14,45,66,6650.00
2024-07-14,3,51,5990.00
2024-07-14,16,36,5430.00
2024-07-14,20,41,4715.00
2024-07-14,18,19,2825.00
2024-07-14,46,18,2400.00
2024-07-14,19,10,1520.00
2024-07-14,7,9,1060.00
2024-07-14,37,15,1050.00
2024-07-14,5,8,680.00
2024-07-14,38,5,445.00
2024-07-14,8,2,290.00
2024-07-14,39,2,255.00
2024-07-14,6,2,230.00
2024-07-14,4,3,195.00
2024-07-14,36,2,50.00
2024-07-13,1,1244,81535.00
2024-07-13,2,391,33515.00
2024-07-13,15,112,13405.00
2024-07-13,44,156,12540.00
2024-07-13,17,105,12475.00
2024-07-13,45,122,12375.00
2024-07-13,3,82,9580.00
2024-07-13,20,47,5505.00
2024-07-13,18,29,4415.00
2024-07-13,16,26,3980.00
2024-07-13,46,26,3470.00
2024-07-13,7,8,920.00
2024-07-13,37,12,810.00
2024-07-13,4,12,780.00
2024-07-13,38,9,765.00
2024-07-13,19,5,725.00
2024-07-13,6,4,460.00
2024-07-13,5,4,340.00
2024-07-13,8,1,180.00
2024-07-13,39,1,115.00
2024-07-13,36,2,50.00
2024-07-12,1,1056,68910.00
2024-07-12,2,350,29970.00
2024-07-12,15,94,11235.00
2024-07-12,44,136,10940.00
2024-07-12,45,102,10350.00
2024-07-12,17,81,9540.00
2024-07-12,3,55,6325.00
2024-07-12,20,48,5670.00
2024-07-12,18,27,3950.00
2024-07-12,16,22,3295.00
2024-07-12,46,12,1560.00
2024-07-12,19,9,1340.00
2024-07-12,37,18,1185.00
2024-07-12,8,7,1015.00
2024-07-12,7,7,830.00
2024-07-12,4,11,715.00
2024-07-12,38,7,595.00
2024-07-12,5,4,340.00
2024-07-12,6,2,230.00
2024-07-12,39,2,230.00
2024-07-12,36,3,75.00
2024-07-11,1,1091,71650.00
2024-07-11,2,331,28195.00
2024-07-11,17,97,11280.00
2024-07-11,45,109,11025.00
2024-07-11,44,136,10980.00
2024-07-11,15,94,10910.00
2024-07-11,3,56,6615.00
2024-07-11,20,52,6055.00
2024-07-11,18,28,4130.00
2024-07-11,16,27,3985.00
2024-07-11,46,20,2660.00
2024-07-11,37,23,1510.00
2024-07-11,4,20,1300.00
2024-07-11,7,8,920.00
2024-07-11,19,5,725.00
2024-07-11,6,6,690.00
2024-07-11,38,5,425.00
2024-07-11,5,4,340.00
2024-07-11,8,1,145.00
2024-07-11,36,3,75.00
2024-07-10,1,1042,68390.00
2024-07-10,2,335,28775.00
2024-07-10,15,126,14840.00
2024-07-10,17,98,11545.00
2024-07-10,44,121,9800.00
2024-07-10,45,78,7950.00
2024-07-10,3,58,6770.00
2024-07-10,20,50,5775.00
2024-07-10,16,32,4710.00
2024-07-10,18,23,3370.00
2024-07-10,46,18,2520.00
2024-07-10,37,28,1820.00
2024-07-10,19,5,725.00
2024-07-10,4,11,715.00
2024-07-10,38,8,700.00
2024-07-10,6,6,690.00
2024-07-10,8,4,615.00
2024-07-10,7,5,600.00
2024-07-10,39,4,485.00
2024-07-10,5,2,170.00
2024-07-09,1,1074,70320.00
2024-07-09,2,346,29590.00
2024-07-09,17,96,11415.00
2024-07-09,15,86,10290.00
2024-07-09,45,97,9900.00
2024-07-09,44,111,8940.00
2024-07-09,3,53,6195.00
2024-07-09,20,44,5235.00
2024-07-09,46,23,3080.00
2024-07-09,18,21,3080.00
2024-07-09,16,16,2425.00
2024-07-09,19,11,1700.00
2024-07-09,8,6,870.00
2024-07-09,7,6,715.00
2024-07-09,4,10,650.00
2024-07-09,37,9,585.00
2024-07-09,6,3,345.00
2024-07-09,38,4,340.00
2024-07-09,36,7,175.00
2024-07-09,5,1,85.00
2024-07-08,1,819,53625.00
2024-07-08,2,241,20665.00
2024-07-08,45,81,8175.00
2024-07-08,17,64,7435.00
2024-07-08,15,59,6835.00
2024-07-08,44,78,6360.00
2024-07-08,3,53,6145.00
2024-07-08,20,32,3705.00
2024-07-08,16,22,3260.00
2024-07-08,18,17,2465.00
2024-07-08,19,10,1450.00
2024-07-08,46,8,1070.00
2024-07-08,5,11,935.00
2024-07-08,8,6,905.00
2024-07-08,38,10,870.00
2024-07-08,4,13,845.00
2024-07-08,37,12,780.00
2024-07-08,6,3,395.00
2024-07-08,39,2,255.00
2024-07-08,7,2,230.00
2024-07-07,1,1211,79420.00
2024-07-07,2,401,34565.00
2024-07-07,17,101,11965.00
2024-07-07,44,141,11460.00
2024-07-07,15,96,11315.00
2024-07-07,45,103,10500.00
2024-07-07,3,81,9390.00
2024-07-07,20,64,7510.00
2024-07-07,18,42,6195.00
2024-07-07,16,29,4310.00
2024-07-07,46,19,2530.00
2024-07-07,19,9,1340.00
2024-07-07,7,8,945.00
2024-07-07,37,13,845.00
2024-07-07,4,10,650.00
2024-07-07,6,3,345.00
2024-07-07,38,4,340.00
2024-07-07,8,2,290.00
2024-07-07,5,3,255.00
2024-07-07,39,2,230.00
2024-07-06,1,1013,66115.00
2024-07-06,2,317,27145.00
2024-07-06,44,139,11320.00
2024-07-06,15,85,10150.00
2024-07-06,45,95,9575.00
2024-07-06,17,63,7420.00
2024-07-06,3,47,5455.00
2024-07-06,20,35,4075.00
2024-07-06,16,26,3840.00
2024-07-06,46,24,3180.00
2024-07-06,18,20,2935.00
2024-07-06,19,11,1700.00
2024-07-06,7,11,1315.00
2024-07-06,37,16,1040.00
2024-07-06,5,7,595.00
2024-07-06,4,7,470.00
2024-07-06,38,4,340.00
2024-07-06,8,1,145.00
2024-07-06,6,1,140.00
2024-07-05,1,1384,90380.00
2024-07-05,2,431,37055.00
2024-07-05,15,134,15760.00
2024-07-05,17,130,15275.00
2024-07-05,44,158,12740.00
2024-07-05,45,116,11750.00
2024-07-05,3,77,9005.00
2024-07-05,20,59,6835.00
2024-07-05,16,31,4635.00
2024-07-05,46,20,2660.00
2024-07-05,18,15,2210.00
2024-07-05,19,12,1740.00
2024-07-05,4,23,1510.00
2024-07-05,37,20,1345.00
2024-07-05,7,10,1150.00
2024-07-05,5,13,1105.00
2024-07-05,38,9,765.00
2024-07-05,8,4,580.00
2024-07-05,39,5,575.00
2024-07-04,1,780,51120.00
2024-07-04,2,287,24815.00
2024-07-04,15,84,10135.00
2024-07-04,17,77,9080.00
2024-07-04,45,76,7675.00
2024-07-04,3,59,7010.00
2024-07-04,44,76,6220.00
2024-07-04,20,34,3910.00
2024-07-04,16,18,2680.00
2024-07-04,46,17,2240.00
2024-07-04,18,10,1625.00
2024-07-04,19,8,1160.00
2024-07-04,37,13,845.00
2024-07-04,7,7,805.00
2024-07-04,38,9,765.00
2024-07-04,5,7,615.00
2024-07-04,4,6,390.00
2024-07-04,6,2,230.00
2024-07-04,39,1,140.00
2024-07-03,1,1314,85860.00
2024-07-03,2,454,39050.00
2024-07-03,15,130,15400.00
2024-07-03,17,126,14590.00
2024-07-03,45,134,13425.00
2024-07-03,44,138,11200.00
2024-07-03,3,90,10500.00
2024-07-03,20,63,7320.00
2024-07-03,18,34,4965.00
2024-07-03,16,32,4850.00
2024-07-03,46,17,2240.00
2024-07-03,19,12,1775.00
2024-07-03,37,16,1070.00
2024-07-03,7,7,855.00
2024-07-03,8,4,685.00
2024-07-03,5,7,615.00
2024-07-03,4,8,520.00
2024-07-03,38,6,510.00
2024-07-03,39,3,370.00
2024-07-02,1,1278,83760.00
2024-07-02,2,426,36530.00
2024-07-02,15,128,15045.00
2024-07-02,44,158,12920.00
2024-07-02,17,100,11775.00
2024-07-02,3,89,10535.00
2024-07-02,45,95,9550.00
2024-07-02,20,54,6235.00
2024-07-02,16,35,5320.00
2024-07-02,18,24,3480.00
2024-07-02,46,18,2400.00
2024-07-02,19,14,2030.00
2024-07-02,4,21,1365.00
2024-07-02,37,17,1105.00
2024-07-02,7,4,460.00
2024-07-02,6,4,460.00
2024-07-02,8,3,435.00
2024-07-02,39,2,230.00
2024-07-02,5,2,190.00
2024-07-02,38,2,170.00
2024-07-01,1,1197,78315.00
2024-07-01,2,405,35025.00
2024-07-01,17,108,12570.00
2024-07-01,45,116,11925.00
2024-07-01,15,97,11330.00
2024-07-01,44,130,10460.00
2024-07-01,3,87,10080.00
2024-07-01,20,54,6285.00
2024-07-01,16,34,5000.00
2024-07-01,18,27,4125.00
2024-07-01,46,16,2110.00
2024-07-01,4,27,1830.00
2024-07-01,7,14,1660.00
2024-07-01,19,10,1485.00
2024-07-01,37,15,975.00
2024-07-01,5,8,680.00
2024-07-01,6,2,230.00
2024-07-01,38,2,170.00
2024-07-01,39,1,140.00
2024-06-30,1,1442,94450.00
2024-06-30,2,507,43595.00
2024-06-30,15,147,17355.00
2024-06-30,45,152,15275.00
2024-06-30,17,123,14620.00
2024-06-30,44,167,13460.00
2024-06-30,3,110,12925.00
2024-06-30,20,73,8545.00
2024-06-30,18,45,6735.00
2024-06-30,16,37,5575.00
2024-06-30,19,30,4420.00
2024-06-30,46,26,3440.00
2024-06-30,37,34,2210.00
2024-06-30,7,13,1545.00
2024-06-30,4,15,1005.00
2024-06-30,8,5,725.00
2024-06-30,5,7,595.00
2024-06-30,6,4,460.00
2024-06-30,39,3,395.00
2024-06-30,38,4,340.00
2024-06-29,1,1246,81245.00
2024-06-29,2,428,36580.00
2024-06-29,17,136,15790.00
2024-06-29,15,111,13140.00
2024-06-29,44,162,13020.00
2024-06-29,3,89,10360.00
2024-06-29,45,97,9750.00
2024-06-29,20,51,5965.00
2024-06-29,16,40,5905.00
2024-06-29,18,35,5110.00
2024-06-29,46,27,3690.00
2024-06-29,19,14,2065.00
2024-06-29,37,28,1850.00
2024-06-29,4,17,1105.00
2024-06-29,7,7,805.00
2024-06-29,8,3,435.00
2024-06-29,5,5,425.00
2024-06-29,6,3,370.00
2024-06-29,38,4,340.00
2024-06-29,39,2,230.00
2024-06-28,1,1414,92180.00
2024-06-28,2,477,41105.00
2024-06-28,17,143,17095.00
2024-06-28,44,176,14260.00
2024-06-28,15,118,13995.00
2024-06-28,45,102,10550.00
2024-06-28,3,76,8890.00
2024-06-28,20,54,6335.00
2024-06-28,18,30,4455.00
2024-06-28,16,28,4165.00
2024-06-28,46,23,3080.00
2024-06-28,7,12,1480.00
2024-06-28,37,22,1475.00
2024-06-28,19,10,1450.00
2024-06-28,5,10,850.00
2024-06-28,4,11,730.00
2024-06-28,6,6,690.00
2024-06-28,38,7,595.00
2024-06-28,8,2,325.00
2024-06-28,39,2,230.00
2024-06-27,1,1014,66525.00
2024-06-27,2,366,31490.00
2024-06-27,17,96,11240.00
2024-06-27,15,91,10590.00
2024-06-27,44,109,8880.00
2024-06-27,3,69,8085.00
2024-06-27,20,56,6490.00
2024-06-27,45,60,6050.00
2024-06-27,16,20,3005.00
2024-06-27,18,19,2860.00
2024-06-27,46,13,1720.00
2024-06-27,19,10,1520.00
2024-06-27,8,9,1305.00
2024-06-27,4,19,1250.00
2024-06-27,7,10,1150.00
2024-06-27,37,17,1105.00
2024-06-27,5,8,760.00
2024-06-27,6,4,485.00
2024-06-27,38,4,340.00
2024-06-27,39,2,230.00
2024-06-26,1,572,37525.00
2024-06-26,2,178,15330.00
2024-06-26,15,58,6945.00
2024-06-26,45,54,5400.00
2024-06-26,44,62,5020.00
2024-06-26,17,42,4880.00
2024-06-26,3,25,2950.00
2024-06-26,20,25,2875.00
2024-06-26,16,18,2645.00
2024-06-26,46,12,1650.00
2024-06-26,18,8,1195.00
2024-06-26,4,10,650.00
2024-06-26,19,3,505.00
2024-06-26,37,5,325.00
2024-06-26,7,2,230.00
2024-06-26,8,1,180.00
2024-06-26,5,2,170.00
2024-06-26,38,2,170.00
2024-06-26,6,1,115.00
2024-06-25,1,957,62715.00
2024-06-25,2,326,27890.00
2024-06-25,17,89,10260.00
2024-06-25,45,90,9150.00
2024-06-25,3,77,9030.00
2024-06-25,15,74,8735.00
2024-06-25,44,90,7280.00
2024-06-25,20,41,4715.00
2024-06-25,18,31,4670.00
2024-06-25,16,29,4310.00
2024-06-25,46,12,1680.00
2024-06-25,4,21,1380.00
2024-06-25,19,7,1050.00
2024-06-25,5,12,1020.00
2024-06-25,37,14,910.00
2024-06-25,7,7,805.00
2024-06-25,6,3,345.00
2024-06-25,38,4,340.00
2024-06-24,1,697,45410.00
2024-06-24,2,234,20050.00
2024-06-24,17,63,7320.00
2024-06-24,44,86,7000.00
2024-06-24,45,60,6025.00
2024-06-24,15,42,4880.00
2024-06-24,3,31,3565.00
2024-06-24,20,26,2990.00
2024-06-24,18,17,2500.00
2024-06-24,16,8,1230.00
2024-06-24,46,9,1200.00
2024-06-24,7,10,1150.00
2024-06-24,37,10,650.00
2024-06-24,4,7,455.00
2024-06-24,19,3,435.00
2024-06-24,38,4,340.00
2024-06-24,5,4,340.00
2024-06-24,8,2,290.00
2024-06-24,6,1,115.00
2024-06-23,1,1176,77235.00
2024-06-23,2,410,35170.00
2024-06-23,15,114,13485.00
2024-06-23,17,93,11295.00
2024-06-23,45,89,9050.00
2024-06-23,3,76,8840.00
2024-06-23,44,103,8420.00
2024-06-23,20,68,7895.00
2024-06-23,18,29,4345.00
2024-06-23,16,23,3475.00
2024-06-23,46,13,1900.00
2024-06-23,19,11,1595.00
2024-06-23,5,10,850.00
2024-06-23,37,13,845.00
2024-06-23,4,11,715.00
2024-06-23,38,8,700.00
2024-06-23,7,6,690.00
2024-06-23,39,4,485.00
2024-06-23,6,2,230.00
2024-06-23,8,1,145.00
2024-06-22,1,1466,96220.00
2024-06-22,2,458,39310.00
2024-06-22,17,119,14235.00
2024-06-22,15,115,13600.00
2024-06-22,44,151,12460.00
2024-06-22,45,119,12075.00
2024-06-22,3,89,10460.00
2024-06-22,16,50,7740.00
2024-06-22,20,55,6450.00
2024-06-22,18,33,4995.00
2024-06-22,19,19,2790.00
2024-06-22,46,14,1850.00
2024-06-22,4,23,1525.00
2024-06-22,7,12,1480.00
2024-06-22,37,19,1235.00
2024-06-22,38,14,1210.00
2024-06-22,39,6,690.00
2024-06-22,8,4,580.00
2024-06-22,5,6,510.00
2024-06-22,6,4,460.00
2024-06-21,1,1125,73410.00
2024-06-21,2,586,50030.00
2024-06-21,17,111,12965.00
2024-06-21,15,98,11345.00
2024-06-21,45,107,10750.00
2024-06-21,3,81,9540.00
2024-06-21,44,105,8540.00
2024-06-21,20,48,5645.00
2024-06-21,18,34,5000.00
2024-06-21,46,32,4220.00
2024-06-21,16,25,3765.00
2024-06-21,19,15,2210.00
2024-06-21,7,12,1380.00
2024-06-21,5,16,1360.00
2024-06-21,4,16,1040.00
2024-06-21,37,13,845.00
2024-06-21,8,4,580.00
2024-06-21,6,3,345.00
2024-06-21,38,3,255.00
2024-06-21,39,1,115.00
2024-06-20,1,926,60460.00
2024-06-20,2,400,34340.00
2024-06-20,44,142,11560.00
2024-06-20,17,95,11125.00
2024-06-20,45,105,10550.00
2024-06-20,15,78,9095.00
2024-06-20,3,46,5340.00
2024-06-20,20,46,5315.00
2024-06-20,16,34,5140.00
2024-06-20,18,18,2610.00
2024-06-20,19,13,1885.00
2024-06-20,46,13,1840.00
2024-06-20,37,24,1560.00
2024-06-20,7,6,690.00
2024-06-20,38,7,595.00
2024-06-20,5,5,425.00
2024-06-20,6,3,370.00
2024-06-20,4,5,325.00
2024-06-20,8,2,325.00
2024-06-20,39,1,115.00
2024-06-19,1,465,30300.00
2024-06-19,2,269,23065.00
2024-06-19,45,65,6525.00
2024-06-19,15,47,5455.00
2024-06-19,3,43,5045.00
2024-06-19,17,37,4330.00
2024-06-19,20,34,3910.00
2024-06-19,44,33,2720.00
2024-06-19,16,14,2100.00
2024-06-19,46,14,1850.00
2024-06-19,18,12,1740.00
2024-06-19,19,9,1340.00
2024-06-19,37,12,780.00
2024-06-19,7,6,690.00
2024-06-19,38,7,595.00
2024-06-19,6,4,510.00
2024-06-19,5,5,445.00
2024-06-19,8,1,145.00
2024-06-19,4,2,130.00
2024-06-18,1,1226,80080.00
2024-06-18,2,446,38250.00
2024-06-18,15,136,15990.00
2024-06-18,17,108,12545.00
2024-06-18,45,112,11425.00
2024-06-18,44,141,11300.00
2024-06-18,3,84,9885.00
2024-06-18,20,73,8520.00
2024-06-18,18,33,4925.00
2024-06-18,16,32,4815.00
2024-06-18,19,17,2535.00
2024-06-18,7,15,1750.00
2024-06-18,37,25,1625.00
2024-06-18,46,12,1590.00
2024-06-18,8,5,795.00
2024-06-18,6,4,460.00
2024-06-18,38,5,425.00
2024-06-18,5,5,425.00
2024-06-18,4,6,390.00
2024-06-18,39,1,140.00
2024-06-17,1,1006,66245.00
2024-06-17,2,347,29855.00
2024-06-17,15,105,12325.00
2024-06-17,17,79,9185.00
2024-06-17,44,106,8680.00
2024-06-17,3,71,8265.00
2024-06-17,45,70,7150.00
2024-06-17,16,33,4855.00
2024-06-17,20,40,4700.00
2024-06-17,18,23,3405.00
2024-06-17,46,20,2720.00
2024-06-17,19,11,1630.00
2024-06-17,4,10,650.00
2024-06-17,6,5,575.00
2024-06-17,8,3,470.00
2024-06-17,7,4,460.00
2024-06-17,38,5,425.00
2024-06-17,37,6,390.00
2024-06-17,5,4,340.00
2024-06-16,1,1424,93085.00
2024-06-16,2,417,35825.00
2024-06-16,44,180,14920.00
2024-06-16,15,122,14255.00
2024-06-16,45,141,14225.00
2024-06-16,17,120,13950.00
2024-06-16,3,84,9735.00
2024-06-16,20,71,8365.00
2024-06-16,16,43,6410.00
2024-06-16,18,41,6085.00
2024-06-16,46,26,3440.00
2024-06-16,37,30,2055.00
2024-06-16,19,10,1485.00
2024-06-16,7,11,1315.00
2024-06-16,5,8,680.00
2024-06-16,4,9,600.00
2024-06-16,39,2,230.00
2024-06-16,38,2,170.00
2024-06-16,8,1,145.00
2024-06-15,1,1589,104125.00
2024-06-15,2,490,41990.00
2024-06-15,17,164,19235.00
2024-06-15,3,122,14255.00
2024-06-15,15,117,14105.00
2024-06-15,44,166,13540.00
2024-06-15,45,125,12675.00
2024-06-15,20,67,7855.00
2024-06-15,16,38,5650.00
2024-06-15,18,37,5540.00
2024-06-15,46,27,3600.00
2024-06-15,19,12,1775.00
2024-06-15,7,13,1495.00
2024-06-15,4,19,1235.00
2024-06-15,8,7,1015.00
2024-06-15,37,14,940.00
2024-06-15,5,9,765.00
2024-06-15,38,8,680.00
2024-06-15,39,5,600.00
2024-06-15,6,5,575.00
2024-06-14,1,1458,95580.00
2024-06-14,2,473,40625.00
2024-06-14,15,153,18095.00
2024-06-14,45,147,14900.00
2024-06-14,17,119,13835.00
2024-06-14,44,162,13120.00
2024-06-14,3,98,11445.00
2024-06-14,20,66,7640.00
2024-06-14,16,50,7390.00
2024-06-14,18,21,3080.00
2024-06-14,46,17,2300.00
2024-06-14,19,11,1630.00
2024-06-14,7,12,1405.00
2024-06-14,37,17,1135.00
2024-06-14,4,15,975.00
2024-06-14,38,11,955.00
2024-06-14,6,7,830.00
2024-06-14,8,4,650.00
2024-06-14,5,6,510.00
2024-06-14,39,1,115.00
2024-06-14,36,4,100.00
2024-06-13,1,1305,85350.00
2024-06-13,2,421,36005.00
2024-06-13,15,119,14160.00
2024-06-13,17,112,13080.00
2024-06-13,44,149,12160.00
2024-06-13,45,98,10150.00
2024-06-13,3,73,8545.00
2024-06-13,20,72,8480.00
2024-06-13,16,29,4415.00
2024-06-13,18,28,4095.00
2024-06-13,46,18,2430.00
2024-06-13,19,15,2245.00
2024-06-13,4,17,1105.00
2024-06-13,7,8,945.00
2024-06-13,6,4,460.00
2024-06-13,37,7,455.00
2024-06-13,38,4,340.00
2024-06-13,39,1,115.00
2024-06-13,5,1,85.00
2024-06-13,36,3,75.00
2024-06-12,1,1374,89820.00
2024-06-12,2,500,43020.00
2024-06-12,15,152,17980.00
2024-06-12,17,149,17510.00
2024-06-12,45,125,12725.00
2024-06-12,3,106,12390.00
2024-06-12,44,138,11340.00
2024-06-12,20,62,7155.00
2024-06-12,16,36,5395.00
2024-06-12,18,33,4925.00
2024-06-12,46,25,3340.00
2024-06-12,19,15,2280.00
2024-06-12,37,15,990.00
2024-06-12,38,11,935.00
2024-06-12,4,14,910.00
2024-06-12,5,7,595.00
2024-06-12,7,3,370.00
2024-06-12,6,3,345.00
2024-06-12,8,2,325.00
2024-06-12,39,1,140.00
2024-06-12,36,3,75.00
2024-06-11,1,1119,72990.00
2024-06-11,2,344,29400.00
2024-06-11,15,90,10775.00
2024-06-11,17,89,10410.00
2024-06-11,45,101,10150.00
2024-06-11,44,123,10040.00
2024-06-11,3,57,6705.00
2024-06-11,20,53,6145.00
2024-06-11,16,27,4090.00
2024-06-11,18,21,3115.00
2024-06-11,46,21,2760.00
2024-06-11,19,14,2065.00
2024-06-11,38,10,850.00
2024-06-11,37,13,845.00
2024-06-11,7,7,830.00
2024-06-11,4,11,730.00
2024-06-11,5,6,530.00
2024-06-11,8,2,290.00
2024-06-11,36,9,225.00
2024-06-10,1,804,52545.00
2024-06-10,2,224,19280.00
2024-06-10,44,99,8020.00
2024-06-10,15,53,6245.00
2024-06-10,17,49,5685.00
2024-06-10,45,49,4900.00
2024-06-10,3,38,4520.00
2024-06-10,16,20,3040.00
2024-06-10,20,26,2990.00
2024-06-10,18,14,2030.00
2024-06-10,46,12,1590.00
2024-06-10,37,15,975.00
2024-06-10,19,5,725.00
2024-06-10,7,5,600.00
2024-06-10,4,8,520.00
2024-06-10,39,3,345.00
2024-06-10,5,4,340.00
2024-06-10,38,3,255.00
2024-06-10,36,5,125.00
2024-06-10,6,1,115.00
2024-06-09,1,1366,89555.00
2024-06-09,2,412,35660.00
2024-06-09,15,137,16255.00
2024-06-09,3,114,13510.00
2024-06-09,17,115,13500.00
2024-06-09,44,149,12060.00
2024-06-09,45,95,9600.00
2024-06-09,20,61,7140.00
2024-06-09,16,43,6655.00
2024-06-09,18,28,4165.00
2024-06-09,46,23,3110.00
2024-06-09,7,12,1405.00
2024-06-09,19,6,905.00
2024-06-09,37,13,860.00
2024-06-09,6,5,600.00
2024-06-09,4,7,470.00
2024-06-09,8,2,360.00
2024-06-09,38,4,340.00
2024-06-09,5,3,255.00
2024-06-09,36,4,100.00
2024-06-08,1,1290,84180.00
2024-06-08,2,435,37275.00
2024-06-08,17,150,17650.00
2024-06-08,15,138,16595.00
2024-06-08,44,160,13120.00
2024-06-08,45,122,12575.00
2024-06-08,3,71,8440.00
2024-06-08,20,54,6410.00
2024-06-08,18,35,5145.00
2024-06-08,16,28,4235.00
2024-06-08,46,18,2430.00
2024-06-08,19,12,1845.00
2024-06-08,4,18,1170.00
2024-06-08,7,9,1085.00
2024-06-08,37,13,845.00
2024-06-08,5,5,425.00
2024-06-08,6,3,345.00
2024-06-08,38,4,340.00
2024-06-08,36,13,325.00
2024-06-08,8,2,290.00
2024-06-08,39,2,230.00
2024-06-07,1,1525,99560.00
2024-06-07,2,496,42860.00
2024-06-07,17,128,15120.00
2024-06-07,15,119,14110.00
2024-06-07,44,170,13840.00
2024-06-07,45,123,12575.00
2024-06-07,3,94,11085.00
2024-06-07,20,55,6525.00
2024-06-07,18,36,5255.00
2024-06-07,16,31,4635.00
2024-06-07,46,22,2890.00
2024-06-07,7,15,1750.00
2024-06-07,19,8,1160.00
2024-06-07,37,15,975.00
2024-06-07,4,12,780.00
2024-06-07,38,8,680.00
2024-06-07,6,5,600.00
2024-06-07,5,5,425.00
2024-06-07,8,2,290.00
2024-06-07,36,7,175.00
2024-06-06,1,1179,77205.00
2024-06-06,2,370,31930.00
2024-06-06,15,115,13675.00
2024-06-06,17,92,10880.00
2024-06-06,45,104,10525.00
2024-06-06,44,118,9540.00
2024-06-06,3,67,7930.00
2024-06-06,20,51,5940.00
2024-06-06,18,32,4675.00
2024-06-06,16,31,4600.00
2024-06-06,46,32,4310.00
2024-06-06,19,15,2210.00
2024-06-06,7,15,1775.00
2024-06-06,8,7,1015.00
2024-06-06,4,14,910.00
2024-06-06,37,12,795.00
2024-06-06,38,6,510.00
2024-06-06,5,5,425.00
2024-06-06,36,8,200.00
2024-06-06,39,1,115.00
2024-06-06,6,1,115.00
2024-06-05,1,1424,93160.00
2024-06-05,2,459,39535.00
2024-06-05,17,153,17870.00
2024-06-05,15,122,14455.00
2024-06-05,45,130,13275.00
2024-06-05,3,84,9885.00
2024-06-05,44,122,9820.00
2024-06-05,20,56,6515.00
2024-06-05,16,23,3545.00
2024-06-05,18,23,3335.00
2024-06-05,46,21,2820.00
2024-06-05,37,29,1885.00
2024-06-05,7,11,1290.00
2024-06-05,5,13,1105.00
2024-06-05,4,16,1040.00
2024-06-05,19,5,795.00
2024-06-05,38,8,680.00
2024-06-05,39,2,230.00
2024-06-05,6,2,230.00
2024-06-05,36,5,125.00
2024-06-04,1,1469,96130.00
2024-06-04,2,550,47210.00
2024-06-04,15,211,25665.00
2024-06-04,45,159,16100.00
2024-06-04,17,134,15635.00
2024-06-04,44,176,14420.00
2024-06-04,3,97,11355.00
2024-06-04,20,72,8405.00
2024-06-04,18,32,4780.00
2024-06-04,16,31,4740.00
2024-06-04,46,22,2920.00
2024-06-04,7,17,2005.00
2024-06-04,37,26,1765.00
2024-06-04,19,10,1450.00
2024-06-04,5,14,1230.00
2024-06-04,4,11,715.00
2024-06-04,8,3,435.00
2024-06-04,6,3,345.00
2024-06-04,36,11,275.00
2024-06-04,38,3,255.00
2024-06-04,39,1,115.00
2024-06-03,1,1886,123280.00
2024-06-03,2,655,56415.00
2024-06-03,17,180,21150.00
2024-06-03,15,171,19990.00
2024-06-03,45,170,17225.00
2024-06-03,44,205,16760.00
2024-06-03,20,110,12875.00
2024-06-03,3,98,11595.00
2024-06-03,16,37,5680.00
2024-06-03,18,38,5545.00
2024-06-03,46,27,3630.00
2024-06-03,37,36,2385.00
2024-06-03,7,16,1915.00
2024-06-03,19,11,1630.00
2024-06-03,4,22,1430.00
2024-06-03,38,15,1295.00
2024-06-03,5,7,615.00
2024-06-03,6,5,575.00
2024-06-03,8,3,435.00
2024-06-03,36,15,375.00
2024-06-03,39,2,255.00
2024-06-02,1,1735,113480.00
2024-06-02,2,612,52520.00
2024-06-02,45,188,19250.00
2024-06-02,17,157,18480.00
2024-06-02,15,157,18455.00
2024-06-02,44,194,15840.00
2024-06-02,3,115,13625.00
2024-06-02,20,75,8750.00
2024-06-02,16,51,7850.00
2024-06-02,18,50,7635.00
2024-06-02,46,34,4450.00
2024-06-02,19,23,3685.00
2024-06-02,7,14,1685.00
2024-06-02,4,16,1055.00
2024-06-02,37,16,1040.00
2024-06-02,38,8,700.00
2024-06-02,8,4,685.00
2024-06-02,5,7,595.00
2024-06-02,6,4,510.00
2024-06-02,36,2,50.00
2024-06-01,1,1955,128290.00
2024-06-01,2,698,60190.00
2024-06-01,17,182,21705.00
2024-06-01,15,181,21665.00
2024-06-01,44,208,17120.00
2024-06-01,3,137,16105.00
2024-06-01,45,150,15150.00
2024-06-01,20,116,13690.00
2024-06-01,16,53,8245.00
2024-06-01,18,36,5325.00
2024-06-01,46,32,4280.00
2024-06-01,19,17,2535.00
2024-06-01,37,25,1640.00
2024-06-01,7,13,1570.00
2024-06-01,38,17,1485.00
2024-06-01,4,17,1165.00
2024-06-01,8,4,580.00
2024-06-01,6,5,575.00
2024-06-01,5,5,425.00
2024-06-01,39,2,230.00
2024-06-01,36,6,150.00
2024-05-31,1,1685,110650.00
2024-05-31,2,601,51925.00
2024-05-31,17,184,21535.00
2024-05-31,15,170,20600.00
2024-05-31,45,181,18350.00
2024-05-31,44,195,15900.00
2024-05-31,3,112,13055.00
2024-05-31,20,91,10665.00
2024-05-31,16,49,7210.00
2024-05-31,18,45,6630.00
2024-05-31,46,23,3110.00
2024-05-31,37,34,2255.00
2024-05-31,19,15,2210.00
2024-05-31,7,12,1455.00
2024-05-31,5,10,870.00
2024-05-31,38,10,850.00
2024-05-31,6,5,575.00
2024-05-31,4,8,550.00
2024-05-31,39,4,510.00
2024-05-31,8,3,435.00
2024-05-31,36,2,50.00
2024-05-30,1,1645,107750.00
2024-05-30,2,515,44455.00
2024-05-30,15,178,21195.00
2024-05-30,17,165,19300.00
2024-05-30,45,140,14125.00
2024-05-30,44,165,13380.00
2024-05-30,20,98,11345.00
2024-05-30,3,96,11240.00
2024-05-30,16,46,6950.00
2024-05-30,18,41,6085.00
2024-05-30,46,28,3790.00
2024-05-30,19,18,2715.00
2024-05-30,37,25,1655.00
2024-05-30,7,9,1035.00
2024-05-30,38,10,870.00
2024-05-30,8,5,725.00
2024-05-30,4,10,650.00
2024-05-30,6,5,600.00
2024-05-30,39,4,485.00
2024-05-30,5,3,255.00
2024-05-30,36,1,25.00
2024-05-29,1,1805,118090.00
2024-05-29,2,578,49470.00
2024-05-29,17,161,18715.00
2024-05-29,15,143,17020.00
2024-05-29,44,192,15720.00
2024-05-29,3,125,14675.00
2024-05-29,45,130,13175.00
2024-05-29,20,80,9350.00
2024-05-29,16,49,7245.00
2024-05-29,18,41,6190.00
2024-05-29,46,29,4070.00
2024-05-29,19,15,2210.00
2024-05-29,37,25,1640.00
2024-05-29,7,13,1570.00
2024-05-29,38,17,1445.00
2024-05-29,5,16,1380.00
2024-05-29,4,18,1200.00
2024-05-29,39,5,600.00
2024-05-29,6,2,230.00
2024-05-29,8,1,145.00
2024-05-29,36,4,100.00
2024-05-28,1,1593,104145.00
2024-05-28,2,463,40035.00
2024-05-28,15,148,17820.00
2024-05-28,17,148,17420.00
2024-05-28,44,168,13640.00
2024-05-28,3,107,12705.00
2024-05-28,45,119,12050.00
2024-05-28,20,69,8085.00
2024-05-28,18,50,7390.00
2024-05-28,16,33,4890.00
2024-05-28,46,28,3820.00
2024-05-28,19,20,2970.00
2024-05-28,7,16,1940.00
2024-05-28,37,29,1915.00
2024-05-28,4,19,1250.00
2024-05-28,5,11,935.00
2024-05-28,8,4,615.00
2024-05-28,38,7,595.00
2024-05-28,6,1,115.00
2024-05-28,39,1,115.00
2024-05-27,1,1584,103680.00
2024-05-27,2,506,43770.00
2024-05-27,17,145,17100.00
2024-05-27,15,138,16470.00
2024-05-27,44,174,14300.00
2024-05-27,45,129,13050.00
2024-05-27,3,109,12685.00
2024-05-27,20,82,9555.00
2024-05-27,18,41,6120.00
2024-05-27,16,36,5465.00
2024-05-27,46,20,2630.00
2024-05-27,7,10,1150.00
2024-05-27,37,17,1120.00
2024-05-27,4,16,1055.00
2024-05-27,19,6,905.00
2024-05-27,8,4,650.00
2024-05-27,38,6,510.00
2024-05-27,6,3,345.00
2024-05-27,5,1,85.00
2024-05-26,1,1765,115415.00
2024-05-26,2,584,50540.00
2024-05-26,17,174,20510.00
2024-05-26,15,167,20130.00
2024-05-26,45,166,16825.00
2024-05-26,44,187,15240.00
2024-05-26,3,118,14020.00
2024-05-26,20,90,10525.00
2024-05-26,16,44,6555.00
2024-05-26,18,38,5650.00
2024-05-26,46,26,3650.00
2024-05-26,19,20,2935.00
2024-05-26,4,20,1330.00
2024-05-26,7,9,1085.00
2024-05-26,38,10,870.00
2024-05-26,37,12,810.00
2024-05-26,5,7,595.00
2024-05-26,39,3,345.00
2024-05-26,6,3,345.00
2024-05-26,8,2,290.00
2024-05-25,1,1492,97505.00
2024-05-25,2,491,42195.00
2024-05-25,15,155,18325.00
2024-05-25,45,166,16925.00
2024-05-25,17,143,16570.00
2024-05-25,44,163,13160.00
2024-05-25,3,91,10590.00
2024-05-25,20,78,9045.00
2024-05-25,16,40,6080.00
2024-05-25,18,39,5865.00
2024-05-25,46,26,3440.00
2024-05-25,19,17,2500.00
2024-05-25,7,14,1610.00
2024-05-25,8,6,870.00
2024-05-25,37,11,715.00
2024-05-25,38,8,680.00
2024-05-25,4,10,650.00
2024-05-25,5,7,595.00
2024-05-25,6,4,460.00
2024-05-25,39,2,280.00
2024-05-24,1,709,46430.00
2024-05-24,2,261,22545.00
2024-05-24,15,87,10380.00
2024-05-24,17,75,8900.00
2024-05-24,3,68,8020.00
2024-05-24,45,76,7775.00
2024-05-24,44,92,7500.00
2024-05-24,20,41,4840.00
2024-05-24,18,20,3005.00
2024-05-24,16,18,2680.00
2024-05-24,46,11,1490.00
2024-05-24,19,6,905.00
2024-05-24,7,7,805.00
2024-05-24,38,7,595.00
2024-05-24,37,9,585.00
2024-05-24,4,2,145.00
2024-05-24,6,1,140.00
2024-05-24,39,1,115.00
2024-05-24,5,1,85.00
2024-05-23,1,1578,103845.00
2024-05-23,2,523,45075.00
2024-05-23,17,167,19530.00
2024-05-23,15,143,17045.00
2024-05-23,45,147,15050.00
2024-05-23,44,130,10680.00
2024-05-23,3,86,9990.00
2024-05-23,20,70,8225.00
2024-05-23,16,35,5355.00
2024-05-23,18,29,4345.00
2024-05-23,46,31,4300.00
2024-05-23,5,15,1315.00
2024-05-23,7,11,1265.00
2024-05-23,19,8,1195.00
2024-05-23,4,15,1005.00
2024-05-23,6,8,970.00
2024-05-23,38,10,850.00
2024-05-23,8,5,725.00
2024-05-23,37,11,715.00
2024-05-22,1,1364,89620.00
2024-05-22,2,484,42060.00
2024-05-22,15,154,18360.00
2024-05-22,17,132,15455.00
2024-05-22,44,157,12960.00
2024-05-22,3,109,12835.00
2024-05-22,45,120,12375.00
2024-05-22,20,66,7740.00
2024-05-22,18,41,6190.00
2024-05-22,16,27,3915.00
2024-05-22,46,19,2590.00
2024-05-22,19,12,1740.00
2024-05-22,37,24,1635.00
2024-05-22,7,12,1430.00
2024-05-22,6,8,945.00
2024-05-22,4,13,845.00
2024-05-22,38,5,425.00
2024-05-22,5,5,425.00
2024-05-22,8,2,325.00
2024-05-22,39,2,230.00
2024-05-21,1,1366,89855.00
2024-05-21,2,494,42690.00
2024-05-21,15,150,17600.00
2024-05-21,17,140,16450.00
2024-05-21,44,178,14680.00
2024-05-21,45,126,12750.00
2024-05-21,3,95,11350.00
2024-05-21,20,64,7585.00
2024-05-21,18,37,5400.00
2024-05-21,16,24,3515.00
2024-05-21,46,20,2660.00
2024-05-21,19,16,2390.00
2024-05-21,7,9,1060.00
2024-05-21,37,14,910.00
2024-05-21,4,13,845.00
2024-05-21,38,7,595.00
2024-05-21,5,6,530.00
2024-05-21,6,4,485.00
2024-05-21,39,3,370.00
2024-05-21,8,1,180.00
2024-05-20,1,1695,111345.00
2024-05-20,2,644,55840.00
2024-05-20,15,166,19665.00
2024-05-20,17,149,17335.00
2024-05-20,44,177,14560.00
2024-05-20,45,140,14350.00
2024-05-20,3,112,13205.00
2024-05-20,20,78,9120.00
2024-05-20,16,46,6775.00
2024-05-20,18,38,5650.00
2024-05-20,46,21,2760.00
2024-05-20,7,15,1775.00
2024-05-20,19,12,1740.00
2024-05-20,37,24,1605.00
2024-05-20,38,12,1060.00
2024-05-20,4,13,875.00
2024-05-20,5,8,680.00
2024-05-20,39,2,230.00
2024-05-19,1,1904,124660.00
2024-05-19,2,648,55740.00
2024-05-19,15,191,22915.00
2024-05-19,17,175,20975.00
2024-05-19,45,181,18350.00
2024-05-19,44,218,17880.00
2024-05-19,3,126,14840.00
2024-05-19,20,87,10280.00
2024-05-19,16,56,8365.00
2024-05-19,18,40,5870.00
2024-05-19,46,24,3180.00
2024-05-19,19,19,2895.00
2024-05-19,7,19,2260.00
2024-05-19,37,27,1800.00
2024-05-19,4,27,1770.00
2024-05-19,5,9,805.00
2024-05-19,38,9,765.00
2024-05-19,6,5,600.00
2024-05-19,8,4,580.00
2024-05-18,1,2129,139345.00
2024-05-18,2,714,61690.00
2024-05-18,15,195,22975.00
2024-05-18,17,194,22835.00
2024-05-18,44,259,21280.00
2024-05-18,45,167,17050.00
2024-05-18,3,132,15555.00
2024-05-18,20,94,10985.00
2024-05-18,16,57,8755.00
2024-05-18,18,39,5795.00
2024-05-18,46,29,3890.00
2024-05-18,37,42,2760.00
2024-05-18,19,12,1775.00
2024-05-18,7,12,1455.00
2024-05-18,4,21,1410.00
2024-05-18,5,16,1400.00
2024-05-18,38,12,1020.00
2024-05-18,39,6,690.00
2024-05-18,6,4,460.00
2024-05-18,8,2,290.00
2024-05-17,1,1789,117155.00
2024-05-17,2,576,50080.00
2024-05-17,17,208,24845.00
2024-05-17,15,142,16880.00
2024-05-17,45,148,15150.00
2024-05-17,3,122,14230.00
2024-05-17,44,171,14100.00
2024-05-17,20,102,12005.00
2024-05-17,18,44,6485.00
2024-05-17,16,36,5430.00
2024-05-17,46,24,3150.00
2024-05-17,37,33,2145.00
2024-05-17,19,13,1885.00
2024-05-17,7,12,1430.00
2024-05-17,38,13,1125.00
2024-05-17,4,15,975.00
2024-05-17,5,9,785.00
2024-05-17,8,2,290.00
2024-05-17,39,2,230.00
2024-05-17,6,2,230.00
2024-05-17,36,5,125.00
2024-05-16,1,1673,109720.00
2024-05-16,2,654,56350.00
2024-05-16,15,155,18475.00
2024-05-16,17,157,18380.00
2024-05-16,45,150,15225.00
2024-05-16,3,98,11570.00
2024-05-16,44,117,9540.00
2024-05-16,20,68,7845.00
2024-05-16,16,47,7130.00
2024-05-16,18,41,6190.00
2024-05-16,46,21,2760.00
2024-05-16,19,17,2535.00
2024-05-16,7,16,1865.00
2024-05-16,4,21,1380.00
2024-05-16,37,21,1365.00
2024-05-16,5,10,850.00
2024-05-16,6,7,830.00
2024-05-16,39,4,460.00
2024-05-16,38,4,340.00
2024-05-16,8,2,290.00
2024-05-16,36,4,100.00
2024-05-15,1,1314,86295.00
2024-05-15,2,406,35190.00
2024-05-15,15,177,20980.00
2024-05-15,17,133,15570.00
2024-05-15,3,91,10665.00
2024-05-15,44,122,9960.00
2024-05-15,45,94,9550.00
2024-05-15,16,46,6915.00
2024-05-15,20,50,5900.00
2024-05-15,18,28,4130.00
2024-05-15,46,17,2300.00
2024-05-15,19,9,1305.00
2024-05-15,37,11,715.00
2024-05-15,7,5,650.00
2024-05-15,4,9,600.00
2024-05-15,5,6,510.00
2024-05-15,38,5,465.00
2024-05-15,6,2,255.00
2024-05-15,8,1,180.00
2024-05-15,36,6,150.00
2024-05-14,1,1069,70310.00
2024-05-14,2,422,36610.00
2024-05-14,15,123,14620.00
2024-05-14,17,110,13000.00
2024-05-14,44,105,8560.00
2024-05-14,45,80,8125.00
2024-05-14,3,69,8110.00
2024-05-14,20,58,6745.00
2024-05-14,16,26,3875.00
2024-05-14,46,16,2140.00
2024-05-14,18,14,2030.00
2024-05-14,7,14,1660.00
2024-05-14,8,7,1120.00
2024-05-14,19,7,1015.00
2024-05-14,4,10,650.00
2024-05-14,37,10,650.00
2024-05-14,5,6,510.00
2024-05-14,38,5,445.00
2024-05-14,6,2,230.00
2024-05-13,1,1187,77680.00
2024-05-13,2,451,39275.00
2024-05-13,15,146,17290.00
2024-05-13,17,119,14035.00
2024-05-13,3,108,12945.00
2024-05-13,45,117,11950.00
2024-05-13,44,109,8960.00
2024-05-13,20,51,5965.00
2024-05-13,16,33,4995.00
2024-05-13,18,27,3985.00
2024-05-13,46,26,3590.00
2024-05-13,7,14,1685.00
2024-05-13,19,10,1450.00
2024-05-13,5,10,850.00
2024-05-13,6,7,830.00
2024-05-13,4,11,730.00
2024-05-13,38,8,700.00
2024-05-13,37,10,665.00
2024-05-13,8,4,580.00
2024-05-13,39,3,345.00
2024-05-13,36,2,50.00
2024-05-12,1,1680,110010.00
2024-05-12,2,601,51945.00
2024-05-12,15,194,23685.00
2024-05-12,17,166,19990.00
2024-05-12,45,162,16550.00
2024-05-12,44,141,11540.00
2024-05-12,3,94,10985.00
2024-05-12,20,83,9795.00
2024-05-12,16,56,8435.00
2024-05-12,18,34,5175.00
2024-05-12,46,28,3700.00
2024-05-12,19,16,2355.00
2024-05-12,7,11,1265.00
2024-05-12,37,18,1215.00
2024-05-12,5,11,955.00
2024-05-12,4,13,845.00
2024-05-12,39,5,600.00
2024-05-12,38,6,510.00
2024-05-12,8,2,290.00
2024-05-12,6,2,230.00
2024-05-12,36,5,125.00
2024-05-11,1,1429,93920.00
2024-05-11,2,551,47855.00
2024-05-11,15,185,21775.00
2024-05-11,17,135,15850.00
2024-05-11,45,132,13525.00
2024-05-11,3,106,12515.00
2024-05-11,44,145,11800.00
2024-05-11,20,78,9270.00
2024-05-11,16,45,6805.00
2024-05-11,18,28,4270.00
2024-05-11,37,36,2385.00
2024-05-11,46,16,2170.00
2024-05-11,19,13,1920.00
2024-05-11,7,13,1545.00
2024-05-11,38,8,700.00
2024-05-11,5,6,510.00
2024-05-11,39,4,510.00
2024-05-11,4,7,455.00
2024-05-11,8,2,325.00
2024-05-11,6,2,230.00
2024-05-11,36,5,125.00
2024-05-10,1,1318,86510.00
2024-05-10,2,441,38025.00
2024-05-10,15,178,21695.00
2024-05-10,17,154,18085.00
2024-05-10,45,137,13875.00
2024-05-10,44,156,12780.00
2024-05-10,3,86,10090.00
2024-05-10,20,53,6470.00
2024-05-10,16,40,5940.00
2024-05-10,18,27,4055.00
2024-05-10,46,29,3920.00
2024-05-10,19,11,1630.00
2024-05-10,7,11,1315.00
2024-05-10,4,15,1065.00
2024-05-10,6,6,715.00
2024-05-10,5,8,680.00
2024-05-10,37,10,665.00
2024-05-10,8,3,470.00
2024-05-10,39,4,460.00
2024-05-10,38,4,340.00
2024-05-10,36,6,150.00
2024-05-09,1,1135,74960.00
2024-05-09,2,504,43660.00
2024-05-09,15,141,16840.00
2024-05-09,17,111,13390.00
2024-05-09,44,136,11020.00
2024-05-09,3,88,10320.00
2024-05-09,45,75,7700.00
2024-05-09,20,58,6870.00
2024-05-09,18,33,4960.00
2024-05-09,16,30,4630.00
2024-05-09,46,23,3080.00
2024-05-09,19,13,1885.00
2024-05-09,7,13,1495.00
2024-05-09,4,21,1380.00
2024-05-09,38,7,615.00
2024-05-09,37,9,600.00
2024-05-09,8,4,580.00
2024-05-09,5,4,340.00
2024-05-09,39,1,115.00
2024-05-09,36,2,50.00
2024-05-08,1,870,56850.00
2024-05-08,2,321,27545.00
2024-05-08,15,79,9360.00
2024-05-08,45,92,9325.00
2024-05-08,17,71,8265.00
2024-05-08,3,61,7165.00
2024-05-08,44,68,5680.00
2024-05-08,20,47,5480.00
2024-05-08,18,29,4275.00
2024-05-08,16,24,3550.00
2024-05-08,46,15,2100.00
2024-05-08,19,9,1305.00
2024-05-08,7,8,970.00
2024-05-08,5,11,955.00
2024-05-08,37,10,650.00
2024-05-08,39,5,575.00
2024-05-08,6,4,460.00
2024-05-08,4,6,390.00
2024-05-08,38,4,340.00
2024-05-08,36,2,50.00
2024-05-07,1,999,65520.00
2024-05-07,2,356,30580.00
2024-05-07,15,118,13995.00
2024-05-07,17,117,13680.00
2024-05-07,44,131,10820.00
2024-05-07,45,77,7875.00
2024-05-07,3,58,6795.00
2024-05-07,20,54,6335.00
2024-05-07,18,24,3620.00
2024-05-07,16,21,3185.00
2024-05-07,19,14,2065.00
2024-05-07,46,10,1330.00
2024-05-07,4,14,955.00
2024-05-07,7,6,690.00
2024-05-07,37,9,600.00
2024-05-07,38,7,595.00
2024-05-07,39,4,460.00
2024-05-07,6,3,345.00
2024-05-07,5,4,340.00
2024-05-07,8,2,325.00
2024-05-07,36,7,175.00
2024-05-06,1,1176,76890.00
2024-05-06,2,453,39385.00
2024-05-06,17,143,16870.00
2024-05-06,15,113,13720.00
2024-05-06,45,115,11800.00
2024-05-06,44,133,10940.00
2024-05-06,3,90,10675.00
2024-05-06,20,80,9475.00
2024-05-06,18,32,4815.00
2024-05-06,16,31,4810.00
2024-05-06,19,17,2465.00
2024-05-06,46,16,2110.00
2024-05-06,7,15,1750.00
2024-05-06,37,14,955.00
2024-05-06,8,6,940.00
2024-05-06,4,12,825.00
2024-05-06,38,9,765.00
2024-05-06,5,7,595.00
2024-05-06,6,1,115.00
2024-05-06,39,1,115.00
2024-05-06,36,3,75.00
2024-05-05,1,1434,94050.00
2024-05-05,2,509,44105.00
2024-05-05,17,196,23215.00
2024-05-05,15,155,18500.00
2024-05-05,45,135,13625.00
2024-05-05,3,101,11865.00
2024-05-05,44,118,9540.00
2024-05-05,20,70,8175.00
2024-05-05,18,49,7280.00
2024-05-05,16,41,6120.00
2024-05-05,46,32,4430.00
2024-05-05,19,17,2500.00
2024-05-05,7,16,1840.00
2024-05-05,4,24,1560.00
2024-05-05,37,22,1475.00
2024-05-05,5,11,975.00
2024-05-05,39,6,715.00
2024-05-05,6,6,715.00
2024-05-05,38,7,595.00
2024-05-05,8,3,435.00
2024-05-05,36,3,75.00
2024-05-04,1,1282,84170.00
2024-05-04,2,474,41130.00
2024-05-04,15,156,18665.00
2024-05-04,17,149,17835.00
2024-05-04,45,141,14550.00
2024-05-04,44,168,13620.00
2024-05-04,3,99,11685.00
2024-05-04,20,71,8415.00
2024-05-04,16,37,5785.00
2024-05-04,18,35,5145.00
2024-05-04,46,20,2660.00
2024-05-04,37,22,1460.00
2024-05-04,38,14,1250.00
2024-05-04,7,10,1225.00
2024-05-04,4,12,810.00
2024-05-04,5,9,785.00
2024-05-04,19,5,725.00
2024-05-04,36,6,150.00
2024-05-04,8,1,145.00
2024-05-04,6,1,115.00
2024-05-04,39,1,115.00
2024-05-03,1,1228,80420.00
2024-05-03,2,466,40370.00
2024-05-03,17,143,16870.00
2024-05-03,15,116,14040.00
2024-05-03,45,115,11600.00
2024-05-03,44,131,10780.00
2024-05-03,3,79,9210.00
2024-05-03,20,64,7535.00
2024-05-03,16,32,4780.00
2024-05-03,18,26,3875.00
2024-05-03,46,18,2340.00
2024-05-03,37,20,1315.00
2024-05-03,7,11,1290.00
2024-05-03,4,17,1105.00
2024-05-03,19,7,1015.00
2024-05-03,38,9,845.00
2024-05-03,5,7,595.00
2024-05-03,8,3,435.00
2024-05-03,39,1,140.00
2024-05-03,6,1,115.00
2024-05-03,36,4,100.00
2024-05-02,1,1112,72745.00
2024-05-02,2,362,31370.00
2024-05-02,17,125,14900.00
2024-05-02,15,114,13610.00
2024-05-02,3,84,9935.00
2024-05-02,45,96,9875.00
2024-05-02,44,103,8440.00
2024-05-02,16,42,6475.00
2024-05-02,18,41,6365.00
2024-05-02,20,44,5260.00
2024-05-02,46,20,2690.00
2024-05-02,4,23,1510.00
2024-05-02,37,18,1170.00
2024-05-02,5,13,1125.00
2024-05-02,7,9,1060.00
2024-05-02,19,6,905.00
2024-05-02,38,7,595.00
2024-05-02,8,4,580.00
2024-05-02,6,3,345.00
2024-05-02,39,1,115.00
2024-05-02,36,3,75.00
2024-05-01,1,1241,81490.00
2024-05-01,2,383,33115.00
2024-05-01,17,173,20520.00
2024-05-01,15,144,17235.00
2024-05-01,45,139,14075.00
2024-05-01,44,155,12640.00
2024-05-01,3,80,9375.00
2024-05-01,20,63,7545.00
2024-05-01,16,35,5565.00
2024-05-01,18,32,4815.00
2024-05-01,46,25,3370.00
2024-05-01,19,12,1740.00
2024-05-01,7,11,1315.00
2024-05-01,37,16,1115.00
2024-05-01,8,6,940.00
2024-05-01,6,5,625.00
2024-05-01,5,6,510.00
2024-05-01,38,5,445.00
2024-05-01,4,4,260.00
2024-05-01,39,1,115.00
2024-05-01,36,1,25.00
2024-04-30,1,1445,95590.00
2024-04-30,2,514,44970.00
2024-04-30,17,163,19245.00
2024-04-30,15,133,15995.00
2024-04-30,45,117,12075.00
2024-04-30,3,98,11495.00
2024-04-30,44,137,11200.00
2024-04-30,20,63,7345.00
2024-04-30,18,31,4635.00
2024-04-30,16,23,3510.00
2024-04-30,46,19,2560.00
2024-04-30,19,15,2245.00
2024-04-30,7,15,1750.00
2024-04-30,8,9,1375.00
2024-04-30,37,19,1250.00
2024-04-30,4,16,1055.00
2024-04-30,5,11,935.00
2024-04-30,38,9,765.00
2024-04-30,6,2,230.00
2024-04-30,36,1,25.00
2024-04-29,1,1099,72080.00
2024-04-29,2,436,37600.00
2024-04-29,17,118,13820.00
2024-04-29,15,113,13720.00
2024-04-29,44,138,11200.00
2024-04-29,45,92,9300.00
2024-04-29,3,78,9195.00
2024-04-29,20,71,8290.00
2024-04-29,16,33,4925.00
2024-04-29,18,27,3950.00
2024-04-29,46,23,3110.00
2024-04-29,7,13,1520.00
2024-04-29,4,18,1185.00
2024-04-29,19,8,1160.00
2024-04-29,37,13,890.00
2024-04-29,38,8,680.00
2024-04-29,5,7,655.00
2024-04-29,6,5,600.00
2024-04-29,8,1,145.00
2024-04-29,39,1,115.00
2024-04-29,36,4,100.00
2024-04-28,1,1464,96525.00
2024-04-28,2,512,44620.00
2024-04-28,15,181,21865.00
2024-04-28,17,165,19450.00
2024-04-28,3,127,15030.00
2024-04-28,44,179,14720.00
2024-04-28,45,139,14225.00
2024-04-28,20,59,6910.00
2024-04-28,16,41,6225.00
2024-04-28,18,39,5865.00
2024-04-28,46,29,3860.00
2024-04-28,19,15,2280.00
2024-04-28,4,25,1655.00
2024-04-28,7,11,1290.00
2024-04-28,37,19,1265.00
2024-04-28,6,7,805.00
2024-04-28,8,3,505.00
2024-04-28,5,5,445.00
2024-04-28,38,4,340.00
2024-04-28,39,1,115.00
2024-04-28,36,3,75.00
2024-04-27,1,1435,94475.00
2024-04-27,2,458,39550.00
2024-04-27,17,150,17575.00
2024-04-27,15,142,16905.00
2024-04-27,44,164,13600.00
2024-04-27,45,127,12875.00
2024-04-27,3,79,9385.00
2024-04-27,20,67,7905.00
2024-04-27,16,43,6340.00
2024-04-27,18,27,3915.00
2024-04-27,46,20,2660.00
2024-04-27,37,37,2420.00
2024-04-27,19,14,2030.00
2024-04-27,4,28,1880.00
2024-04-27,38,13,1105.00
2024-04-27,7,9,1085.00
2024-04-27,5,10,870.00
2024-04-27,8,3,435.00
2024-04-27,6,2,230.00
2024-04-27,36,5,125.00
2024-04-26,1,1287,84645.00
2024-04-26,2,501,43525.00
2024-04-26,17,144,17060.00
2024-04-26,15,126,15115.00
2024-04-26,45,124,12775.00
2024-04-26,3,107,12630.00
2024-04-26,44,123,10260.00
2024-04-26,20,68,7970.00
2024-04-26,16,36,5500.00
2024-04-26,18,35,5215.00
2024-04-26,46,23,3080.00
2024-04-26,7,14,1635.00
2024-04-26,19,8,1160.00
2024-04-26,37,17,1135.00
2024-04-26,4,15,975.00
2024-04-26,38,10,890.00
2024-04-26,5,7,635.00
2024-04-26,39,3,345.00
2024-04-26,8,2,325.00
2024-04-26,6,2,230.00
2024-04-26,36,2,50.00
2024-04-25,1,1123,73835.00
2024-04-25,2,404,34920.00
2024-04-25,17,145,17175.00
2024-04-25,15,136,16440.00
2024-04-25,44,129,10560.00
2024-04-25,3,85,10050.00
2024-04-25,45,93,9425.00
2024-04-25,20,46,5465.00
2024-04-25,18,36,5290.00
2024-04-25,16,29,4555.00
2024-04-25,46,15,1980.00
2024-04-25,37,18,1185.00
2024-04-25,7,9,1060.00
2024-04-25,19,6,870.00
2024-04-25,4,8,520.00
2024-04-25,5,5,445.00
2024-04-25,38,3,255.00
2024-04-25,39,2,230.00
2024-04-25,8,1,145.00
2024-04-25,6,1,115.00
2024-04-25,36,3,75.00
2024-04-24,1,1069,69950.00
2024-04-24,2,385,33285.00
2024-04-24,17,153,18170.00
2024-04-24,15,113,13745.00
2024-04-24,44,119,9860.00
2024-04-24,45,90,9275.00
2024-04-24,3,52,6230.00
2024-04-24,20,52,5980.00
2024-04-24,18,37,5400.00
2024-04-24,16,31,4600.00
2024-04-24,46,17,2240.00
2024-04-24,19,12,1775.00
2024-04-24,7,14,1710.00
2024-04-24,37,25,1625.00
2024-04-24,4,10,680.00
2024-04-24,6,5,625.00
2024-04-24,5,7,595.00
2024-04-24,38,7,595.00
2024-04-24,8,4,580.00
2024-04-24,39,1,115.00
2024-04-24,36,3,75.00
2024-04-23,1,1014,66360.00
2024-04-23,2,305,26445.00
2024-04-23,15,142,17205.00
2024-04-23,17,116,13640.00
2024-04-23,44,105,8620.00
2024-04-23,3,66,7865.00
2024-04-23,45,75,7625.00
2024-04-23,20,60,7050.00
2024-04-23,16,29,4415.00
2024-04-23,18,25,3800.00
2024-04-23,46,18,2400.00
2024-04-23,7,13,1695.00
2024-04-23,19,8,1160.00
2024-04-23,4,13,875.00
2024-04-23,37,11,715.00
2024-04-23,8,4,615.00
2024-04-23,5,4,340.00
2024-04-23,38,4,340.00
2024-04-23,39,2,255.00
2024-04-23,6,1,140.00
2024-04-23,36,1,25.00
2024-04-22,1,835,54710.00
2024-04-22,2,278,24090.00
2024-04-22,15,87,10255.00
2024-04-22,17,87,10255.00
2024-04-22,45,95,9675.00
2024-04-22,44,86,7000.00
2024-04-22,3,52,6105.00
2024-04-22,20,51,5965.00
2024-04-22,16,28,4270.00
2024-04-22,18,12,1740.00
2024-04-22,19,11,1595.00
2024-04-22,46,11,1430.00
2024-04-22,4,17,1105.00
2024-04-22,7,6,740.00
2024-04-22,37,10,650.00
2024-04-22,8,3,435.00
2024-04-22,5,3,255.00
2024-04-22,38,2,170.00
2024-04-22,6,1,115.00
2024-04-21,1,1166,76615.00
2024-04-21,2,416,36240.00
2024-04-21,15,180,21600.00
2024-04-21,17,126,14765.00
2024-04-21,45,127,12900.00
2024-04-21,44,124,10200.00
2024-04-21,3,81,9665.00
2024-04-21,20,65,7700.00
2024-04-21,18,47,7095.00
2024-04-21,16,25,3940.00
2024-04-21,46,20,2780.00
2024-04-21,19,12,1810.00
2024-04-21,4,23,1525.00
2024-04-21,7,13,1520.00
2024-04-21,37,17,1105.00
2024-04-21,38,12,1020.00
2024-04-21,5,8,720.00
2024-04-21,8,4,615.00
2024-04-21,39,5,600.00
2024-04-21,6,1,140.00
2024-04-21,36,2,50.00
2024-04-20,1,1470,97065.00
2024-04-20,2,509,43985.00
2024-04-20,15,145,17250.00
2024-04-20,17,131,15440.00
2024-04-20,45,139,14575.00
2024-04-20,3,109,12935.00
2024-04-20,44,132,10840.00
2024-04-20,20,69,8035.00
2024-04-20,18,36,5395.00
2024-04-20,16,24,3585.00
2024-04-20,46,22,2950.00
2024-04-20,37,23,1540.00
2024-04-20,4,21,1395.00
2024-04-20,38,13,1105.00
2024-04-20,5,10,870.00
2024-04-20,19,5,725.00
2024-04-20,7,5,600.00
2024-04-20,39,3,345.00
2024-04-20,6,1,115.00
2024-04-20,36,1,25.00
2024-04-19,1,1242,81300.00
2024-04-19,2,422,36610.00
2024-04-19,15,159,19085.00
2024-04-19,17,138,16545.00
2024-04-19,44,150,12380.00
2024-04-19,45,113,11625.00
2024-04-19,3,73,8745.00
2024-04-19,20,58,7045.00
2024-04-19,16,32,4780.00
2024-04-19,18,32,4780.00
2024-04-19,46,22,2920.00
2024-04-19,19,15,2175.00
2024-04-19,7,13,1620.00
2024-04-19,38,11,935.00
2024-04-19,37,9,600.00
2024-04-19,4,8,520.00
2024-04-19,5,6,510.00
2024-04-19,8,3,470.00
2024-04-19,6,2,230.00
2024-04-19,36,4,100.00
2024-04-18,1,1096,72695.00
2024-04-18,2,415,36035.00
2024-04-18,17,128,15120.00
2024-04-18,15,114,14035.00
2024-04-18,44,114,9500.00
2024-04-18,3,79,9335.00
2024-04-18,45,73,7500.00
2024-04-18,20,53,6170.00
2024-04-18,18,31,4565.00
2024-04-18,16,29,4450.00
2024-04-18,46,17,2270.00
2024-04-18,7,14,1610.00
2024-04-18,37,23,1540.00
2024-04-18,19,7,1050.00
2024-04-18,4,14,910.00
2024-04-18,38,10,850.00
2024-04-18,8,2,290.00
2024-04-18,5,3,255.00
2024-04-18,6,2,255.00
2024-04-18,39,1,115.00
2024-04-18,36,1,25.00
2024-04-17,1,1073,70330.00
2024-04-17,2,375,32435.00
2024-04-17,15,134,16035.00
2024-04-17,17,129,15235.00
2024-04-17,3,91,10865.00
2024-04-17,44,114,9360.00
2024-04-17,45,85,8775.00
2024-04-17,20,61,7190.00
2024-04-17,18,31,4635.00
2024-04-17,16,25,3835.00
2024-04-17,46,17,2360.00
2024-04-17,19,9,1340.00
2024-04-17,7,9,1185.00
2024-04-17,37,18,1185.00
2024-04-17,38,8,740.00
2024-04-17,8,4,650.00
2024-04-17,4,7,470.00
2024-04-17,5,5,425.00
2024-04-17,39,1,140.00
2024-04-17,6,1,115.00
2024-04-17,36,2,50.00
2024-04-16,1,1338,87750.00
2024-04-16,2,473,40905.00
2024-04-16,17,184,21485.00
2024-04-16,15,142,16930.00
2024-04-16,44,137,11160.00
2024-04-16,3,88,10595.00
2024-04-16,45,92,9375.00
2024-04-16,20,68,7870.00
2024-04-16,16,42,6405.00
2024-04-16,18,40,5905.00
2024-04-16,46,25,3340.00
2024-04-16,7,10,1200.00
2024-04-16,19,7,1050.00
2024-04-16,37,15,990.00
2024-04-16,5,10,850.00
2024-04-16,8,5,760.00
2024-04-16,38,7,615.00
2024-04-16,4,7,455.00
2024-04-16,6,2,230.00
2024-04-16,36,6,150.00
2024-04-15,1,1324,86765.00
2024-04-15,2,402,34670.00
2024-04-15,17,175,20525.00
2024-04-15,15,133,15895.00
2024-04-15,44,147,12060.00
2024-04-15,45,91,9425.00
2024-04-15,20,67,7730.00
2024-04-15,3,57,6630.00
2024-04-15,16,30,4560.00
2024-04-15,18,21,3115.00
2024-04-15,46,16,2140.00
2024-04-15,7,16,1890.00
2024-04-15,19,9,1340.00
2024-04-15,37,17,1150.00
2024-04-15,5,10,850.00
2024-04-15,38,8,700.00
2024-04-15,8,4,580.00
2024-04-15,6,5,575.00
2024-04-15,4,6,390.00
2024-04-15,39,1,115.00
2024-04-15,36,1,25.00
2024-04-14,1,1216,80270.00
2024-04-14,2,423,36755.00
2024-04-14,15,128,15470.00
2024-04-14,17,123,14570.00
2024-04-14,45,114,11675.00
2024-04-14,44,115,9540.00
2024-04-14,3,76,9015.00
2024-04-14,20,70,8075.00
2024-04-14,16,52,8065.00
2024-04-14,18,39,5795.00
2024-04-14,46,23,3110.00
2024-04-14,19,18,2645.00
2024-04-14,37,29,1945.00
2024-04-14,7,12,1455.00
2024-04-14,38,10,930.00
2024-04-14,8,4,650.00
2024-04-14,6,5,625.00
2024-04-14,4,8,535.00
2024-04-14,5,3,255.00
2024-04-14,39,2,255.00
2024-04-13,1,1434,94320.00
2024-04-13,2,397,34385.00
2024-04-13,17,167,19705.00
2024-04-13,15,135,16100.00
2024-04-13,44,157,12780.00
2024-04-13,45,123,12575.00
2024-04-13,3,81,9490.00
2024-04-13,20,71,8315.00
2024-04-13,16,37,5435.00
2024-04-13,18,27,3950.00
2024-04-13,46,28,3730.00
2024-04-13,37,25,1655.00
2024-04-13,19,7,1015.00
2024-04-13,7,8,945.00
2024-04-13,4,14,910.00
2024-04-13,5,6,530.00
2024-04-13,38,6,510.00
2024-04-13,6,4,460.00
2024-04-13,8,3,435.00
2024-04-13,39,3,395.00
2024-04-12,1,1029,67590.00
2024-04-12,2,313,26965.00
2024-04-12,15,91,10665.00
2024-04-12,44,129,10360.00
2024-04-12,17,86,9965.00
2024-04-12,45,95,9850.00
2024-04-12,3,57,6805.00
2024-04-12,20,42,4830.00
2024-04-12,46,31,4390.00
2024-04-12,18,25,3625.00
2024-04-12,16,22,3260.00
2024-04-12,19,11,1595.00
2024-04-12,7,11,1290.00
2024-04-12,5,11,935.00
2024-04-12,4,10,665.00
2024-04-12,8,4,580.00
2024-04-12,38,6,570.00
2024-04-12,37,8,535.00
2024-04-12,39,1,115.00
2024-04-12,6,1,115.00
2024-04-11,1,545,35710.00
2024-04-11,2,202,17570.00
2024-04-11,15,101,12015.00
2024-04-11,17,75,8975.00
2024-04-11,44,87,7120.00
2024-04-11,3,51,6040.00
2024-04-11,45,58,5850.00
2024-04-11,20,33,3845.00
2024-04-11,18,23,3335.00
2024-04-11,16,20,3145.00
2024-04-11,7,10,1150.00
2024-04-11,19,6,905.00
2024-04-11,38,10,850.00
2024-04-11,46,6,780.00
2024-04-11,37,8,535.00
2024-04-11,5,6,510.00
2024-04-11,4,7,470.00
2024-04-11,39,3,370.00
2024-04-11,6,2,230.00
2024-04-10,1,1152,76305.00
2024-04-10,2,454,39590.00
2024-04-10,17,168,19945.00
2024-04-10,15,128,15320.00
2024-04-10,45,100,10150.00
2024-04-10,3,86,10090.00
2024-04-10,44,116,9620.00
2024-04-10,20,61,7040.00
2024-04-10,18,43,6410.00
2024-04-10,16,25,3800.00
2024-04-10,7,24,2885.00
2024-04-10,46,15,2010.00
2024-04-10,19,7,1050.00
2024-04-10,37,13,860.00
2024-04-10,4,12,795.00
2024-04-10,8,4,650.00
2024-04-10,5,4,340.00
2024-04-10,6,2,255.00
2024-04-10,38,2,190.00
2024-04-10,39,1,115.00
2024-04-09,1,1529,101440.00
2024-04-09,2,573,49865.00
2024-04-09,17,218,25795.00
2024-04-09,15,207,25055.00
2024-04-09,44,167,13980.00
2024-04-09,3,107,12780.00
2024-04-09,45,117,11875.00
2024-04-09,20,76,8965.00
2024-04-09,16,48,7345.00
2024-04-09,18,46,6915.00
2024-04-09,46,28,3760.00
2024-04-09,19,18,2645.00
2024-04-09,7,14,1685.00
2024-04-09,37,23,1525.00
2024-04-09,5,15,1355.00
2024-04-09,4,20,1315.00
2024-04-09,38,9,785.00
2024-04-09,6,3,345.00
2024-04-09,8,1,145.00
2024-04-09,39,1,115.00
2024-04-08,1,874,57620.00
2024-04-08,2,238,20550.00
2024-04-08,15,82,9655.00
2024-04-08,17,60,7250.00
2024-04-08,3,60,7050.00
2024-04-08,45,68,7025.00
2024-04-08,44,64,5300.00
2024-04-08,20,37,4280.00
2024-04-08,18,19,2860.00
2024-04-08,16,12,1810.00
2024-04-08,7,11,1290.00
2024-04-08,46,8,1070.00
2024-04-08,37,15,1005.00
2024-04-08,4,13,875.00
2024-04-08,19,6,870.00
2024-04-08,38,6,550.00
2024-04-08,8,2,290.00
2024-04-08,39,2,230.00
2024-04-08,5,2,170.00
2024-04-07,1,1331,87265.00
2024-04-07,2,430,37330.00
2024-04-07,17,198,23470.00
2024-04-07,15,172,20630.00
2024-04-07,45,130,13300.00
2024-04-07,44,143,11740.00
2024-04-07,3,86,10015.00
2024-04-07,16,46,6915.00
2024-04-07,20,59,6910.00
2024-04-07,18,35,5425.00
2024-04-07,46,23,3230.00
2024-04-07,7,15,1825.00
2024-04-07,19,11,1665.00
2024-04-07,38,13,1105.00
2024-04-07,37,16,1100.00
2024-04-07,4,9,585.00
2024-04-07,5,6,510.00
2024-04-07,6,4,460.00
2024-04-07,8,1,145.00
2024-04-07,39,1,140.00
2024-04-06,1,1428,93795.00
2024-04-06,2,490,42310.00
2024-04-06,17,194,22760.00
2024-04-06,15,143,17070.00
2024-04-06,44,151,12420.00
2024-04-06,3,104,12235.00
2024-04-06,45,111,11325.00
2024-04-06,20,84,9785.00
2024-04-06,18,46,6810.00
2024-04-06,16,31,4670.00
2024-04-06,19,16,2320.00
2024-04-06,46,17,2270.00
2024-04-06,7,12,1405.00
2024-04-06,37,19,1250.00
2024-04-06,38,10,870.00
2024-04-06,4,13,860.00
2024-04-06,5,10,850.00
2024-04-06,6,3,345.00
2024-04-06,8,2,325.00
2024-04-06,39,1,140.00
2024-04-05,1,1195,78350.00
2024-04-05,2,402,34810.00
2024-04-05,17,161,19115.00
2024-04-05,15,123,14720.00
2024-04-05,44,118,9700.00
2024-04-05,45,92,9450.00
2024-04-05,3,72,8580.00
2024-04-05,20,58,6845.00
2024-04-05,16,27,4055.00
2024-04-05,18,21,3220.00
2024-04-05,46,21,2760.00
2024-04-05,19,11,1630.00
2024-04-05,7,13,1520.00
2024-04-05,37,22,1505.00
2024-04-05,4,9,615.00
2024-04-05,5,4,360.00
2024-04-05,6,3,345.00
2024-04-05,8,2,290.00
2024-04-05,39,2,230.00
2024-04-05,38,2,190.00
2024-04-04,1,935,61645.00
2024-04-04,2,311,27315.00
2024-04-04,17,136,16090.00
2024-04-04,15,114,13660.00
2024-04-04,45,110,11325.00
2024-04-04,44,119,9860.00
2024-04-04,3,67,7955.00
2024-04-04,20,53,6195.00
2024-04-04,16,32,4990.00
2024-04-04,18,26,3910.00
2024-04-04,46,14,1880.00
2024-04-04,19,8,1195.00
2024-04-04,37,14,970.00
2024-04-04,5,8,680.00
2024-04-04,4,9,600.00
2024-04-04,7,4,460.00
2024-04-04,38,5,425.00
2024-04-04,8,1,145.00
2024-04-04,6,1,115.00
2024-04-04,39,1,115.00
2024-04-03,1,1022,67300.00
2024-04-03,2,355,30695.00
2024-04-03,15,98,12070.00
2024-04-03,17,97,11430.00
2024-04-03,44,133,11040.00
2024-04-03,3,84,9910.00
2024-04-03,45,88,9000.00
2024-04-03,20,63,7370.00
2024-04-03,18,38,5580.00
2024-04-03,16,27,4160.00
2024-04-03,46,21,2820.00
2024-04-03,7,12,1430.00
2024-04-03,19,9,1305.00
2024-04-03,37,19,1250.00
2024-04-03,4,13,860.00
2024-04-03,8,4,580.00
2024-04-03,6,4,460.00
2024-04-03,38,5,445.00
2024-04-03,5,5,425.00
2024-04-03,39,2,230.00
2024-04-02,1,900,58890.00
2024-04-02,2,323,28015.00
2024-04-02,17,102,12005.00
2024-04-02,15,95,11350.00
2024-04-02,45,73,7425.00
2024-04-02,3,60,7025.00
2024-04-02,44,77,6220.00
2024-04-02,20,43,5020.00
2024-04-02,18,20,2900.00
2024-04-02,16,16,2355.00
2024-04-02,37,16,1070.00
2024-04-02,19,7,1050.00
2024-04-02,6,8,945.00
2024-04-02,38,10,850.00
2024-04-02,46,6,780.00
2024-04-02,7,5,600.00
2024-04-02,8,4,580.00
2024-04-02,5,6,530.00
2024-04-02,4,7,455.00
2024-04-02,39,1,115.00
2024-04-01,1,996,65070.00
2024-04-01,2,386,33430.00
2024-04-01,15,133,15895.00
2024-04-01,17,118,13820.00
2024-04-01,3,93,11045.00
2024-04-01,45,83,8475.00
2024-04-01,44,88,7180.00
2024-04-01,20,47,5480.00
2024-04-01,18,30,4525.00
2024-04-01,16,29,4380.00
2024-04-01,46,13,1690.00
2024-04-01,37,16,1115.00
2024-04-01,7,9,1035.00
2024-04-01,38,12,1020.00
2024-04-01,19,5,760.00
2024-04-01,6,5,575.00
2024-04-01,5,5,425.00
2024-04-01,4,4,260.00
2024-04-01,8,1,145.00
2024-03-31,1,1162,75965.00
2024-03-31,2,385,32945.00
2024-03-31,15,157,18680.00
2024-03-31,17,124,14560.00
2024-03-31,44,126,10420.00
2024-03-31,3,88,10345.00
2024-03-31,45,99,9975.00
2024-03-31,16,54,8180.00
2024-03-31,20,67,7755.00
2024-03-31,18,28,4200.00
2024-03-31,46,17,2300.00
2024-03-31,19,13,1955.00
2024-03-31,7,14,1610.00
2024-03-31,37,19,1250.00
2024-03-31,5,9,765.00
2024-03-31,4,11,730.00
2024-03-31,8,5,725.00
2024-03-31,38,6,510.00
2024-03-31,6,1,115.00
2024-03-30,1,966,63180.00
2024-03-30,2,333,28685.00
2024-03-30,17,100,11850.00
2024-03-30,15,92,11205.00
2024-03-30,3,76,8865.00
2024-03-30,45,78,7975.00
2024-03-30,44,94,7560.00
2024-03-30,20,60,7025.00
2024-03-30,16,41,6085.00
2024-03-30,18,31,4600.00
2024-03-30,46,17,2300.00
2024-03-30,7,13,1570.00
2024-03-30,19,9,1340.00
2024-03-30,4,9,600.00
2024-03-30,38,7,595.00
2024-03-30,5,5,425.00
2024-03-30,37,6,390.00
2024-03-30,39,3,370.00
2024-03-30,8,2,290.00
2024-03-30,6,1,115.00
2024-03-27,1,1548,101700.00
2024-03-27,2,533,45985.00
2024-03-27,15,190,22375.00
2024-03-27,17,172,20055.00
2024-03-27,45,128,13075.00
2024-03-27,44,144,11700.00
2024-03-27,3,97,11405.00
2024-03-27,20,84,9835.00
2024-03-27,16,47,7130.00
2024-03-27,18,42,6195.00
2024-03-27,46,25,3310.00
2024-03-27,7,13,1495.00
2024-03-27,19,10,1450.00
2024-03-27,37,15,1005.00
2024-03-27,38,9,765.00
2024-03-27,8,5,760.00
2024-03-27,4,10,650.00
2024-03-27,5,4,340.00
2024-03-27,6,1,115.00
2024-03-27,39,1,115.00
2024-03-26,1,1025,67375.00
2024-03-26,2,369,31945.00
2024-03-26,17,135,15900.00
2024-03-26,15,116,13965.00
2024-03-26,3,87,10455.00
2024-03-26,44,123,10200.00
2024-03-26,45,79,8075.00
2024-03-26,20,50,5900.00
2024-03-26,16,28,4130.00
2024-03-26,18,20,2970.00
2024-03-26,46,12,1560.00
2024-03-26,7,12,1405.00
2024-03-26,37,17,1135.00
2024-03-26,19,6,905.00
2024-03-26,5,8,720.00
2024-03-26,4,11,715.00
2024-03-26,38,7,635.00
2024-03-26,8,4,615.00
2024-03-26,6,5,600.00
2024-03-26,39,2,255.00
2024-03-25,1,503,32905.00
2024-03-25,2,166,14330.00
2024-03-25,17,59,6960.00
2024-03-25,15,56,6540.00
2024-03-25,44,62,4980.00
2024-03-25,3,38,4545.00
2024-03-25,45,41,4225.00
2024-03-25,20,32,3805.00
2024-03-25,16,20,2935.00
2024-03-25,18,10,1450.00
2024-03-25,46,6,840.00
2024-03-25,37,9,585.00
2024-03-25,19,3,470.00
2024-03-25,4,6,405.00
2024-03-25,39,3,345.00
2024-03-25,7,3,345.00
2024-03-25,8,2,290.00
2024-03-25,5,3,255.00
2024-03-25,38,2,170.00
2024-03-25,36,2,50.00
2024-03-24,1,731,47740.00
2024-03-24,2,230,19870.00
2024-03-24,15,80,9450.00
2024-03-24,17,80,9325.00
2024-03-24,44,70,5720.00
2024-03-24,45,48,4975.00
2024-03-24,3,41,4790.00
2024-03-24,20,37,4330.00
2024-03-24,16,25,3730.00
2024-03-24,18,25,3660.00
2024-03-24,19,13,1920.00
2024-03-24,46,12,1560.00
2024-03-24,37,15,1065.00
2024-03-24,7,8,945.00
2024-03-24,8,4,650.00
2024-03-24,4,8,535.00
2024-03-24,39,3,345.00
2024-03-24,38,3,255.00
2024-03-24,5,2,170.00
2024-03-24,6,1,115.00
2024-03-24,36,2,50.00
2024-03-23,1,1075,70460.00
2024-03-23,2,365,31365.00
2024-03-23,15,144,17035.00
2024-03-23,17,124,14610.00
2024-03-23,44,152,12420.00
2024-03-23,45,104,10600.00
2024-03-23,3,75,8825.00
2024-03-23,20,52,6155.00
2024-03-23,16,40,5975.00
2024-03-23,18,16,2355.00
2024-03-23,46,15,1980.00
2024-03-23,7,16,1865.00
2024-03-23,19,6,905.00
2024-03-23,37,10,650.00
2024-03-23,38,7,595.00
2024-03-23,4,8,535.00
2024-03-23,5,6,510.00
2024-03-23,8,3,505.00
2024-03-23,39,3,370.00
2024-03-23,6,2,230.00
2024-03-23,36,6,150.00
2024-03-22,1,991,64955.00
2024-03-22,2,361,31265.00
2024-03-22,15,118,13845.00
2024-03-22,17,112,13280.00
2024-03-22,44,121,9900.00
2024-03-22,3,77,9055.00
2024-03-22,45,83,8475.00
2024-03-22,20,41,4840.00
2024-03-22,16,24,3655.00
2024-03-22,18,19,2825.00
2024-03-22,7,20,2450.00
2024-03-22,46,16,2110.00
2024-03-22,19,7,1050.00
2024-03-22,37,13,845.00
2024-03-22,4,10,650.00
2024-03-22,8,4,580.00
2024-03-22,38,5,465.00
2024-03-22,6,3,345.00
2024-03-22,5,4,340.00
2024-03-22,39,2,255.00
2024-03-22,36,4,100.00
2024-03-21,1,826,54290.00
2024-03-21,2,303,26115.00
2024-03-21,17,104,12335.00
2024-03-21,15,96,11640.00
2024-03-21,45,82,8450.00
2024-03-21,44,87,7300.00
2024-03-21,3,58,6970.00
2024-03-21,16,24,3690.00
2024-03-21,20,31,3690.00
2024-03-21,18,22,3260.00
2024-03-21,7,16,1965.00
2024-03-21,46,13,1720.00
2024-03-21,19,5,760.00
2024-03-21,38,8,700.00
2024-03-21,8,2,290.00
2024-03-21,37,4,260.00
2024-03-21,4,4,260.00
2024-03-21,39,1,115.00
2024-03-21,5,1,85.00
2024-03-21,36,1,25.00
2024-03-20,1,664,43355.00
2024-03-20,2,242,20770.00
2024-03-20,15,94,11210.00
2024-03-20,17,80,9400.00
2024-03-20,45,82,8300.00
2024-03-20,44,79,6360.00
2024-03-20,3,51,5940.00
2024-03-20,20,50,5750.00
2024-03-20,16,27,4090.00
2024-03-20,18,22,3260.00
2024-03-20,46,20,2600.00
2024-03-20,19,8,1195.00
2024-03-20,4,15,975.00
2024-03-20,37,15,975.00
2024-03-20,7,5,575.00
2024-03-20,39,3,345.00
2024-03-20,38,3,255.00
2024-03-20,6,2,230.00
2024-03-20,8,1,145.00
2024-03-20,5,1,85.00
2024-03-20,36,2,50.00
2024-03-19,1,680,44380.00
2024-03-19,2,224,19300.00
2024-03-19,15,71,8440.00
2024-03-19,17,71,8440.00
2024-03-19,3,62,7405.00
2024-03-19,45,63,6500.00
2024-03-19,44,52,4240.00
2024-03-19,20,36,4165.00
2024-03-19,18,15,2210.00
2024-03-19,16,15,2175.00
2024-03-19,19,10,1450.00
2024-03-19,46,8,1040.00
2024-03-19,37,12,795.00
2024-03-19,7,5,575.00
2024-03-19,8,2,290.00
2024-03-19,4,3,195.00
2024-03-19,38,2,190.00
2024-03-19,5,2,170.00
2024-03-19,39,1,115.00
2024-03-19,36,3,75.00
2024-03-18,1,774,50565.00
2024-03-18,2,267,23235.00
2024-03-18,15,89,10710.00
2024-03-18,17,84,9735.00
2024-03-18,45,86,8825.00
2024-03-18,44,79,6520.00
2024-03-18,3,53,6270.00
2024-03-18,20,50,5850.00
2024-03-18,16,33,4960.00
2024-03-18,18,21,3150.00
2024-03-18,46,12,1560.00
2024-03-18,19,10,1450.00
2024-03-18,37,16,1040.00
2024-03-18,5,12,1020.00
2024-03-18,38,10,850.00
2024-03-18,7,6,715.00
2024-03-18,4,8,520.00
2024-03-18,8,3,435.00
2024-03-18,36,1,25.00
2024-03-17,1,1320,86505.00
2024-03-17,2,432,37320.00
2024-03-17,15,142,16905.00
2024-03-17,17,126,14815.00
2024-03-17,3,114,13410.00
2024-03-17,45,116,11900.00
2024-03-17,44,135,11080.00
2024-03-17,20,74,8635.00
2024-03-17,16,39,5900.00
2024-03-17,18,30,4455.00
2024-03-17,46,16,2140.00
2024-03-17,19,12,1740.00
2024-03-17,4,26,1720.00
2024-03-17,7,14,1610.00
2024-03-17,37,23,1525.00
2024-03-17,5,14,1210.00
2024-03-17,39,5,575.00
2024-03-17,6,5,575.00
2024-03-17,38,5,425.00
2024-03-16,1,1418,92755.00
2024-03-16,2,456,39280.00
2024-03-16,15,160,19000.00
2024-03-16,17,135,15775.00
2024-03-16,44,163,13200.00
2024-03-16,3,93,10795.00
2024-03-16,45,105,10750.00
2024-03-16,20,74,8610.00
2024-03-16,16,30,4560.00
2024-03-16,18,17,2465.00
2024-03-16,46,16,2110.00
2024-03-16,37,26,1690.00
2024-03-16,19,10,1485.00
2024-03-16,38,17,1465.00
2024-03-16,8,6,870.00
2024-03-16,7,7,830.00
2024-03-16,4,12,795.00
2024-03-16,39,6,690.00
2024-03-16,5,4,340.00
2024-03-16,36,5,125.00
2024-03-16,6,1,115.00
2024-03-15,1,1024,67175.00
2024-03-15,2,417,35885.00
2024-03-15,17,136,16215.00
2024-03-15,15,135,15800.00
2024-03-15,3,79,9460.00
2024-03-15,44,113,9100.00
2024-03-15,45,79,8050.00
2024-03-15,20,60,6975.00
2024-03-15,16,23,3545.00
2024-03-15,18,22,3295.00
2024-03-15,46,18,2460.00
2024-03-15,7,13,1570.00
2024-03-15,37,20,1345.00
2024-03-15,19,5,760.00
2024-03-15,4,11,730.00
2024-03-15,5,7,635.00
2024-03-15,38,6,550.00
2024-03-15,6,2,255.00
2024-03-15,8,1,145.00
2024-03-15,36,1,25.00
2024-03-14,1,926,60865.00
2024-03-14,2,274,23730.00
2024-03-14,15,125,14775.00
2024-03-14,17,108,12870.00
2024-03-14,45,92,9575.00
2024-03-14,3,68,7870.00
2024-03-14,44,88,7200.00
2024-03-14,16,39,5865.00
2024-03-14,20,48,5545.00
2024-03-14,18,20,3040.00
2024-03-14,46,13,1690.00
2024-03-14,37,21,1440.00
2024-03-14,4,12,795.00
2024-03-14,19,4,580.00
2024-03-14,7,5,575.00
2024-03-14,8,3,540.00
2024-03-14,39,1,115.00
2024-03-14,36,3,75.00
2024-03-13,1,860,56230.00
2024-03-13,2,295,25435.00
2024-03-13,17,112,13305.00
2024-03-13,15,93,11095.00
2024-03-13,44,119,9900.00
2024-03-13,3,57,6830.00
2024-03-13,45,66,6825.00
2024-03-13,20,39,4560.00
2024-03-13,16,26,3980.00
2024-03-13,18,19,2860.00
2024-03-13,46,13,1720.00
2024-03-13,19,11,1595.00
2024-03-13,37,17,1120.00
2024-03-13,7,9,1085.00
2024-03-13,8,6,870.00
2024-03-13,5,7,615.00
2024-03-13,38,6,570.00
2024-03-13,4,8,535.00
2024-03-13,6,3,345.00
2024-03-13,39,2,230.00
2024-03-13,36,1,25.00
2024-03-12,1,648,42255.00
2024-03-12,2,208,18000.00
2024-03-12,15,62,7255.00
2024-03-12,44,83,6800.00
2024-03-12,17,52,6155.00
2024-03-12,45,51,5150.00
2024-03-12,3,43,5070.00
2024-03-12,20,31,3615.00
2024-03-12,16,15,2245.00
2024-03-12,18,13,1920.00
2024-03-12,46,11,1490.00
2024-03-12,7,7,880.00
2024-03-12,19,5,760.00
2024-03-12,37,6,405.00
2024-03-12,38,3,255.00
2024-03-12,39,1,115.00
2024-03-12,6,1,115.00
2024-03-12,5,1,85.00
2024-03-12,36,2,50.00
2024-03-11,1,874,57185.00
2024-03-11,2,278,24030.00
2024-03-11,17,113,13270.00
2024-03-11,15,99,11710.00
2024-03-11,44,90,7520.00
2024-03-11,45,68,7050.00
2024-03-11,3,58,6845.00
2024-03-11,20,52,6080.00
2024-03-11,18,28,4165.00
2024-03-11,16,21,3080.00
2024-03-11,19,12,1845.00
2024-03-11,46,11,1460.00
2024-03-11,4,13,875.00
2024-03-11,37,12,810.00
2024-03-11,5,4,360.00
2024-03-11,7,2,255.00
2024-03-11,6,2,230.00
2024-03-11,8,1,145.00
2024-03-11,38,1,85.00
2024-03-11,36,1,25.00
2024-03-10,1,1261,82505.00
2024-03-10,2,392,34280.00
2024-03-10,17,138,16245.00
2024-03-10,15,134,15835.00
2024-03-10,44,115,9400.00
2024-03-10,3,77,9055.00
2024-03-10,45,67,6800.00
2024-03-10,16,39,5830.00
2024-03-10,18,38,5755.00
2024-03-10,20,46,5340.00
2024-03-10,19,15,2210.00
2024-03-10,7,14,1635.00
2024-03-10,46,11,1460.00
2024-03-10,37,19,1250.00
2024-03-10,4,16,1040.00
2024-03-10,38,5,445.00
2024-03-10,8,3,435.00
2024-03-10,5,5,425.00
2024-03-10,39,3,345.00
2024-03-09,1,1110,72675.00
2024-03-09,2,369,31945.00
2024-03-09,17,131,15590.00
2024-03-09,15,123,14795.00
2024-03-09,45,98,9925.00
2024-03-09,44,106,8760.00
2024-03-09,3,65,7525.00
2024-03-09,20,54,6260.00
2024-03-09,16,37,5505.00
2024-03-09,18,29,4275.00
2024-03-09,46,12,1560.00
2024-03-09,37,17,1105.00
2024-03-09,19,6,870.00
2024-03-09,38,6,510.00
2024-03-09,7,4,460.00
2024-03-09,4,7,455.00
2024-03-09,8,2,290.00
2024-03-09,36,5,125.00
2024-03-09,6,1,115.00
2024-03-09,5,1,85.00
2024-03-08,1,1103,72280.00
2024-03-08,2,423,36575.00
2024-03-08,15,128,15370.00
2024-03-08,17,92,10905.00
2024-03-08,44,110,8920.00
2024-03-08,3,69,8085.00
2024-03-08,45,74,7500.00
2024-03-08,16,39,5690.00
2024-03-08,20,47,5630.00
2024-03-08,18,32,4745.00
2024-03-08,19,15,2210.00
2024-03-08,46,14,1880.00
2024-03-08,7,14,1710.00
2024-03-08,37,18,1185.00
2024-03-08,38,12,1020.00
2024-03-08,4,14,910.00
2024-03-08,5,5,425.00
2024-03-08,8,2,290.00
2024-03-08,6,2,230.00
2024-03-08,39,2,230.00
2024-03-08,36,5,125.00
2024-03-07,1,914,59635.00
2024-03-07,2,298,25630.00
2024-03-07,17,96,11340.00
2024-03-07,15,90,10800.00
2024-03-07,44,88,7240.00
2024-03-07,3,60,7050.00
2024-03-07,45,59,6075.00
2024-03-07,20,51,6040.00
2024-03-07,16,19,3000.00
2024-03-07,18,16,2600.00
2024-03-07,46,12,1590.00
2024-03-07,7,13,1545.00
2024-03-07,19,9,1305.00
2024-03-07,4,8,520.00
2024-03-07,37,7,455.00
2024-03-07,38,5,445.00
2024-03-07,8,3,435.00
2024-03-07,5,3,255.00
2024-03-07,6,1,115.00
2024-03-07,39,1,115.00
2024-03-07,36,2,50.00
2024-03-06,1,914,59920.00
2024-03-06,2,304,26600.00
2024-03-06,15,113,13520.00
2024-03-06,17,92,10905.00
2024-03-06,45,84,8525.00
2024-03-06,44,101,8380.00
2024-03-06,3,54,6335.00
2024-03-06,20,42,5005.00
2024-03-06,16,32,4920.00
2024-03-06,46,18,2400.00
2024-03-06,18,13,1885.00
2024-03-06,7,12,1430.00
2024-03-06,19,9,1305.00
2024-03-06,4,18,1170.00
2024-03-06,5,9,765.00
2024-03-06,8,4,650.00
2024-03-06,37,8,520.00
2024-03-06,38,3,255.00
2024-03-05,1,852,56130.00
2024-03-05,2,304,26040.00
2024-03-05,15,119,14035.00
2024-03-05,17,116,13615.00
2024-03-05,3,62,7330.00
2024-03-05,44,74,6020.00
2024-03-05,45,59,5975.00
2024-03-05,20,35,4075.00
2024-03-05,19,17,2570.00
2024-03-05,16,16,2390.00
2024-03-05,18,15,2280.00
2024-03-05,46,12,1620.00
2024-03-05,7,11,1315.00
2024-03-05,37,12,825.00
2024-03-05,4,11,715.00
2024-03-05,38,7,615.00
2024-03-05,5,6,510.00
2024-03-05,6,2,230.00
2024-03-05,8,1,145.00
2024-03-04,1,825,54045.00
2024-03-04,2,283,24355.00
2024-03-04,15,90,10625.00
2024-03-04,17,90,10475.00
2024-03-04,20,56,6590.00
2024-03-04,3,53,6145.00
2024-03-04,44,67,5560.00
2024-03-04,45,50,5150.00
2024-03-04,16,14,2135.00
2024-03-04,18,14,2065.00
2024-03-04,46,10,1330.00
2024-03-04,7,7,830.00
2024-03-04,19,5,725.00
2024-03-04,4,11,715.00
2024-03-04,39,4,460.00
2024-03-04,8,3,435.00
2024-03-04,37,4,260.00
2024-03-04,5,2,170.00
2024-03-04,36,4,100.00
2024-03-04,38,1,85.00
2024-03-03,1,1326,86910.00
2024-03-03,2,448,38720.00
2024-03-03,15,151,17915.00
2024-03-03,17,149,17285.00
2024-03-03,3,102,12080.00
2024-03-03,45,106,10850.00
2024-03-03,44,111,9240.00
2024-03-03,16,51,7815.00
2024-03-03,20,67,7755.00
2024-03-03,18,33,4855.00
2024-03-03,7,19,2235.00
2024-03-03,19,11,1595.00
2024-03-03,46,12,1590.00
2024-03-03,37,24,1575.00
2024-03-03,38,7,675.00
2024-03-03,39,4,460.00
2024-03-03,4,6,390.00
2024-03-03,5,2,170.00
2024-03-03,36,3,75.00
2024-03-02,1,1238,81250.00
2024-03-02,2,402,34510.00
2024-03-02,15,148,17720.00
2024-03-02,17,136,16190.00
2024-03-02,44,139,11460.00
2024-03-02,3,75,8875.00
2024-03-02,45,82,8325.00
2024-03-02,20,55,6525.00
2024-03-02,16,36,5395.00
2024-03-02,18,29,4240.00
2024-03-02,46,18,2430.00
2024-03-02,19,15,2175.00
2024-03-02,37,27,1755.00
2024-03-02,38,10,890.00
2024-03-02,7,7,880.00
2024-03-02,39,5,600.00
2024-03-02,4,9,585.00
2024-03-02,5,4,340.00
2024-03-02,8,2,325.00
2024-03-02,6,1,115.00
2024-03-02,36,4,100.00
2024-03-01,1,1116,73140.00
2024-03-01,2,346,29850.00
2024-03-01,17,122,14255.00
2024-03-01,15,93,11045.00
2024-03-01,45,88,9000.00
2024-03-01,44,103,8360.00
2024-03-01,3,70,8250.00
2024-03-01,20,56,6565.00
2024-03-01,16,22,3295.00
2024-03-01,18,19,2790.00
2024-03-01,7,23,2695.00
2024-03-01,46,14,1910.00
2024-03-01,8,6,905.00
2024-03-01,37,12,840.00
2024-03-01,6,5,600.00
2024-03-01,38,6,510.00
2024-03-01,19,3,435.00
2024-03-01,4,6,390.00
2024-03-01,5,4,340.00
2024-03-01,36,2,50.00
2024-02-29,1,749,49150.00
2024-02-29,2,216,18700.00
2024-02-29,15,98,11695.00
2024-02-29,17,71,8390.00
2024-02-29,3,60,7025.00
2024-02-29,45,56,5625.00
2024-02-29,44,62,4980.00
2024-02-29,16,24,3690.00
2024-02-29,20,30,3475.00
2024-02-29,18,18,2715.00
2024-02-29,46,11,1490.00
2024-02-29,19,10,1485.00
2024-02-29,7,10,1175.00
2024-02-29,37,9,600.00
2024-02-29,38,6,510.00
2024-02-29,5,5,425.00
2024-02-29,39,2,230.00
2024-02-29,4,3,195.00
2024-02-29,36,5,125.00
2024-02-29,6,1,115.00
2024-02-28,1,770,50530.00
2024-02-28,2,233,20245.00
2024-02-28,15,106,12840.00
2024-02-28,17,86,10065.00
2024-02-28,44,69,5820.00
2024-02-28,45,48,4875.00
2024-02-28,3,37,4380.00
2024-02-28,18,29,4205.00
2024-02-28,16,27,4020.00
2024-02-28,20,25,2925.00
2024-02-28,46,11,1430.00
2024-02-28,7,9,1035.00
2024-02-28,37,14,910.00
2024-02-28,19,5,725.00
2024-02-28,5,8,680.00
2024-02-28,8,3,435.00
2024-02-28,4,6,390.00
2024-02-28,38,4,340.00
2024-02-28,39,2,230.00
2024-02-28,6,1,115.00
2024-02-28,36,1,25.00
2024-02-27,1,729,47610.00
2024-02-27,2,265,22785.00
2024-02-27,15,86,10315.00
2024-02-27,17,87,10205.00
2024-02-27,44,71,5780.00
2024-02-27,45,54,5475.00
2024-02-27,20,46,5415.00
2024-02-27,3,45,5400.00
2024-02-27,18,21,3045.00
2024-02-27,16,13,1920.00
2024-02-27,19,8,1230.00
2024-02-27,7,9,1035.00
2024-02-27,46,6,780.00
2024-02-27,8,5,725.00
2024-02-27,37,8,550.00
2024-02-27,5,5,445.00
2024-02-27,39,3,345.00
2024-02-27,4,3,195.00
2024-02-27,38,2,190.00
2024-02-27,6,1,140.00
2024-02-26,1,801,52620.00
2024-02-26,2,283,24315.00
2024-02-26,15,95,11175.00
2024-02-26,17,79,9160.00
2024-02-26,44,82,6620.00
2024-02-26,3,48,5620.00
2024-02-26,45,53,5450.00
2024-02-26,20,38,4445.00
2024-02-26,16,25,3765.00
2024-02-26,18,18,2715.00
2024-02-26,19,8,1195.00
2024-02-26,4,13,845.00
2024-02-26,7,7,805.00
2024-02-26,38,6,510.00
2024-02-26,46,3,420.00
2024-02-26,37,5,325.00
2024-02-26,5,2,170.00
2024-02-26,8,1,145.00
2024-02-26,36,4,100.00
2024-02-25,1,959,62965.00
2024-02-25,2,278,23970.00
2024-02-25,15,92,10755.00
2024-02-25,17,72,8505.00
2024-02-25,3,68,7945.00
2024-02-25,45,56,5875.00
2024-02-25,44,69,5580.00
2024-02-25,20,36,4165.00
2024-02-25,18,22,3365.00
2024-02-25,16,17,2465.00
2024-02-25,19,12,1740.00
2024-02-25,46,13,1720.00
2024-02-25,7,14,1635.00
2024-02-25,5,7,615.00
2024-02-25,4,8,520.00
2024-02-25,37,7,470.00
2024-02-25,38,3,255.00
2024-02-25,6,1,115.00
2024-02-24,1,1239,81900.00
2024-02-24,2,415,35795.00
2024-02-24,17,150,17500.00
2024-02-24,15,140,16700.00
2024-02-24,44,126,10200.00
2024-02-24,45,83,8375.00
2024-02-24,3,58,6745.00
2024-02-24,20,54,6360.00
2024-02-24,16,42,6335.00
2024-02-24,18,29,4310.00
2024-02-24,19,18,2750.00
2024-02-24,7,10,1200.00
2024-02-24,37,18,1185.00
2024-02-24,46,7,940.00
2024-02-24,8,6,870.00
2024-02-24,4,11,745.00
2024-02-24,38,7,615.00
2024-02-24,5,7,595.00
2024-02-24,6,4,485.00
2024-02-24,39,2,255.00
2024-02-24,36,3,75.00
2024-02-23,1,981,64545.00
2024-02-23,2,305,26185.00
2024-02-23,17,116,13540.00
2024-02-23,15,102,12005.00
2024-02-23,45,81,8225.00
2024-02-23,3,69,8210.00
2024-02-23,20,59,6860.00
2024-02-23,44,82,6640.00
2024-02-23,18,30,4350.00
2024-02-23,16,26,3945.00
2024-02-23,46,10,1330.00
2024-02-23,19,9,1305.00
2024-02-23,7,9,1085.00
2024-02-23,38,10,850.00
2024-02-23,37,11,715.00
2024-02-23,4,9,585.00
2024-02-23,8,2,290.00
2024-02-23,5,3,255.00
2024-02-23,39,2,230.00
2024-02-23,6,2,230.00
2024-02-23,36,1,25.00
2024-02-22,1,777,50955.00
2024-02-22,2,245,21005.00
2024-02-22,15,107,12805.00
2024-02-22,17,93,10870.00
2024-02-22,44,67,5480.00
2024-02-22,20,45,5350.00
2024-02-22,45,48,4900.00
2024-02-22,3,40,4650.00
2024-02-22,18,30,4490.00
2024-02-22,16,24,3585.00
2024-02-22,46,15,2040.00
2024-02-22,7,14,1735.00
2024-02-22,37,23,1690.00
2024-02-22,19,9,1305.00
2024-02-22,4,11,730.00
2024-02-22,5,7,595.00
2024-02-22,6,5,575.00
2024-02-22,38,6,510.00
2024-02-22,8,3,470.00
2024-02-22,36,1,25.00
2024-02-21,1,858,56475.00
2024-02-21,2,278,24110.00
2024-02-21,15,90,10825.00
2024-02-21,17,82,9755.00
2024-02-21,3,53,6370.00
2024-02-21,44,75,6280.00
2024-02-21,45,55,5775.00
2024-02-21,20,46,5390.00
2024-02-21,18,22,3260.00
2024-02-21,16,19,2895.00
2024-02-21,46,10,1420.00
2024-02-21,7,10,1150.00
2024-02-21,4,15,1050.00
2024-02-21,19,7,1050.00
2024-02-21,37,14,910.00
2024-02-21,8,6,905.00
2024-02-21,6,3,345.00
2024-02-21,38,4,340.00
2024-02-21,5,2,190.00
2024-02-21,39,1,115.00
2024-02-21,36,1,25.00
2024-02-20,1,786,51465.00
2024-02-20,2,218,18750.00
2024-02-20,15,92,10905.00
2024-02-20,17,85,10025.00
2024-02-20,44,89,7320.00
2024-02-20,20,50,5850.00
2024-02-20,45,58,5850.00
2024-02-20,3,40,4650.00
2024-02-20,16,26,3840.00
2024-02-20,18,15,2245.00
2024-02-20,37,16,1055.00
2024-02-20,7,9,1035.00
2024-02-20,19,7,1015.00
2024-02-20,38,7,595.00
2024-02-20,46,3,420.00
2024-02-20,4,6,405.00
2024-02-20,6,2,230.00
2024-02-20,8,1,145.00
2024-02-20,39,1,140.00
2024-02-20,5,1,85.00
2024-02-20,36,3,75.00
2024-02-19,1,851,55735.00
2024-02-19,2,268,23160.00
2024-02-19,17,111,12890.00
2024-02-19,15,92,10880.00
2024-02-19,44,93,7480.00
2024-02-19,3,56,6615.00
2024-02-19,45,62,6300.00
2024-02-19,20,45,5250.00
2024-02-19,16,29,4345.00
2024-02-19,18,29,4275.00
2024-02-19,46,25,3280.00
2024-02-19,19,8,1195.00
2024-02-19,37,14,910.00
2024-02-19,7,7,855.00
2024-02-19,4,13,845.00
2024-02-19,39,4,460.00
2024-02-19,38,5,445.00
2024-02-19,5,4,340.00
2024-02-19,8,1,145.00
2024-02-19,6,1,115.00
2024-02-19,36,3,75.00
2024-02-18,1,983,64420.00
2024-02-18,2,345,29625.00
2024-02-18,17,90,10600.00
2024-02-18,15,88,10395.00
2024-02-18,3,65,7675.00
2024-02-18,45,75,7575.00
2024-02-18,44,77,6280.00
2024-02-18,20,45,5350.00
2024-02-18,16,29,4415.00
2024-02-18,18,24,3515.00
2024-02-18,7,14,1635.00
2024-02-18,4,19,1265.00
2024-02-18,46,9,1200.00
2024-02-18,19,8,1195.00
2024-02-18,37,16,1055.00
2024-02-18,38,7,595.00
2024-02-18,8,4,580.00
2024-02-18,5,5,425.00
2024-02-18,39,1,115.00
2024-02-18,6,1,115.00
2024-02-18,36,3,75.00
2024-02-17,1,1151,75310.00
2024-02-17,2,348,29980.00
2024-02-17,15,126,15090.00
2024-02-17,17,96,11440.00
2024-02-17,44,92,7460.00
2024-02-17,20,54,6535.00
2024-02-17,45,61,6175.00
2024-02-17,3,52,6130.00
2024-02-17,18,40,5905.00
2024-02-17,16,31,4530.00
2024-02-17,19,17,2605.00
2024-02-17,46,17,2240.00
2024-02-17,37,19,1250.00
2024-02-17,4,16,1040.00
2024-02-17,7,8,920.00
2024-02-17,39,4,460.00
2024-02-17,38,4,340.00
2024-02-17,5,3,255.00
2024-02-17,6,2,230.00
2024-02-17,36,6,150.00
2024-02-17,8,1,145.00
2024-02-16,1,903,59205.00
2024-02-16,2,261,22485.00
2024-02-16,15,128,14970.00
2024-02-16,17,118,13845.00
2024-02-16,44,101,8480.00
2024-02-16,20,63,7370.00
2024-02-16,45,68,6925.00
2024-02-16,3,48,5620.00
2024-02-16,16,36,5430.00
2024-02-16,18,17,2570.00
2024-02-16,46,15,2010.00
2024-02-16,19,8,1160.00
2024-02-16,7,7,805.00
2024-02-16,4,7,455.00
2024-02-16,37,7,455.00
2024-02-16,6,3,370.00
2024-02-16,38,4,360.00
2024-02-16,5,3,255.00
2024-02-16,8,1,145.00
2024-02-16,39,1,115.00
2024-02-16,36,3,75.00
2024-02-15,1,647,42460.00
2024-02-15,2,182,15690.00
2024-02-15,17,69,8035.00
2024-02-15,15,59,7060.00
2024-02-15,3,56,6490.00
2024-02-15,44,52,4200.00
2024-02-15,45,36,3650.00
2024-02-15,20,24,2835.00
2024-02-15,18,18,2610.00
2024-02-15,16,15,2245.00
2024-02-15,46,8,1070.00
2024-02-15,37,13,935.00
2024-02-15,19,4,615.00
2024-02-15,4,5,325.00
2024-02-15,6,2,230.00
2024-02-15,7,2,230.00
2024-02-15,38,2,190.00
2024-02-15,8,1,145.00
2024-02-14,1,833,54475.00
2024-02-14,2,276,23500.00
2024-02-14,17,103,12120.00
2024-02-14,15,92,10930.00
2024-02-14,3,55,6400.00
2024-02-14,45,63,6300.00
2024-02-14,44,71,5740.00
2024-02-14,16,28,4200.00
2024-02-14,18,23,3405.00
2024-02-14,20,29,3385.00
2024-02-14,37,23,1495.00
2024-02-14,46,8,1070.00
2024-02-14,19,7,1050.00
2024-02-14,7,9,1035.00
2024-02-14,38,4,340.00
2024-02-14,8,2,290.00
2024-02-14,4,4,260.00
2024-02-14,6,2,230.00
2024-02-14,5,2,170.00
2024-02-14,36,1,25.00
2024-02-13,1,485,31810.00
2024-02-13,2,172,14800.00
2024-02-13,17,75,8775.00
2024-02-13,15,64,7535.00
2024-02-13,44,48,3960.00
2024-02-13,45,32,3275.00
2024-02-13,20,27,3155.00
2024-02-13,16,17,2465.00
2024-02-13,3,17,2005.00
2024-02-13,18,11,1630.00
2024-02-13,46,7,940.00
2024-02-13,19,6,905.00
2024-02-13,38,7,595.00
2024-02-13,7,5,575.00
2024-02-13,37,7,470.00
2024-02-13,5,3,255.00
2024-02-13,4,3,195.00
2024-02-13,39,1,115.00
2024-02-12,1,524,34390.00
2024-02-12,2,176,15200.00
2024-02-12,15,60,7000.00
2024-02-12,17,49,5685.00
2024-02-12,44,62,5080.00
2024-02-12,3,35,4150.00
2024-02-12,16,21,3255.00
2024-02-12,45,31,3175.00
2024-02-12,20,22,2580.00
2024-02-12,18,14,2065.00
2024-02-12,19,6,940.00
2024-02-12,7,7,880.00
2024-02-12,37,7,455.00
2024-02-12,38,5,425.00
2024-02-12,46,3,390.00
2024-02-12,8,2,290.00
2024-02-12,4,4,260.00
2024-02-12,5,3,255.00
2024-02-12,6,2,230.00
2024-02-12,36,2,50.00
2024-02-11,1,747,48735.00
2024-02-11,2,226,19470.00
2024-02-11,15,95,11275.00
2024-02-11,17,72,8430.00
2024-02-11,44,86,6980.00
2024-02-11,3,49,5860.00
2024-02-11,45,50,5075.00
2024-02-11,20,40,4675.00
2024-02-11,16,21,3115.00
2024-02-11,18,16,2390.00
2024-02-11,46,15,1980.00
2024-02-11,38,15,1295.00
2024-02-11,7,8,970.00
2024-02-11,4,13,845.00
2024-02-11,19,5,795.00
2024-02-11,37,12,780.00
2024-02-11,5,9,765.00
2024-02-11,6,3,345.00
2024-02-11,8,1,145.00
2024-02-11,39,1,115.00
2024-02-10,1,1022,66940.00
2024-02-10,2,317,27425.00
2024-02-10,15,133,15820.00
2024-02-10,17,72,8530.00
2024-02-10,3,71,8315.00
2024-02-10,44,80,6540.00
2024-02-10,45,60,6025.00
2024-02-10,20,37,4380.00
2024-02-10,16,26,3770.00
2024-02-10,18,23,3405.00
2024-02-10,7,14,1610.00
2024-02-10,46,9,1200.00
2024-02-10,19,8,1195.00
2024-02-10,38,13,1105.00
2024-02-10,37,17,1105.00
2024-02-10,5,7,615.00
2024-02-10,39,2,230.00
2024-02-10,6,2,230.00
2024-02-10,4,3,225.00
2024-02-10,8,1,145.00
2024-02-10,36,3,75.00
2024-02-09,1,1021,66560.00
2024-02-09,2,351,30215.00
2024-02-09,15,98,11520.00
2024-02-09,17,79,9310.00
2024-02-09,45,83,8475.00
2024-02-09,3,58,6770.00
2024-02-09,44,74,6020.00
2024-02-09,18,34,5035.00
2024-02-09,16,31,4740.00
2024-02-09,20,38,4395.00
2024-02-09,7,16,1890.00
2024-02-09,19,10,1485.00
2024-02-09,37,16,1040.00
2024-02-09,8,6,870.00
2024-02-09,4,10,650.00
2024-02-09,46,5,650.00
2024-02-09,39,4,460.00
2024-02-09,5,5,445.00
2024-02-09,38,5,445.00
2024-02-09,6,3,345.00
2024-02-08,1,768,50310.00
2024-02-08,2,282,24270.00
2024-02-08,15,89,10510.00
2024-02-08,17,70,8300.00
2024-02-08,44,89,7240.00
2024-02-08,45,60,6175.00
2024-02-08,16,40,6150.00
2024-02-08,3,51,5965.00
2024-02-08,20,45,5250.00
2024-02-08,18,24,3550.00
2024-02-08,46,13,1720.00
2024-02-08,19,7,1085.00
2024-02-08,7,8,920.00
2024-02-08,6,6,690.00
2024-02-08,37,10,680.00
2024-02-08,38,4,340.00
2024-02-08,4,5,325.00
2024-02-08,5,3,255.00
2024-02-07,1,599,39070.00
2024-02-07,2,206,17770.00
2024-02-07,17,65,7725.00
2024-02-07,15,57,6655.00
2024-02-07,44,62,5040.00
2024-02-07,45,46,4650.00
2024-02-07,3,34,4035.00
2024-02-07,20,27,3155.00
2024-02-07,16,18,2610.00
2024-02-07,7,14,1785.00
2024-02-07,18,11,1630.00
2024-02-07,37,14,1000.00
2024-02-07,46,7,940.00
2024-02-07,19,5,760.00
2024-02-07,38,6,510.00
2024-02-07,8,3,435.00
2024-02-07,4,5,340.00
2024-02-07,5,4,340.00
2024-02-07,39,1,115.00
2024-02-07,36,2,50.00
2024-02-06,1,484,31550.00
2024-02-06,2,167,14455.00
2024-02-06,15,56,6765.00
2024-02-06,17,40,4625.00
2024-02-06,45,43,4450.00
2024-02-06,20,32,3680.00
2024-02-06,44,43,3600.00
2024-02-06,3,24,2785.00
2024-02-06,18,16,2530.00
2024-02-06,7,8,920.00
2024-02-06,46,5,710.00
2024-02-06,16,4,580.00
2024-02-06,8,4,580.00
2024-02-06,37,5,325.00
2024-02-06,19,2,290.00
2024-02-06,4,3,195.00
2024-02-06,39,1,115.00
2024-02-06,6,1,115.00
2024-02-06,38,1,85.00
2024-02-06,36,1,25.00
2024-02-05,1,681,44745.00
2024-02-05,2,220,18880.00
2024-02-05,15,67,8005.00
2024-02-05,17,61,7140.00
2024-02-05,44,74,5980.00
2024-02-05,45,47,4750.00
2024-02-05,3,35,4175.00
2024-02-05,20,22,2580.00
2024-02-05,16,16,2390.00
2024-02-05,18,15,2175.00
2024-02-05,19,13,1885.00
2024-02-05,37,20,1300.00
2024-02-05,46,6,810.00
2024-02-05,7,3,370.00
2024-02-05,4,5,355.00
2024-02-05,38,4,340.00
2024-02-05,6,1,115.00
2024-02-05,5,1,105.00
2024-02-04,1,967,63260.00
2024-02-04,2,271,23395.00
2024-02-04,15,117,13855.00
2024-02-04,17,93,10845.00
2024-02-04,45,71,7250.00
2024-02-04,3,58,6770.00
2024-02-04,44,70,5760.00
2024-02-04,16,35,5215.00
2024-02-04,20,40,4825.00
2024-02-04,46,27,3510.00
2024-02-04,18,19,2790.00
2024-02-04,7,18,2120.00
2024-02-04,38,14,1230.00
2024-02-04,19,8,1160.00
2024-02-04,37,12,780.00
2024-02-04,4,7,455.00
2024-02-04,6,3,345.00
2024-02-04,5,3,275.00
2024-02-04,8,1,145.00
2024-02-04,39,1,115.00
2024-02-04,36,1,25.00
2024-02-03,1,982,64325.00
2024-02-03,2,307,26615.00
2024-02-03,15,101,11840.00
2024-02-03,17,75,8950.00
2024-02-03,44,103,8440.00
2024-02-03,3,63,7395.00
2024-02-03,20,57,6630.00
2024-02-03,45,65,6575.00
2024-02-03,16,21,3115.00
2024-02-03,18,19,2790.00
2024-02-03,5,15,1495.00
2024-02-03,7,12,1430.00
2024-02-03,19,8,1160.00
2024-02-03,46,8,1070.00
2024-02-03,4,9,600.00
2024-02-03,37,8,520.00
2024-02-03,38,6,510.00
2024-02-03,8,2,290.00
2024-02-03,6,2,255.00
2024-02-02,1,863,56470.00
2024-02-02,2,263,22635.00
2024-02-02,15,85,10300.00
2024-02-02,44,103,8580.00
2024-02-02,17,70,8150.00
2024-02-02,45,68,6900.00
2024-02-02,3,53,6220.00
2024-02-02,20,39,4535.00
2024-02-02,16,23,3440.00
2024-02-02,18,14,2100.00
2024-02-02,46,14,1850.00
2024-02-02,37,20,1345.00
2024-02-02,7,11,1290.00
2024-02-02,5,10,870.00
2024-02-02,38,4,360.00
2024-02-02,6,3,345.00
2024-02-02,19,2,290.00
2024-02-02,4,3,195.00
2024-02-02,8,1,145.00
2024-02-02,39,1,115.00
2024-02-02,36,1,25.00
2024-02-01,1,642,41895.00
2024-02-01,2,220,18920.00
2024-02-01,15,92,11080.00
2024-02-01,17,72,8555.00
2024-02-01,45,51,5150.00
2024-02-01,3,39,4660.00
2024-02-01,44,54,4340.00
2024-02-01,20,32,4030.00
2024-02-01,16,21,3185.00
2024-02-01,18,15,2175.00
2024-02-01,46,9,1170.00
2024-02-01,7,4,535.00
2024-02-01,19,3,435.00
2024-02-01,8,3,435.00
2024-02-01,4,5,340.00
2024-02-01,37,5,325.00
2024-02-01,6,2,230.00
2024-02-01,38,2,190.00
2024-02-01,39,1,115.00
2024-01-31,1,818,53560.00
2024-01-31,2,241,20805.00
2024-01-31,15,83,9845.00
2024-01-31,17,60,7175.00
2024-01-31,44,82,6740.00
2024-01-31,3,46,5315.00
2024-01-31,45,42,4225.00
2024-01-31,20,33,3970.00
2024-01-31,18,16,2355.00
2024-01-31,16,12,1775.00
2024-01-31,46,11,1460.00
2024-01-31,7,8,945.00
2024-01-31,37,14,910.00
2024-01-31,8,3,470.00
2024-01-31,4,7,455.00
2024-01-31,38,5,445.00
2024-01-31,5,5,425.00
2024-01-31,39,3,370.00
2024-01-31,19,2,290.00
2024-01-31,6,1,115.00
2024-01-30,1,518,34105.00
2024-01-30,2,162,14190.00
2024-01-30,15,52,6005.00
2024-01-30,44,53,4280.00
2024-01-30,17,36,4240.00
2024-01-30,45,29,3000.00
2024-01-30,20,24,2785.00
2024-01-30,3,22,2655.00
2024-01-30,18,12,1810.00
2024-01-30,46,10,1330.00
2024-01-30,16,8,1160.00
2024-01-30,37,16,1070.00
2024-01-30,4,9,585.00
2024-01-30,38,6,510.00
2024-01-30,7,4,485.00
2024-01-30,19,3,435.00
2024-01-30,5,4,360.00
2024-01-30,8,2,290.00
2024-01-30,39,1,115.00
2024-01-29,1,631,41435.00
2024-01-29,2,229,19825.00
2024-01-29,15,80,9400.00
2024-01-29,17,39,4485.00
2024-01-29,20,37,4380.00
2024-01-29,45,42,4275.00
2024-01-29,18,26,3840.00
2024-01-29,3,32,3730.00
2024-01-29,44,44,3540.00
2024-01-29,16,15,2245.00
2024-01-29,46,9,1170.00
2024-01-29,19,7,1015.00
2024-01-29,7,6,690.00
2024-01-29,37,10,650.00
2024-01-29,4,8,520.00
2024-01-29,5,6,510.00
2024-01-29,39,4,510.00
2024-01-29,38,3,275.00
2024-01-29,8,1,145.00
2024-01-29,6,1,115.00
2024-01-29,36,1,25.00
2024-01-28,1,625,40910.00
2024-01-28,2,190,16290.00
2024-01-28,15,67,7880.00
2024-01-28,17,64,7635.00
2024-01-28,3,37,4405.00
2024-01-28,44,50,4040.00
2024-01-28,45,38,3825.00
2024-01-28,16,25,3765.00
2024-01-28,20,31,3715.00
2024-01-28,18,18,2645.00
2024-01-28,46,13,1720.00
2024-01-28,7,14,1635.00
2024-01-28,19,7,1050.00
2024-01-28,38,11,955.00
2024-01-28,37,9,585.00
2024-01-28,4,8,520.00
2024-01-28,5,4,340.00
2024-01-28,8,2,290.00
2024-01-28,6,1,115.00
2024-01-27,1,918,60405.00
2024-01-27,2,272,23580.00
2024-01-27,15,98,11795.00
2024-01-27,17,97,11305.00
2024-01-27,44,113,9280.00
2024-01-27,3,72,8580.00
2024-01-27,45,70,7175.00
2024-01-27,20,43,4970.00
2024-01-27,16,27,3985.00
2024-01-27,18,17,2465.00
2024-01-27,19,13,1920.00
2024-01-27,7,15,1775.00
2024-01-27,46,10,1330.00
2024-01-27,38,14,1190.00
2024-01-27,37,15,975.00
2024-01-27,5,8,680.00
2024-01-27,8,3,435.00
2024-01-27,4,6,390.00
2024-01-26,1,739,48470.00
2024-01-26,2,223,19335.00
2024-01-26,17,84,9860.00
2024-01-26,15,83,9770.00
2024-01-26,44,77,6220.00
2024-01-26,45,62,6200.00
2024-01-26,3,50,5875.00
2024-01-26,20,38,4495.00
2024-01-26,18,17,2535.00
2024-01-26,16,16,2425.00
2024-01-26,19,9,1410.00
2024-01-26,7,11,1290.00
2024-01-26,46,6,810.00
2024-01-26,37,9,615.00
2024-01-26,8,2,325.00
2024-01-26,38,3,275.00
2024-01-26,4,3,210.00
2024-01-26,39,1,140.00
2024-01-26,5,1,85.00
2024-01-26,36,2,50.00
2024-01-25,1,753,49470.00
2024-01-25,2,309,26645.00
2024-01-25,17,115,13750.00
2024-01-25,15,98,11570.00
2024-01-25,44,74,6200.00
2024-01-25,3,45,5300.00
2024-01-25,45,51,5250.00
2024-01-25,20,40,4650.00
2024-01-25,16,15,2280.00
2024-01-25,18,14,2065.00
2024-01-25,7,11,1290.00
2024-01-25,37,19,1250.00
2024-01-25,19,7,1015.00
2024-01-25,38,11,975.00
2024-01-25,4,14,910.00
2024-01-25,46,5,680.00
2024-01-25,5,5,445.00
2024-01-25,6,2,230.00
2024-01-25,8,1,145.00
2024-01-25,39,1,115.00
2024-01-25,36,4,100.00
2024-01-24,1,951,62205.00
2024-01-24,2,320,27780.00
2024-01-24,17,101,11865.00
2024-01-24,15,82,9830.00
2024-01-24,45,68,7000.00
2024-01-24,44,84,6940.00
2024-01-24,3,47,5505.00
2024-01-24,20,44,5110.00
2024-01-24,16,28,4235.00
2024-01-24,18,18,2645.00
2024-01-24,7,15,1775.00
2024-01-24,46,11,1430.00
2024-01-24,37,19,1235.00
2024-01-24,19,8,1195.00
2024-01-24,38,14,1190.00
2024-01-24,4,14,940.00
2024-01-24,8,3,435.00
2024-01-24,5,5,425.00
2024-01-24,6,3,370.00
2024-01-23,1,879,57720.00
2024-01-23,2,298,25570.00
2024-01-23,15,93,11020.00
2024-01-23,17,91,10740.00
2024-01-23,44,76,6120.00
2024-01-23,3,51,6090.00
2024-01-23,45,49,5150.00
2024-01-23,20,37,4305.00
2024-01-23,18,17,2570.00
2024-01-23,16,16,2425.00
2024-01-23,7,8,920.00
2024-01-23,46,6,810.00
2024-01-23,19,5,760.00
2024-01-23,37,11,715.00
2024-01-23,8,4,650.00
2024-01-23,5,6,550.00
2024-01-23,38,5,445.00
2024-01-23,4,6,405.00
2024-01-23,36,1,25.00
2024-01-22,1,576,37710.00
2024-01-22,2,183,15815.00
2024-01-22,15,66,7765.00
2024-01-22,17,52,6005.00
2024-01-22,3,43,4945.00
2024-01-22,45,47,4725.00
2024-01-22,44,57,4600.00
2024-01-22,20,37,4480.00
2024-01-22,46,15,2130.00
2024-01-22,18,12,1810.00
2024-01-22,16,11,1700.00
2024-01-22,7,13,1545.00
2024-01-22,19,5,760.00
2024-01-22,38,5,425.00
2024-01-22,5,5,425.00
2024-01-22,6,3,345.00
2024-01-22,8,2,290.00
2024-01-22,37,4,275.00
2024-01-22,4,3,210.00
2024-01-22,39,1,115.00
2024-01-22,36,3,75.00
2024-01-21,1,1065,69480.00
2024-01-21,2,321,27805.00
2024-01-21,17,100,11675.00
2024-01-21,15,93,11045.00
2024-01-21,44,94,7520.00
2024-01-21,3,62,7330.00
2024-01-21,45,58,5800.00
2024-01-21,20,48,5645.00
2024-01-21,18,32,4675.00
2024-01-21,16,25,3660.00
2024-01-21,46,14,1820.00
2024-01-21,19,10,1450.00
2024-01-21,4,17,1105.00
2024-01-21,7,9,1060.00
2024-01-21,37,12,810.00
2024-01-21,38,9,785.00
2024-01-21,5,5,445.00
2024-01-21,8,2,290.00
2024-01-21,39,2,230.00
2024-01-21,6,2,230.00
2024-01-20,1,1085,71320.00
2024-01-20,2,427,37075.00
2024-01-20,15,131,15465.00
2024-01-20,17,93,10945.00
2024-01-20,44,117,9660.00
2024-01-20,3,63,7495.00
2024-01-20,45,61,6125.00
2024-01-20,20,52,6080.00
2024-01-20,16,24,3550.00
2024-01-20,18,19,2825.00
2024-01-20,37,33,2145.00
2024-01-20,46,12,1620.00
2024-01-20,19,9,1305.00
2024-01-20,7,11,1290.00
2024-01-20,4,9,585.00
2024-01-20,38,5,445.00
2024-01-20,5,2,170.00
2024-01-20,8,1,145.00
2024-01-20,6,1,140.00
2024-01-20,36,3,75.00
2024-01-19,1,872,57370.00
2024-01-19,2,256,22020.00
2024-01-19,17,87,10330.00
2024-01-19,15,77,9080.00
2024-01-19,44,80,6480.00
2024-01-19,3,52,6055.00
2024-01-19,45,53,5475.00
2024-01-19,20,34,3960.00
2024-01-19,16,17,2570.00
2024-01-19,18,15,2210.00
2024-01-19,19,11,1665.00
2024-01-19,7,12,1455.00
2024-01-19,37,18,1170.00
2024-01-19,38,10,890.00
2024-01-19,46,6,810.00
2024-01-19,4,7,455.00
2024-01-19,5,5,425.00
2024-01-19,6,3,345.00
2024-01-19,8,2,290.00
2024-01-19,39,1,115.00
2024-01-19,36,2,50.00
2024-01-18,1,651,42540.00
2024-01-18,2,223,19195.00
2024-01-18,17,95,11375.00
2024-01-18,15,72,8655.00
2024-01-18,3,52,6080.00
2024-01-18,45,60,6025.00
2024-01-18,16,33,5030.00
2024-01-18,44,58,4700.00
2024-01-18,18,31,4530.00
2024-01-18,20,35,4075.00
2024-01-18,19,10,1450.00
2024-01-18,46,8,1070.00
2024-01-18,7,4,460.00
2024-01-18,4,3,210.00
2024-01-18,37,3,195.00
2024-01-18,5,2,170.00
2024-01-18,38,2,170.00
2024-01-18,8,1,145.00
2024-01-18,39,1,115.00
2024-01-17,1,729,47865.00
2024-01-17,2,228,19720.00
2024-01-17,17,90,10525.00
2024-01-17,15,84,10110.00
2024-01-17,44,82,6840.00
2024-01-17,3,50,5900.00
2024-01-17,45,50,5050.00
2024-01-17,20,43,5020.00
2024-01-17,16,24,3585.00
2024-01-17,18,22,3330.00
2024-01-17,46,12,1590.00
2024-01-17,7,11,1290.00
2024-01-17,19,7,1015.00
2024-01-17,38,10,890.00
2024-01-17,4,7,470.00
2024-01-17,37,7,455.00
2024-01-17,8,2,360.00
2024-01-17,6,1,115.00
2024-01-17,36,4,100.00
2024-01-17,5,1,85.00
2024-01-16,1,783,51585.00
2024-01-16,2,229,19705.00
2024-01-16,15,95,11225.00
2024-01-16,17,75,8775.00
2024-01-16,45,65,6675.00
2024-01-16,3,54,6385.00
2024-01-16,44,74,6040.00
2024-01-16,16,29,4415.00
2024-01-16,20,27,3130.00
2024-01-16,7,12,1405.00
2024-01-16,46,8,1100.00
2024-01-16,19,7,1050.00
2024-01-16,18,7,1015.00
2024-01-16,38,8,700.00
2024-01-16,8,4,580.00
2024-01-16,37,8,520.00
2024-01-16,4,4,260.00
2024-01-16,5,2,170.00
2024-01-16,6,1,115.00
2024-01-15,1,759,49605.00
2024-01-15,2,288,25000.00
2024-01-15,15,91,10640.00
2024-01-15,17,75,8875.00
2024-01-15,44,79,6340.00
2024-01-15,3,47,5455.00
2024-01-15,45,54,5450.00
2024-01-15,20,34,3960.00
2024-01-15,16,20,2900.00
2024-01-15,46,10,1420.00
2024-01-15,18,9,1305.00
2024-01-15,7,11,1265.00
2024-01-15,19,6,870.00
2024-01-15,37,9,585.00
2024-01-15,4,8,520.00
2024-01-15,38,6,510.00
2024-01-15,5,3,275.00
2024-01-15,39,2,230.00
2024-01-15,8,1,145.00
2024-01-15,6,1,115.00
2024-01-15,36,2,50.00
2024-01-14,1,1032,67575.00
2024-01-14,2,307,26335.00
2024-01-14,17,80,9350.00
2024-01-14,15,77,9030.00
2024-01-14,3,77,9005.00
2024-01-14,45,78,8025.00
2024-01-14,44,73,5900.00
2024-01-14,20,36,4140.00
2024-01-14,16,24,3655.00
2024-01-14,18,23,3405.00
2024-01-14,46,14,1880.00
2024-01-14,37,23,1510.00
2024-01-14,19,8,1160.00
2024-01-14,4,14,925.00
2024-01-14,5,9,765.00
2024-01-14,7,6,715.00
2024-01-14,8,2,290.00
2024-01-14,38,3,255.00
2024-01-14,39,1,115.00
2024-01-13,1,826,54050.00
2024-01-13,2,219,18895.00
2024-01-13,15,99,11710.00
2024-01-13,17,83,9645.00
2024-01-13,44,92,7400.00
2024-01-13,45,67,6875.00
2024-01-13,3,52,6105.00
2024-01-13,20,33,3870.00
2024-01-13,18,20,3005.00
2024-01-13,16,13,1920.00
2024-01-13,19,10,1450.00
2024-01-13,7,12,1430.00
2024-01-13,46,10,1330.00
2024-01-13,37,14,910.00
2024-01-13,38,7,595.00
2024-01-13,6,4,460.00
2024-01-13,4,6,390.00
2024-01-13,39,2,230.00
2024-01-13,5,2,170.00
2024-01-13,36,1,25.00
2024-01-12,1,627,41040.00
2024-01-12,2,231,19855.00
2024-01-12,15,86,10140.00
2024-01-12,17,73,8620.00
2024-01-12,3,48,5645.00
2024-01-12,20,48,5595.00
2024-01-12,44,66,5280.00
2024-01-12,45,42,4250.00
2024-01-12,18,13,1885.00
2024-01-12,16,12,1740.00
2024-01-12,46,12,1560.00
2024-01-12,37,14,910.00
2024-01-12,7,5,575.00
2024-01-12,5,6,510.00
2024-01-12,38,6,510.00
2024-01-12,4,7,470.00
2024-01-12,19,3,435.00
2024-01-12,6,2,230.00
2024-01-12,39,1,115.00
2024-01-12,36,2,50.00
2024-01-11,1,957,62790.00
2024-01-11,2,387,33495.00
2024-01-11,17,116,13665.00
2024-01-11,15,107,12655.00
2024-01-11,3,62,7380.00
2024-01-11,45,60,6100.00
2024-01-11,20,50,5825.00
2024-01-11,16,39,5725.00
2024-01-11,44,67,5540.00
2024-01-11,18,22,3225.00
2024-01-11,7,14,1610.00
2024-01-11,46,9,1260.00
2024-01-11,19,8,1195.00
2024-01-11,8,6,870.00
2024-01-11,38,8,720.00
2024-01-11,5,6,530.00
2024-01-11,4,6,390.00
2024-01-11,37,4,260.00
2024-01-11,39,1,115.00
2024-01-11,36,3,75.00
2024-01-10,1,1090,71600.00
2024-01-10,2,389,33705.00
2024-01-10,15,105,12600.00
2024-01-10,17,97,11580.00
2024-01-10,3,73,8470.00
2024-01-10,45,74,7525.00
2024-01-10,44,85,7020.00
2024-01-10,20,50,5800.00
2024-01-10,18,22,3225.00
2024-01-10,16,21,3185.00
2024-01-10,7,14,1635.00
2024-01-10,46,9,1170.00
2024-01-10,37,17,1120.00
2024-01-10,38,7,635.00
2024-01-10,19,4,580.00
2024-01-10,4,7,470.00
2024-01-10,6,4,460.00
2024-01-10,8,3,435.00
2024-01-10,5,3,255.00
2024-01-10,36,4,100.00
2024-01-09,1,919,60170.00
2024-01-09,2,331,28655.00
2024-01-09,15,99,11660.00
2024-01-09,17,92,10680.00
2024-01-09,45,91,9225.00
2024-01-09,44,81,6680.00
2024-01-09,3,47,5480.00
2024-01-09,18,35,5460.00
2024-01-09,16,29,4275.00
2024-01-09,20,30,3475.00
2024-01-09,46,14,1850.00
2024-01-09,37,23,1525.00
2024-01-09,19,9,1410.00
2024-01-09,7,11,1290.00
2024-01-09,4,15,975.00
2024-01-09,38,6,510.00
2024-01-09,6,2,230.00
2024-01-09,39,2,230.00
2024-01-09,5,2,170.00
2024-01-09,8,1,145.00
2024-01-09,36,4,100.00
2024-01-08,1,1113,73050.00
2024-01-08,2,410,35290.00
2024-01-08,15,140,16525.00
2024-01-08,17,124,14410.00
2024-01-08,3,103,12095.00
2024-01-08,45,103,10350.00
2024-01-08,44,108,8800.00
2024-01-08,20,67,7880.00
2024-01-08,16,43,6515.00
2024-01-08,18,31,4530.00
2024-01-08,37,31,2030.00
2024-01-08,46,13,1810.00
2024-01-08,7,14,1610.00
2024-01-08,19,8,1160.00
2024-01-08,4,12,780.00
2024-01-08,5,8,700.00
2024-01-08,38,8,700.00
2024-01-08,39,3,345.00
2024-01-08,8,2,325.00
2024-01-08,6,2,255.00
2024-01-08,36,3,75.00
2024-01-07,1,1276,83675.00
2024-01-07,2,419,36175.00
2024-01-07,15,138,16170.00
2024-01-07,17,138,16095.00
2024-01-07,44,117,9520.00
2024-01-07,45,93,9350.00
2024-01-07,3,76,8840.00
2024-01-07,20,62,7155.00
2024-01-07,16,30,4595.00
2024-01-07,18,21,3045.00
2024-01-07,37,41,2695.00
2024-01-07,46,16,2080.00
2024-01-07,38,14,1210.00
2024-01-07,19,7,1050.00
2024-01-07,7,7,805.00
2024-01-07,5,5,425.00
2024-01-07,4,5,325.00
2024-01-07,6,2,230.00
2024-01-07,39,2,230.00
2024-01-07,8,1,180.00
2024-01-06,1,1414,92645.00
2024-01-06,2,526,45150.00
2024-01-06,17,179,20810.00
2024-01-06,15,128,15045.00
2024-01-06,45,137,13925.00
2024-01-06,3,105,12350.00
2024-01-06,16,56,8330.00
2024-01-06,44,101,8280.00
2024-01-06,20,61,7115.00
2024-01-06,18,33,5030.00
2024-01-06,46,20,2750.00
2024-01-06,37,32,2080.00
2024-01-06,19,13,1885.00
2024-01-06,7,15,1775.00
2024-01-06,4,13,860.00
2024-01-06,38,8,680.00
2024-01-06,5,5,465.00
2024-01-06,39,3,345.00
2024-01-06,6,3,345.00
2024-01-06,8,2,325.00
2024-01-06,36,8,200.00
2024-01-05,1,1070,70255.00
2024-01-05,2,375,32355.00
2024-01-05,17,106,12390.00
2024-01-05,15,95,11275.00
2024-01-05,3,78,9145.00
2024-01-05,45,87,8750.00
2024-01-05,20,69,8185.00
2024-01-05,44,85,6820.00
2024-01-05,16,37,5435.00
2024-01-05,18,17,2465.00
2024-01-05,7,18,2170.00
2024-01-05,46,13,1720.00
2024-01-05,4,21,1455.00
2024-01-05,37,20,1330.00
2024-01-05,19,8,1160.00
2024-01-05,38,9,785.00
2024-01-05,6,4,485.00
2024-01-05,8,3,435.00
2024-01-05,5,4,340.00
2024-01-05,39,2,230.00
2024-01-05,36,4,100.00
2024-01-04,1,1240,81320.00
2024-01-04,2,433,37405.00
2024-01-04,15,112,13280.00
2024-01-04,17,105,12175.00
2024-01-04,3,103,11995.00
2024-01-04,44,109,8960.00
2024-01-04,45,70,7025.00
2024-01-04,16,46,6845.00
2024-01-04,20,52,6155.00
2024-01-04,18,40,5905.00
2024-01-04,46,21,2760.00
2024-01-04,19,14,2030.00
2024-01-04,7,9,1085.00
2024-01-04,37,13,875.00
2024-01-04,6,7,805.00
2024-01-04,38,9,765.00
2024-01-04,4,10,650.00
2024-01-04,5,7,615.00
2024-01-04,8,4,580.00
2024-01-04,36,2,50.00
2024-01-03,1,1369,90065.00
2024-01-03,2,461,39745.00
2024-01-03,15,139,16435.00
2024-01-03,17,112,13055.00
2024-01-03,3,97,11430.00
2024-01-03,45,87,8850.00
2024-01-03,44,103,8400.00
2024-01-03,20,70,8150.00
2024-01-03,16,47,7165.00
2024-01-03,18,43,6270.00
2024-01-03,19,19,2755.00
2024-01-03,46,17,2270.00
2024-01-03,37,28,1820.00
2024-01-03,7,13,1520.00
2024-01-03,8,8,1160.00
2024-01-03,5,9,765.00
2024-01-03,38,8,680.00
2024-01-03,4,9,585.00
2024-01-03,39,4,460.00
2024-01-03,36,10,250.00
2024-01-02,1,1495,97505.00
2024-01-02,2,543,46515.00
2024-01-02,3,119,13860.00
2024-01-02,15,111,13090.00
2024-01-02,17,106,12390.00
2024-01-02,45,104,10625.00
2024-01-02,44,92,7440.00
2024-01-02,20,55,6375.00
2024-01-02,16,37,5470.00
2024-01-02,18,23,3370.00
2024-01-02,46,15,2010.00
2024-01-02,7,14,1635.00
2024-01-02,19,10,1450.00
2024-01-02,38,16,1360.00
2024-01-02,5,15,1275.00
2024-01-02,37,15,1020.00
2024-01-02,4,12,795.00
2024-01-02,8,5,760.00
2024-01-02,6,5,575.00
2024-01-02,39,3,345.00
2024-01-02,36,5,125.00
2024-01-01,1,554,36130.00
2024-01-01,2,152,12980.00
2024-01-01,15,46,5465.00
2024-01-01,3,40,4600.00
2024-01-01,16,24,3550.00
2024-01-01,45,34,3400.00
2024-01-01,44,40,3200.00
2024-01-01,17,22,2530.00
2024-01-01,20,16,1890.00
2024-01-01,46,12,1590.00
2024-01-01,18,10,1485.00
2024-01-01,19,8,1195.00
2024-01-01,37,10,650.00
2024-01-01,7,4,460.00
2024-01-01,4,7,455.00
2024-01-01,5,4,340.00
2024-01-01,8,2,290.00
2024-01-01,6,2,230.00
2024-01-01,38,2,190.00
2024-01-01,39,1,115.00
2024-01-01,36,2,50.00
2023-12-31,1,1342,87695.00
2023-12-31,2,406,34950.00
2023-12-31,15,105,12575.00
2023-12-31,3,92,10755.00
2023-12-31,17,89,10485.00
2023-12-31,45,83,8425.00
2023-12-31,20,65,7525.00
2023-12-31,44,92,7500.00
2023-12-31,16,41,5980.00
2023-12-31,18,30,4525.00
2023-12-31,19,16,2320.00
2023-12-31,37,28,1835.00
2023-12-31,46,13,1720.00
2023-12-31,7,12,1380.00
2023-12-31,38,9,765.00
2023-12-31,8,4,580.00
2023-12-31,4,8,520.00
2023-12-31,6,3,345.00
2023-12-31,5,4,340.00
2023-12-31,39,1,115.00
2023-12-31,36,4,100.00
2023-12-30,1,1850,120775.00
2023-12-30,2,503,43175.00
2023-12-30,15,188,22170.00
2023-12-30,17,150,17425.00
2023-12-30,3,117,13580.00
2023-12-30,44,156,12500.00
2023-12-30,45,102,10200.00
2023-12-30,16,55,8080.00
2023-12-30,20,63,7320.00
2023-12-30,18,27,3985.00
2023-12-30,19,20,2935.00
2023-12-30,37,35,2290.00
2023-12-30,46,16,2080.00
2023-12-30,7,11,1290.00
2023-12-30,4,18,1185.00
2023-12-30,38,11,955.00
2023-12-30,5,10,850.00
2023-12-30,8,5,760.00
2023-12-30,6,5,575.00
2023-12-30,36,7,175.00
2023-12-30,39,1,115.00
2023-12-29,1,1519,99560.00
2023-12-29,2,540,46740.00
2023-12-29,15,149,17610.00
2023-12-29,17,141,16440.00
2023-12-29,44,197,15860.00
2023-12-29,20,92,10730.00
2023-12-29,45,102,10250.00
2023-12-29,3,83,9820.00
2023-12-29,16,45,6700.00
2023-12-29,7,34,4235.00
2023-12-29,18,28,4130.00
2023-12-29,37,41,2665.00
2023-12-29,46,18,2340.00
2023-12-29,19,11,1630.00
2023-12-29,5,18,1530.00
2023-12-29,4,22,1460.00
2023-12-29,38,5,445.00
2023-12-29,8,2,290.00
2023-12-29,6,2,230.00
2023-12-29,39,2,230.00
2023-12-29,36,3,75.00
2023-12-28,1,1691,110515.00
2023-12-28,2,489,41805.00
2023-12-28,15,196,23040.00
2023-12-28,17,147,17180.00
2023-12-28,44,143,11600.00
2023-12-28,45,113,11375.00
2023-12-28,3,84,9785.00
2023-12-28,20,77,8980.00
2023-12-28,16,35,5075.00
2023-12-28,18,31,4495.00
2023-12-28,37,41,2695.00
2023-12-28,19,18,2610.00
2023-12-28,7,20,2350.00
2023-12-28,46,14,1880.00
2023-12-28,38,14,1190.00
2023-12-28,4,12,780.00
2023-12-28,5,7,615.00
2023-12-28,6,5,575.00
2023-12-28,8,2,325.00
2023-12-28,39,1,140.00
2023-12-28,36,2,50.00
2023-12-27,1,1319,86290.00
2023-12-27,2,365,31265.00
2023-12-27,15,150,17550.00
2023-12-27,44,135,10920.00
2023-12-27,45,97,9825.00
2023-12-27,17,76,8865.00
2023-12-27,3,75,8800.00
2023-12-27,20,61,7090.00
2023-12-27,16,35,5215.00
2023-12-27,18,15,2210.00
2023-12-27,46,14,1910.00
2023-12-27,37,22,1430.00
2023-12-27,7,9,1035.00
2023-12-27,19,7,1015.00
2023-12-27,38,11,935.00
2023-12-27,8,4,615.00
2023-12-27,4,9,585.00
2023-12-27,5,6,510.00
2023-12-27,6,3,345.00
2023-12-27,39,1,115.00
2023-12-27,36,2,50.00
2023-12-26,1,1736,113245.00
2023-12-26,2,495,42395.00
2023-12-26,15,136,16115.00
2023-12-26,17,127,14730.00
2023-12-26,45,120,12050.00
2023-12-26,44,147,11820.00
2023-12-26,20,83,9545.00
2023-12-26,3,66,7615.00
2023-12-26,16,42,6195.00
2023-12-26,18,22,3190.00
2023-12-26,19,21,3045.00
2023-12-26,37,46,2990.00
2023-12-26,46,16,2140.00
2023-12-26,7,15,1725.00
2023-12-26,38,15,1295.00
2023-12-26,4,12,780.00
2023-12-26,5,9,765.00
2023-12-26,6,5,575.00
2023-12-26,39,3,345.00
2023-12-26,8,2,325.00
2023-12-26,36,4,100.00
2023-12-25,1,1194,77820.00
2023-12-25,2,321,27285.00
2023-12-25,44,132,10760.00
2023-12-25,15,76,8890.00
2023-12-25,17,70,8225.00
2023-12-25,45,74,7475.00
2023-12-25,20,60,7025.00
2023-12-25,3,56,6565.00
2023-12-25,16,23,3370.00
2023-12-25,18,18,2610.00
2023-12-25,37,37,2435.00
2023-12-25,46,11,1490.00
2023-12-25,19,9,1305.00
2023-12-25,38,12,1020.00
2023-12-25,7,6,690.00
2023-12-25,4,9,600.00
2023-12-25,6,4,485.00
2023-12-25,5,5,425.00
2023-12-25,8,2,325.00
2023-12-25,39,1,115.00
2023-12-25,36,1,25.00
2023-12-24,1,1226,79900.00
2023-12-24,2,360,30800.00
2023-12-24,15,114,13285.00
2023-12-24,17,112,13080.00
2023-12-24,45,102,10200.00
2023-12-24,3,82,9530.00
2023-12-24,44,102,8180.00
2023-12-24,20,67,7780.00
2023-12-24,16,32,4745.00
2023-12-24,18,17,2570.00
2023-12-24,46,16,2080.00
2023-12-24,19,11,1630.00
2023-12-24,37,24,1575.00
2023-12-24,7,11,1265.00
2023-12-24,38,12,1020.00
2023-12-24,5,10,850.00
2023-12-24,4,12,780.00
2023-12-24,8,2,290.00
2023-12-24,39,1,140.00
2023-12-24,6,1,115.00
2023-12-24,36,2,50.00
2023-12-23,1,1893,123630.00
2023-12-23,2,576,49340.00
2023-12-23,17,203,23645.00
2023-12-23,15,202,23580.00
2023-12-23,45,152,15200.00
2023-12-23,44,173,13900.00
2023-12-23,20,118,13645.00
2023-12-23,3,107,12405.00
2023-12-23,16,45,6525.00
2023-12-23,18,38,5510.00
2023-12-23,19,16,2390.00
2023-12-23,46,15,1950.00
2023-12-23,37,29,1900.00
2023-12-23,7,14,1660.00
2023-12-23,5,16,1360.00
2023-12-23,4,18,1170.00
2023-12-23,38,11,955.00
2023-12-23,6,3,345.00
2023-12-23,8,2,290.00
2023-12-23,36,5,125.00
2023-12-23,39,1,115.00
2023-12-22,1,1830,119745.00
2023-12-22,2,567,48635.00
2023-12-22,15,173,20470.00
2023-12-22,17,171,19790.00
2023-12-22,44,163,13200.00
2023-12-22,45,121,12275.00
2023-12-22,3,92,10780.00
2023-12-22,20,90,10400.00
2023-12-22,16,44,6450.00
2023-12-22,18,42,6195.00
2023-12-22,46,24,3150.00
2023-12-22,37,43,2840.00
2023-12-22,19,19,2790.00
2023-12-22,7,17,1955.00
2023-12-22,38,10,890.00
2023-12-22,6,6,690.00
2023-12-22,4,9,585.00
2023-12-22,8,4,580.00
2023-12-22,5,6,510.00
2023-12-22,39,3,345.00
2023-12-22,36,9,225.00
2023-12-21,1,1541,100810.00
2023-12-21,2,471,40415.00
2023-12-21,17,184,21435.00
2023-12-21,15,135,15900.00
2023-12-21,44,127,10280.00
2023-12-21,3,80,9350.00
2023-12-21,20,78,9045.00
2023-12-21,45,73,7375.00
2023-12-21,18,32,4780.00
2023-12-21,16,31,4635.00
2023-12-21,19,15,2210.00
2023-12-21,7,15,1775.00
2023-12-21,46,10,1390.00
2023-12-21,38,15,1335.00
2023-12-21,37,18,1185.00
2023-12-21,5,12,1040.00
2023-12-21,4,10,650.00
2023-12-21,6,3,370.00
2023-12-21,8,2,290.00
2023-12-21,36,5,125.00
2023-12-21,39,1,115.00
2023-12-20,1,1408,92030.00
2023-12-20,2,443,38075.00
2023-12-20,15,122,14305.00
2023-12-20,17,111,13090.00
2023-12-20,45,95,9575.00
2023-12-20,20,78,9045.00
2023-12-20,3,70,8250.00
2023-12-20,44,100,8060.00
2023-12-20,16,26,3840.00
2023-12-20,18,23,3405.00
2023-12-20,46,16,2170.00
2023-12-20,7,17,2030.00
2023-12-20,19,12,1740.00
2023-12-20,37,24,1560.00
2023-12-20,38,8,700.00
2023-12-20,5,7,615.00
2023-12-20,4,9,585.00
2023-12-20,6,3,345.00
2023-12-20,36,6,150.00
2023-12-20,8,1,145.00
2023-12-19,1,1108,72830.00
2023-12-19,2,357,30705.00
2023-12-19,17,101,11715.00
2023-12-19,15,94,10885.00
2023-12-19,44,111,9000.00
2023-12-19,45,80,8125.00
2023-12-19,3,53,6370.00
2023-12-19,20,44,5060.00
2023-12-19,16,32,4710.00
2023-12-19,18,31,4565.00
2023-12-19,37,31,2015.00
2023-12-19,7,16,1890.00
2023-12-19,46,11,1490.00
2023-12-19,19,9,1340.00
2023-12-19,4,13,860.00
2023-12-19,38,8,680.00
2023-12-19,8,4,580.00
2023-12-19,5,4,340.00
2023-12-19,39,2,230.00
2023-12-19,36,7,175.00
2023-12-18,1,924,60585.00
2023-12-18,2,282,24250.00
2023-12-18,15,113,13445.00
2023-12-18,17,77,8955.00
2023-12-18,44,83,6740.00
2023-12-18,45,63,6425.00
2023-12-18,3,55,6350.00
2023-12-18,16,31,4670.00
2023-12-18,20,35,4050.00
2023-12-18,18,20,2935.00
2023-12-18,46,13,1810.00
2023-12-18,7,14,1610.00
2023-12-18,19,7,1015.00
2023-12-18,37,12,795.00
2023-12-18,38,8,700.00
2023-12-18,4,8,520.00
2023-12-18,5,5,465.00
2023-12-18,8,2,325.00
2023-12-18,6,1,115.00
2023-12-18,39,1,115.00
2023-12-18,36,1,25.00
2023-12-17,1,1006,65975.00
2023-12-17,2,289,25005.00
2023-12-17,15,131,15515.00
2023-12-17,17,85,9875.00
2023-12-17,45,76,7650.00
2023-12-17,44,89,7240.00
2023-12-17,3,59,6960.00
2023-12-17,20,56,6515.00
2023-12-17,16,25,3695.00
2023-12-17,18,16,2390.00
2023-12-17,46,13,1690.00
2023-12-17,7,12,1380.00
2023-12-17,19,9,1375.00
2023-12-17,37,18,1185.00
2023-12-17,4,14,910.00
2023-12-17,38,8,700.00
2023-12-17,5,6,530.00
2023-12-17,6,2,255.00
2023-12-17,8,1,145.00
2023-12-17,36,3,75.00
2023-12-16,1,1507,98675.00
2023-12-16,2,480,41560.00
2023-12-16,17,161,19065.00
2023-12-16,15,152,18030.00
2023-12-16,44,152,12360.00
2023-12-16,3,88,10395.00
2023-12-16,45,77,7800.00
2023-12-16,20,66,7715.00
2023-12-16,16,47,7165.00
2023-12-16,18,37,5470.00
2023-12-16,46,16,2140.00
2023-12-16,19,13,1920.00
2023-12-16,7,16,1840.00
2023-12-16,37,25,1625.00
2023-12-16,4,22,1460.00
2023-12-16,8,7,1050.00
2023-12-16,5,8,700.00
2023-12-16,38,6,530.00
2023-12-16,6,1,115.00
2023-12-16,39,1,115.00
2023-12-16,36,1,25.00
2023-12-15,1,1268,83080.00
2023-12-15,2,454,39170.00
2023-12-15,15,136,16365.00
2023-12-15,17,114,13335.00
2023-12-15,44,120,10040.00
2023-12-15,3,78,9120.00
2023-12-15,45,81,8225.00
2023-12-15,16,38,5685.00
2023-12-15,20,43,5020.00
2023-12-15,18,23,3370.00
2023-12-15,7,17,2080.00
2023-12-15,46,13,1720.00
2023-12-15,19,11,1630.00
2023-12-15,37,21,1395.00
2023-12-15,4,18,1170.00
2023-12-15,38,11,935.00
2023-12-15,5,7,615.00
2023-12-15,8,2,290.00
2023-12-15,6,2,255.00
2023-12-15,39,2,255.00
2023-12-15,36,4,100.00
2023-12-14,1,1327,87005.00
2023-12-14,2,419,36215.00
2023-12-14,15,119,14085.00
2023-12-14,17,119,14060.00
2023-12-14,44,137,11140.00
2023-12-14,45,80,8150.00
2023-12-14,20,60,7000.00
2023-12-14,3,51,6040.00
2023-12-14,18,35,5180.00
2023-12-14,16,25,3695.00
2023-12-14,46,22,2950.00
2023-12-14,7,19,2285.00
2023-12-14,19,12,1845.00
2023-12-14,38,19,1675.00
2023-12-14,37,24,1605.00
2023-12-14,5,8,680.00
2023-12-14,4,8,520.00
2023-12-14,8,2,290.00
2023-12-14,39,2,230.00
2023-12-14,6,1,115.00
2023-12-13,1,1531,100535.00
2023-12-13,2,460,39500.00
2023-12-13,15,149,17510.00
2023-12-13,17,138,16095.00
2023-12-13,44,144,11660.00
2023-12-13,45,90,9050.00
2023-12-13,3,71,8365.00
2023-12-13,20,60,6950.00
2023-12-13,16,41,6295.00
2023-12-13,18,30,4455.00
2023-12-13,37,29,1990.00
2023-12-13,7,16,1865.00
2023-12-13,19,12,1775.00
2023-12-13,46,12,1650.00
2023-12-13,4,20,1315.00
2023-12-13,38,13,1125.00
2023-12-13,8,7,1015.00
2023-12-13,5,6,510.00
2023-12-13,39,2,230.00
2023-12-13,6,1,115.00
2023-12-13,36,2,50.00
2023-12-12,1,1344,88320.00
2023-12-12,2,348,30380.00
2023-12-12,15,160,18875.00
2023-12-12,17,131,15540.00
2023-12-12,44,100,8100.00
2023-12-12,45,77,7750.00
2023-12-12,20,52,6030.00
2023-12-12,3,47,5605.00
2023-12-12,18,25,3730.00
2023-12-12,16,21,3185.00
2023-12-12,46,16,2140.00
2023-12-12,37,26,1690.00
2023-12-12,19,11,1630.00
2023-12-12,7,9,1035.00
2023-12-12,4,13,875.00
2023-12-12,5,10,850.00
2023-12-12,38,6,510.00
2023-12-12,8,1,145.00
2023-12-12,39,1,115.00
2023-12-12,6,1,115.00
2023-12-12,36,4,100.00
2023-12-11,1,1058,69385.00
2023-12-11,2,346,29650.00
2023-12-11,15,115,13625.00
2023-12-11,17,96,11440.00
2023-12-11,45,84,8525.00
2023-12-11,44,101,8180.00
2023-12-11,3,66,7815.00
2023-12-11,20,45,5225.00
2023-12-11,18,33,5030.00
2023-12-11,16,31,4670.00
2023-12-11,46,15,1980.00
2023-12-11,7,13,1520.00
2023-12-11,19,9,1305.00
2023-12-11,4,13,845.00
2023-12-11,37,12,810.00
2023-12-11,5,7,615.00
2023-12-11,6,5,575.00
2023-12-11,38,5,445.00
2023-12-11,8,2,290.00
2023-12-11,39,1,115.00
2023-12-11,36,2,50.00
2023-12-10,1,1629,106320.00
2023-12-10,2,473,40525.00
2023-12-10,15,203,24420.00
2023-12-10,17,128,14920.00
2023-12-10,45,134,13575.00
2023-12-10,44,165,13380.00
2023-12-10,3,78,9095.00
2023-12-10,20,67,7730.00
2023-12-10,16,32,4675.00
2023-12-10,18,23,3440.00
2023-12-10,46,18,2370.00
2023-12-10,19,14,2065.00
2023-12-10,37,22,1460.00
2023-12-10,8,9,1340.00
2023-12-10,4,18,1185.00
2023-12-10,7,8,920.00
2023-12-10,5,9,785.00
2023-12-10,38,6,530.00
2023-12-10,39,3,370.00
2023-12-10,6,1,115.00
2023-12-10,36,2,50.00
2023-12-09,1,1430,93130.00
2023-12-09,2,433,37225.00
2023-12-09,15,172,20330.00
2023-12-09,17,154,18110.00
2023-12-09,44,146,11780.00
2023-12-09,45,114,11500.00
2023-12-09,20,82,9480.00
2023-12-09,3,72,8430.00
2023-12-09,16,38,5720.00
2023-12-09,18,25,3660.00
2023-12-09,19,15,2210.00
2023-12-09,46,14,1820.00
2023-12-09,37,27,1755.00
2023-12-09,7,15,1725.00
2023-12-09,5,10,850.00
2023-12-09,4,13,845.00
2023-12-09,8,5,760.00
2023-12-09,6,5,575.00
2023-12-09,38,6,510.00
2023-12-09,39,3,345.00
2023-12-09,36,7,175.00
2023-12-08,1,998,65335.00
2023-12-08,2,297,25445.00
2023-12-08,15,101,11915.00
2023-12-08,17,89,10360.00
2023-12-08,3,71,8440.00
2023-12-08,20,55,6425.00
2023-12-08,44,77,6220.00
2023-12-08,45,41,4125.00
2023-12-08,16,20,2970.00
2023-12-08,18,20,2900.00
2023-12-08,46,15,2040.00
2023-12-08,7,8,920.00
2023-12-08,37,12,780.00
2023-12-08,4,12,780.00
2023-12-08,19,4,580.00
2023-12-08,5,6,510.00
2023-12-08,8,2,290.00
2023-12-08,38,3,255.00
2023-12-08,36,10,250.00
2023-12-08,6,2,230.00
2023-12-07,1,1123,73355.00
2023-12-07,2,361,31065.00
2023-12-07,15,119,14035.00
2023-12-07,17,111,13290.00
2023-12-07,44,101,8340.00
2023-12-07,3,70,8175.00
2023-12-07,45,79,7950.00
2023-12-07,20,60,7025.00
2023-12-07,18,28,4165.00
2023-12-07,16,17,2640.00
2023-12-07,19,11,1700.00
2023-12-07,46,10,1300.00
2023-12-07,5,13,1105.00
2023-12-07,7,9,1035.00
2023-12-07,38,11,935.00
2023-12-07,37,14,910.00
2023-12-07,8,4,580.00
2023-12-07,4,6,390.00
2023-12-07,39,3,345.00
2023-12-07,6,1,115.00
2023-12-07,36,1,25.00
2023-12-06,1,699,45675.00
2023-12-06,2,201,17185.00
2023-12-06,17,86,10090.00
2023-12-06,15,49,5685.00
2023-12-06,45,46,4825.00
2023-12-06,44,55,4420.00
2023-12-06,3,36,4165.00
2023-12-06,20,27,3130.00
2023-12-06,18,18,2750.00
2023-12-06,16,13,1990.00
2023-12-06,46,6,780.00
2023-12-06,37,10,680.00
2023-12-06,38,7,595.00
2023-12-06,5,7,595.00
2023-12-06,4,8,520.00
2023-12-06,19,3,470.00
2023-12-06,7,4,460.00
2023-12-06,36,2,50.00
2023-12-05,1,626,41095.00
2023-12-05,2,159,13695.00
2023-12-05,15,83,9845.00
2023-12-05,17,59,6860.00
2023-12-05,44,76,6080.00
2023-12-05,3,45,5225.00
2023-12-05,16,27,4020.00
2023-12-05,20,26,3040.00
2023-12-05,45,29,2950.00
2023-12-05,18,20,2935.00
2023-12-05,7,9,1035.00
2023-12-05,4,13,860.00
2023-12-05,19,5,725.00
2023-12-05,37,8,535.00
2023-12-05,46,4,520.00
2023-12-05,39,3,345.00
2023-12-05,6,2,230.00
2023-12-05,5,2,170.00
2023-12-05,38,2,170.00
2023-12-05,8,1,145.00
2023-12-05,36,1,25.00
2023-12-04,1,659,43075.00
2023-12-04,2,195,16955.00
2023-12-04,17,73,8495.00
2023-12-04,15,60,7175.00
2023-12-04,3,43,5170.00
2023-12-04,44,60,4940.00
2023-12-04,45,36,3675.00
2023-12-04,16,18,2750.00
2023-12-04,20,23,2670.00
2023-12-04,18,12,1775.00
2023-12-04,46,13,1720.00
2023-12-04,19,7,1015.00
2023-12-04,8,5,795.00
2023-12-04,37,11,730.00
2023-12-04,7,5,575.00
2023-12-04,4,6,390.00
2023-12-04,38,3,255.00
2023-12-04,6,2,230.00
2023-12-04,5,2,190.00
2023-12-04,39,1,115.00
2023-12-04,36,1,25.00
2023-12-03,1,1405,91925.00
2023-12-03,2,452,39120.00
2023-12-03,15,154,18135.00
2023-12-03,17,147,17255.00
2023-12-03,44,138,11140.00
2023-12-03,3,83,9845.00
2023-12-03,45,80,8125.00
2023-12-03,20,66,7690.00
2023-12-03,16,46,6740.00
2023-12-03,18,42,6300.00
2023-12-03,19,13,1885.00
2023-12-03,4,21,1410.00
2023-12-03,7,12,1405.00
2023-12-03,37,19,1250.00
2023-12-03,46,9,1200.00
2023-12-03,8,5,760.00
2023-12-03,5,8,680.00
2023-12-03,39,4,460.00
2023-12-03,6,2,230.00
2023-12-03,36,5,125.00
2023-12-02,1,1233,80775.00
2023-12-02,2,320,27580.00
2023-12-02,15,144,17185.00
2023-12-02,17,130,15300.00
2023-12-02,44,116,9340.00
2023-12-02,45,80,8075.00
2023-12-02,3,57,6555.00
2023-12-02,20,57,6555.00
2023-12-02,16,28,4165.00
2023-12-02,18,24,3550.00
2023-12-02,46,18,2430.00
2023-12-02,19,13,1920.00
2023-12-02,7,14,1635.00
2023-12-02,37,16,1070.00
2023-12-02,4,14,910.00
2023-12-02,38,9,765.00
2023-12-02,5,8,700.00
2023-12-02,8,4,615.00
2023-12-02,6,3,345.00
2023-12-02,36,1,25.00
2023-12-01,1,879,57720.00
2023-12-01,2,325,28125.00
2023-12-01,17,122,14230.00
2023-12-01,15,116,13890.00
2023-12-01,3,70,8275.00
2023-12-01,45,62,6275.00
2023-12-01,44,76,6180.00
2023-12-01,20,47,5505.00
2023-12-01,16,25,3660.00
2023-12-01,18,24,3550.00
2023-12-01,46,16,2080.00
2023-12-01,37,27,1770.00
2023-12-01,7,13,1520.00
2023-12-01,19,8,1195.00
2023-12-01,4,11,715.00
2023-12-01,38,6,510.00
2023-12-01,5,4,360.00
2023-12-01,6,3,345.00
2023-12-01,39,2,230.00
2023-12-01,8,1,145.00
2023-12-01,36,1,25.00
2023-11-30,1,768,50220.00
2023-11-30,2,249,21605.00
2023-11-30,15,102,12005.00
2023-11-30,17,88,10345.00
2023-11-30,3,64,7685.00
2023-11-30,45,60,6050.00
2023-11-30,44,67,5420.00
2023-11-30,16,25,3765.00
2023-11-30,20,32,3705.00
2023-11-30,18,19,2790.00
2023-11-30,46,12,1620.00
2023-11-30,37,21,1365.00
2023-11-30,7,10,1200.00
2023-11-30,19,8,1160.00
2023-11-30,4,9,585.00
2023-11-30,5,6,550.00
2023-11-30,39,4,485.00
2023-11-30,38,5,425.00
2023-11-30,8,2,290.00
2023-11-30,6,1,115.00
2023-11-30,36,3,75.00
2023-11-29,1,660,43320.00
2023-11-29,2,199,17155.00
2023-11-29,15,80,9550.00
2023-11-29,17,77,9005.00
2023-11-29,3,47,5605.00
2023-11-29,44,60,4880.00
2023-11-29,45,48,4825.00
2023-11-29,20,26,3015.00
2023-11-29,18,13,1990.00
2023-11-29,16,12,1810.00
2023-11-29,19,8,1160.00
2023-11-29,46,8,1040.00
2023-11-29,7,6,715.00
2023-11-29,37,11,715.00
2023-11-29,4,10,650.00
2023-11-29,5,5,425.00
2023-11-29,38,4,340.00
2023-11-29,8,2,290.00
2023-11-29,39,1,115.00
2023-11-29,6,1,115.00
2023-11-29,36,1,25.00
2023-11-28,1,896,58615.00
2023-11-28,2,313,27065.00
2023-11-28,15,134,15885.00
2023-11-28,17,130,15500.00
2023-11-28,44,86,7040.00
2023-11-28,45,68,6900.00
2023-11-28,3,47,5505.00
2023-11-28,20,42,4880.00
2023-11-28,18,23,3405.00
2023-11-28,16,15,2350.00
2023-11-28,46,10,1360.00
2023-11-28,37,19,1265.00
2023-11-28,7,8,995.00
2023-11-28,5,11,975.00
2023-11-28,19,5,760.00
2023-11-28,8,5,725.00
2023-11-28,4,8,520.00
2023-11-28,6,1,140.00
2023-11-28,39,1,115.00
2023-11-28,38,1,85.00
2023-11-28,36,3,75.00
2023-11-27,1,1295,84595.00
2023-11-27,2,388,33480.00
2023-11-27,17,150,17875.00
2023-11-27,15,135,16025.00
2023-11-27,44,136,11000.00
2023-11-27,3,77,9030.00
2023-11-27,20,72,8430.00
2023-11-27,45,76,7700.00
2023-11-27,16,25,3765.00
2023-11-27,18,21,3150.00
2023-11-27,37,24,1590.00
2023-11-27,19,10,1485.00
2023-11-27,46,9,1170.00
2023-11-27,7,9,1035.00
2023-11-27,38,8,680.00
2023-11-27,5,7,615.00
2023-11-27,39,2,230.00
2023-11-27,4,3,195.00
2023-11-27,8,1,145.00
2023-11-27,6,1,140.00
2023-11-27,36,2,50.00
2023-11-26,1,1240,81185.00
2023-11-26,2,353,30345.00
2023-11-26,15,157,18355.00
2023-11-26,17,130,15375.00
2023-11-26,3,95,11350.00
2023-11-26,44,107,8620.00
2023-11-26,45,84,8450.00
2023-11-26,16,45,6665.00
2023-11-26,20,52,6030.00
2023-11-26,18,36,5360.00
2023-11-26,7,19,2185.00
2023-11-26,19,11,1665.00
2023-11-26,37,18,1185.00
2023-11-26,8,6,870.00
2023-11-26,46,6,780.00
2023-11-26,4,11,715.00
2023-11-26,5,6,510.00
2023-11-26,38,6,510.00
2023-11-26,39,3,370.00
2023-11-26,6,3,345.00
2023-11-26,36,5,125.00
2023-11-25,1,1403,91855.00
2023-11-25,2,471,40695.00
2023-11-25,15,162,19230.00
2023-11-25,17,150,17625.00
2023-11-25,3,96,11365.00
2023-11-25,44,139,11280.00
2023-11-25,45,71,7200.00
2023-11-25,20,59,7035.00
2023-11-25,16,35,5355.00
2023-11-25,18,33,5065.00
2023-11-25,7,21,2490.00
2023-11-25,37,26,1780.00
2023-11-25,46,12,1560.00
2023-11-25,19,10,1555.00
2023-11-25,38,15,1275.00
2023-11-25,4,12,780.00
2023-11-25,5,7,615.00
2023-11-25,39,4,485.00
2023-11-25,8,2,325.00
2023-11-25,6,2,230.00
2023-11-25,36,1,25.00
2023-11-24,1,645,42210.00
2023-11-24,2,249,21605.00
2023-11-24,15,99,11910.00
2023-11-24,17,90,10725.00
2023-11-24,3,42,4930.00
2023-11-24,44,53,4280.00
2023-11-24,45,41,4100.00
2023-11-24,16,28,4095.00
2023-11-24,18,21,3045.00
2023-11-24,20,24,2835.00
2023-11-24,46,12,1560.00
2023-11-24,7,8,945.00
2023-11-24,19,6,870.00
2023-11-24,5,8,720.00
2023-11-24,37,10,665.00
2023-11-24,38,4,340.00
2023-11-24,8,2,290.00
2023-11-24,4,3,195.00
2023-11-24,6,1,115.00
2023-11-24,36,2,50.00
2023-11-23,1,1024,67985.00
2023-11-23,2,327,28295.00
2023-11-23,15,104,12485.00
2023-11-23,17,98,11420.00
2023-11-23,3,65,7675.00
2023-11-23,44,88,7220.00
2023-11-23,20,48,5520.00
2023-11-23,45,47,4800.00
2023-11-23,16,27,4125.00
2023-11-23,18,25,3765.00
2023-11-23,19,9,1340.00
2023-11-23,46,9,1200.00
2023-11-23,37,17,1120.00
2023-11-23,38,11,975.00
2023-11-23,7,7,830.00
2023-11-23,4,7,470.00
2023-11-23,5,5,465.00
2023-11-23,8,2,325.00
2023-11-23,6,2,230.00
2023-11-23,39,1,115.00
2023-11-23,36,1,25.00
2023-11-22,1,843,55125.00
2023-11-22,2,292,25260.00
2023-11-22,15,118,14195.00
2023-11-22,17,80,9400.00
2023-11-22,3,53,6420.00
2023-11-22,20,48,5595.00
2023-11-22,44,64,5220.00
2023-11-22,45,43,4300.00
2023-11-22,16,23,3405.00
2023-11-22,18,17,2535.00
2023-11-22,7,21,2440.00
2023-11-22,46,11,1460.00
2023-11-22,19,9,1305.00
2023-11-22,37,14,910.00
2023-11-22,38,6,530.00
2023-11-22,5,5,425.00
2023-11-22,6,3,345.00
2023-11-22,4,5,325.00
2023-11-22,8,1,145.00
2023-11-22,36,3,75.00
2023-11-21,1,652,42830.00
2023-11-21,2,240,20700.00
2023-11-21,15,72,8430.00
2023-11-21,17,65,7825.00
2023-11-21,3,52,6080.00
2023-11-21,44,72,5920.00
2023-11-21,45,46,4650.00
2023-11-21,20,26,2990.00
2023-11-21,16,18,2715.00
2023-11-21,18,16,2320.00
2023-11-21,19,10,1485.00
2023-11-21,46,9,1170.00
2023-11-21,38,7,595.00
2023-11-21,37,9,585.00
2023-11-21,8,4,580.00
2023-11-21,7,3,345.00
2023-11-21,5,3,275.00
2023-11-21,6,2,230.00
2023-11-21,4,2,130.00
2023-11-20,1,778,51020.00
2023-11-20,2,237,20645.00
2023-11-20,15,82,9580.00
2023-11-20,17,74,8685.00
2023-11-20,3,57,6680.00
2023-11-20,45,53,5325.00
2023-11-20,20,42,4905.00
2023-11-20,44,60,4900.00
2023-11-20,16,17,2605.00
2023-11-20,18,12,1740.00
2023-11-20,7,13,1570.00
2023-11-20,19,9,1340.00
2023-11-20,37,20,1300.00
2023-11-20,46,9,1170.00
2023-11-20,38,10,890.00
2023-11-20,4,8,520.00
2023-11-20,39,3,370.00
2023-11-20,6,3,345.00
2023-11-20,8,2,290.00
2023-11-20,5,3,255.00
2023-11-19,1,869,56845.00
2023-11-19,2,311,26695.00
2023-11-19,15,123,14545.00
2023-11-19,17,89,10410.00
2023-11-19,3,69,8235.00
2023-11-19,44,86,6980.00
2023-11-19,20,45,5250.00
2023-11-19,45,47,4850.00
2023-11-19,16,18,2645.00
2023-11-19,18,15,2210.00
2023-11-19,7,14,1635.00
2023-11-19,46,9,1200.00
2023-11-19,37,15,975.00
2023-11-19,38,10,930.00
2023-11-19,19,6,870.00
2023-11-19,5,7,595.00
2023-11-19,4,7,470.00
2023-11-19,6,3,370.00
2023-11-19,8,2,290.00
2023-11-19,39,2,230.00
2023-11-19,36,3,75.00
2023-11-18,1,810,53070.00
2023-11-18,2,284,24460.00
2023-11-18,17,87,10230.00
2023-11-18,15,84,9835.00
2023-11-18,20,53,6170.00
2023-11-18,3,51,6040.00
2023-11-18,44,73,5940.00
2023-11-18,45,52,5225.00
2023-11-18,18,29,4205.00
2023-11-18,16,19,2790.00
2023-11-18,7,19,2185.00
2023-11-18,19,10,1485.00
2023-11-18,46,9,1170.00
2023-11-18,37,14,910.00
2023-11-18,4,9,600.00
2023-11-18,38,7,595.00
2023-11-18,8,4,580.00
2023-11-18,5,3,275.00
2023-11-18,36,1,25.00
2023-11-17,1,1062,69945.00
2023-11-17,2,353,30385.00
2023-11-17,15,126,14890.00
2023-11-17,17,110,12775.00
2023-11-17,44,106,8680.00
2023-11-17,3,71,8290.00
2023-11-17,20,61,7090.00
2023-11-17,45,63,6375.00
2023-11-17,16,35,5110.00
2023-11-17,18,22,3225.00
2023-11-17,19,12,1740.00
2023-11-17,37,25,1640.00
2023-11-17,46,9,1170.00
2023-11-17,7,7,855.00
2023-11-17,38,9,765.00
2023-11-17,5,7,595.00
2023-11-17,39,5,575.00
2023-11-17,4,4,260.00
2023-11-17,8,1,145.00
2023-11-17,6,1,115.00
2023-11-16,1,489,32010.00
2023-11-16,2,153,13285.00
2023-11-16,15,61,7165.00
2023-11-16,17,47,5430.00
2023-11-16,3,30,3600.00
2023-11-16,18,21,3115.00
2023-11-16,45,31,3100.00
2023-11-16,20,23,2670.00
2023-11-16,44,29,2360.00
2023-11-16,16,16,2320.00
2023-11-16,19,12,1845.00
2023-11-16,46,7,910.00
2023-11-16,7,7,805.00
2023-11-16,4,11,715.00
2023-11-16,39,5,600.00
2023-11-16,5,7,595.00
2023-11-16,8,2,290.00
2023-11-16,37,4,260.00
2023-11-16,38,2,170.00
2023-11-16,6,1,115.00
2023-11-16,36,2,50.00
2023-11-15,1,1135,74360.00
2023-11-15,2,350,30230.00
2023-11-15,15,136,14755.00
2023-11-15,17,127,13535.00
2023-11-15,16,56,7950.00
2023-11-15,3,66,7740.00
2023-11-15,20,72,7660.00
2023-11-15,18,29,3975.00
2023-11-15,19,14,1890.00
2023-11-15,7,16,1730.00
2023-11-15,37,21,1410.00
2023-11-15,5,9,765.00
2023-11-15,4,9,585.00
2023-11-15,38,3,255.00
2023-11-15,6,1,115.00
2023-11-15,39,1,115.00
2023-11-14,1,996,65490.00
2023-11-14,2,389,33405.00
2023-11-14,17,132,14360.00
2023-11-14,15,126,13930.00
2023-11-14,3,73,8720.00
2023-11-14,20,47,5085.00
2023-11-14,16,27,3705.00
2023-11-14,18,20,2760.00
2023-11-14,7,18,1890.00
2023-11-14,19,13,1755.00
2023-11-14,37,24,1575.00
2023-11-14,4,14,970.00
2023-11-14,38,11,935.00
2023-11-14,39,5,575.00
2023-11-14,5,5,465.00
2023-11-14,8,2,270.00
2023-11-14,6,1,140.00
2023-11-13,1,997,65345.00
2023-11-13,2,391,33855.00
2023-11-13,15,115,12700.00
2023-11-13,17,102,10860.00
2023-11-13,20,66,6955.00
2023-11-13,3,52,6180.00
2023-11-13,18,34,4620.00
2023-11-13,16,33,4485.00
2023-11-13,19,13,1785.00
2023-11-13,7,13,1415.00
2023-11-13,37,14,925.00
2023-11-13,4,8,520.00
2023-11-13,38,5,445.00
2023-11-13,5,5,425.00
2023-11-13,8,2,270.00
2023-11-13,6,2,230.00
2023-11-13,39,2,230.00
2023-11-12,1,1536,100815.00
2023-11-12,2,525,45265.00
2023-11-12,15,174,19020.00
2023-11-12,17,166,17830.00
2023-11-12,3,93,10895.00
2023-11-12,20,86,9205.00
2023-11-12,18,39,5265.00
2023-11-12,16,35,4815.00
2023-11-12,7,28,3065.00
2023-11-12,19,21,2895.00
2023-11-12,37,27,1800.00
2023-11-12,38,15,1295.00
2023-11-12,4,19,1265.00
2023-11-12,5,9,765.00
2023-11-12,8,3,405.00
2023-11-12,6,3,345.00
2023-11-12,39,2,230.00
2023-11-11,1,1311,85800.00
2023-11-11,2,428,36800.00
2023-11-11,15,179,19320.00
2023-11-11,17,166,17880.00
2023-11-11,20,97,10335.00
2023-11-11,3,78,9045.00
2023-11-11,16,49,6675.00
2023-11-11,18,38,5190.00
2023-11-11,7,18,1915.00
2023-11-11,19,13,1755.00
2023-11-11,37,13,860.00
2023-11-11,4,13,845.00
2023-11-11,5,9,785.00
2023-11-11,38,9,765.00
2023-11-11,8,4,570.00
2023-11-11,6,2,230.00
2023-11-11,39,1,115.00
2023-11-10,1,1288,84650.00
2023-11-10,2,450,38630.00
2023-11-10,15,179,19720.00
2023-11-10,17,143,15465.00
2023-11-10,3,83,9845.00
2023-11-10,20,70,7450.00
2023-11-10,18,40,5670.00
2023-11-10,16,38,5280.00
2023-11-10,7,24,2545.00
2023-11-10,19,17,2295.00
2023-11-10,37,33,2190.00
2023-11-10,38,15,1275.00
2023-11-10,4,11,715.00
2023-11-10,8,4,570.00
2023-11-10,39,4,460.00
2023-11-10,6,4,460.00
2023-11-10,5,4,340.00
2023-11-09,1,1055,69085.00
2023-11-09,2,336,28880.00
2023-11-09,17,128,13640.00
2023-11-09,15,103,11115.00
2023-11-09,3,60,7025.00
2023-11-09,20,57,6060.00
2023-11-09,16,35,4845.00
2023-11-09,18,32,4320.00
2023-11-09,19,15,2115.00
2023-11-09,7,10,1150.00
2023-11-09,37,14,910.00
2023-11-09,4,11,805.00
2023-11-09,38,9,765.00
2023-11-09,5,7,655.00
2023-11-09,8,1,165.00
2023-11-09,6,1,115.00
2023-11-08,1,772,50540.00
2023-11-08,2,268,23120.00
2023-11-08,17,115,12300.00
2023-11-08,15,109,11620.00
2023-11-08,3,60,7175.00
2023-11-08,20,47,5060.00
2023-11-08,16,30,4320.00
2023-11-08,18,22,3030.00
2023-11-08,19,12,1650.00
2023-11-08,37,11,715.00
2023-11-08,7,5,550.00
2023-11-08,8,3,405.00
2023-11-08,4,6,390.00
2023-11-08,38,4,340.00
2023-11-08,5,2,190.00
2023-11-07,1,699,45660.00
2023-11-07,2,208,18000.00
2023-11-07,17,116,12630.00
2023-11-07,15,109,11820.00
2023-11-07,3,62,7530.00
2023-11-07,20,45,4825.00
2023-11-07,18,29,4005.00
2023-11-07,16,25,3555.00
2023-11-07,19,17,2355.00
2023-11-07,7,12,1260.00
2023-11-07,37,8,535.00
2023-11-07,5,4,380.00
2023-11-07,6,3,345.00
2023-11-07,39,3,345.00
2023-11-07,4,3,210.00
2023-11-07,8,1,135.00
2023-11-07,38,1,85.00
2023-11-06,1,939,61560.00
2023-11-06,2,318,27490.00
2023-11-06,15,112,12110.00
2023-11-06,17,93,9990.00
2023-11-06,3,66,7690.00
2023-11-06,20,62,6585.00
2023-11-06,16,38,5280.00
2023-11-06,18,31,4275.00
2023-11-06,19,15,2055.00
2023-11-06,37,24,1560.00
2023-11-06,7,13,1365.00
2023-11-06,5,8,680.00
2023-11-06,38,8,680.00
2023-11-06,4,8,520.00
2023-11-06,8,2,300.00
2023-11-06,39,2,230.00
2023-11-05,1,1565,102580.00
2023-11-05,2,527,45255.00
2023-11-05,15,176,18955.00
2023-11-05,17,176,18905.00
2023-11-05,3,90,10725.00
2023-11-05,20,99,10545.00
2023-11-05,18,58,7950.00
2023-11-05,16,56,7650.00
2023-11-05,19,17,2385.00
2023-11-05,37,18,1230.00
2023-11-05,38,13,1105.00
2023-11-05,7,7,760.00
2023-11-05,4,11,730.00
2023-11-05,8,5,675.00
2023-11-05,5,4,340.00
2023-11-05,6,2,230.00
2023-11-05,39,2,230.00
2023-11-04,1,1182,77415.00
2023-11-04,2,435,37335.00
2023-11-04,15,169,18220.00
2023-11-04,17,138,14990.00
2023-11-04,3,92,10955.00
2023-11-04,20,87,9210.00
2023-11-04,16,44,6000.00
2023-11-04,18,42,5670.00
2023-11-04,19,17,2385.00
2023-11-04,37,24,1590.00
2023-11-04,38,18,1530.00
2023-11-04,7,12,1260.00
2023-11-04,4,13,860.00
2023-11-04,39,4,460.00
2023-11-04,5,4,340.00
2023-11-04,8,1,135.00
2023-11-04,6,1,115.00
2023-11-03,1,1767,115275.00
2023-11-03,2,530,45350.00
2023-11-03,15,225,24125.00
2023-11-03,17,168,18265.00
2023-11-03,3,114,13460.00
2023-11-03,20,101,10880.00
2023-11-03,16,65,8955.00
2023-11-03,18,48,6510.00
2023-11-03,19,27,3675.00
2023-11-03,7,14,1520.00
2023-11-03,37,20,1300.00
2023-11-03,4,15,975.00
2023-11-03,39,7,805.00
2023-11-03,38,7,595.00
2023-11-03,8,4,540.00
2023-11-03,5,5,445.00
2023-11-03,6,2,230.00
2023-11-02,1,1545,101700.00
2023-11-02,2,445,38505.00
2023-11-02,15,166,18380.00
2023-11-02,17,143,15290.00
2023-11-02,3,86,10115.00
2023-11-02,20,84,8945.00
2023-11-02,18,50,6930.00
2023-11-02,16,38,5400.00
2023-11-02,19,28,3870.00
2023-11-02,37,21,1530.00
2023-11-02,38,15,1315.00
2023-11-02,7,11,1230.00
2023-11-02,4,10,650.00
2023-11-02,5,4,380.00
2023-11-02,39,3,370.00
2023-11-02,6,2,230.00
2023-11-02,8,1,135.00
2023-11-01,1,1323,86775.00
2023-11-01,2,396,34540.00
2023-11-01,15,167,18185.00
2023-11-01,17,160,17225.00
2023-11-01,20,112,12060.00
2023-11-01,3,66,8040.00
2023-11-01,16,50,7110.00
2023-11-01,18,35,4995.00
2023-11-01,19,14,1920.00
2023-11-01,7,15,1650.00
2023-11-01,37,16,1040.00
2023-11-01,38,11,995.00
2023-11-01,8,5,765.00
2023-11-01,4,8,520.00
2023-11-01,39,4,510.00
2023-11-01,5,4,340.00
2023-11-01,6,1,115.00
2023-10-31,1,1628,106615.00
2023-10-31,2,493,42185.00
2023-10-31,17,212,22585.00
2023-10-31,15,206,21980.00
2023-10-31,3,110,12950.00
2023-10-31,20,102,10710.00
2023-10-31,16,51,6945.00
2023-10-31,18,48,6480.00
2023-10-31,19,28,3810.00
2023-10-31,7,20,2150.00
2023-10-31,37,25,1640.00
2023-10-31,4,18,1170.00
2023-10-31,38,10,850.00
2023-10-31,39,5,575.00
2023-10-31,5,3,255.00
2023-10-31,8,1,135.00
2023-10-31,6,1,115.00
2023-10-30,1,1274,83440.00
2023-10-30,2,357,30805.00
2023-10-30,15,156,17005.00
2023-10-30,17,145,15600.00
2023-10-30,20,90,9525.00
2023-10-30,3,71,8390.00
2023-10-30,16,49,6855.00
2023-10-30,18,37,5025.00
2023-10-30,19,26,3570.00
2023-10-30,37,33,2205.00
2023-10-30,7,12,1335.00
2023-10-30,8,5,675.00
2023-10-30,4,9,600.00
2023-10-30,38,5,425.00
2023-10-30,5,4,340.00
2023-10-30,6,2,230.00
2023-10-30,39,2,230.00
2023-10-29,1,1658,108925.00
2023-10-29,2,506,43610.00
2023-10-29,15,191,20930.00
2023-10-29,17,137,14660.00
2023-10-29,3,102,12230.00
2023-10-29,20,101,10755.00
2023-10-29,18,56,7680.00
2023-10-29,16,52,7290.00
2023-10-29,19,26,3660.00
2023-10-29,37,22,1505.00
2023-10-29,7,9,945.00
2023-10-29,4,13,875.00
2023-10-29,5,8,740.00
2023-10-29,38,8,680.00
2023-10-29,8,3,405.00
2023-10-29,6,1,115.00
2023-10-28,1,1448,94885.00
2023-10-28,2,477,41205.00
2023-10-28,15,220,24125.00
2023-10-28,17,156,16855.00
2023-10-28,20,104,11170.00
2023-10-28,3,81,9490.00
2023-10-28,18,54,7350.00
2023-10-28,16,50,7050.00
2023-10-28,19,14,1920.00
2023-10-28,7,11,1155.00
2023-10-28,37,17,1120.00
2023-10-28,4,15,990.00
2023-10-28,5,9,785.00
2023-10-28,38,6,510.00
2023-10-28,39,2,230.00
2023-10-28,8,1,165.00
2023-10-27,1,1395,91200.00
2023-10-27,2,546,47010.00
2023-10-27,15,212,23085.00
2023-10-27,17,139,15120.00
2023-10-27,20,79,8445.00
2023-10-27,3,63,7420.00
2023-10-27,16,51,6945.00
2023-10-27,18,40,5490.00
2023-10-27,19,19,2655.00
2023-10-27,7,10,1100.00
2023-10-27,4,15,990.00
2023-10-27,37,15,990.00
2023-10-27,38,6,510.00
2023-10-27,6,4,460.00
2023-10-27,8,1,135.00
2023-10-27,39,1,115.00
2023-10-27,5,1,85.00
2023-10-26,1,1050,69015.00
2023-10-26,2,368,31640.00
2023-10-26,15,175,19300.00
2023-10-26,17,127,13685.00
2023-10-26,3,67,7930.00
2023-10-26,18,48,6630.00
2023-10-26,20,56,6030.00
2023-10-26,16,43,5955.00
2023-10-26,19,13,1755.00
2023-10-26,7,10,1100.00
2023-10-26,38,10,850.00
2023-10-26,37,10,665.00
2023-10-26,8,4,540.00
2023-10-26,39,3,345.00
2023-10-26,4,5,325.00
2023-10-26,5,3,255.00
2023-10-26,6,1,115.00
2023-10-25,1,1061,69415.00
2023-10-25,2,419,35895.00
2023-10-25,15,153,16465.00
2023-10-25,17,145,15450.00
2023-10-25,16,57,8235.00
2023-10-25,20,59,6420.00
2023-10-25,3,46,5465.00
2023-10-25,18,33,4575.00
2023-10-25,19,16,2160.00
2023-10-25,7,12,1285.00
2023-10-25,37,17,1105.00
2023-10-25,39,6,715.00
2023-10-25,38,7,595.00
2023-10-25,4,7,455.00
2023-10-25,5,5,445.00
2023-10-25,8,2,270.00
2023-10-25,6,2,230.00
2023-10-24,1,744,48600.00
2023-10-24,2,304,26380.00
2023-10-24,17,112,11985.00
2023-10-24,15,102,11285.00
2023-10-24,16,33,4515.00
2023-10-24,20,39,4220.00
2023-10-24,3,34,3985.00
2023-10-24,18,22,3030.00
2023-10-24,19,14,1920.00
2023-10-24,37,16,1055.00
2023-10-24,7,8,840.00
2023-10-24,5,9,765.00
2023-10-24,4,10,680.00
2023-10-24,8,5,675.00
2023-10-24,38,3,255.00
2023-10-24,39,2,230.00
2023-10-24,6,2,230.00
2023-10-23,1,924,60435.00
2023-10-23,2,291,24975.00
2023-10-23,15,119,12920.00
2023-10-23,17,112,12010.00
2023-10-23,3,54,6360.00
2023-10-23,20,54,5720.00
2023-10-23,16,35,4785.00
2023-10-23,18,27,3645.00
2023-10-23,19,11,1515.00
2023-10-23,7,8,865.00
2023-10-23,37,13,845.00
2023-10-23,4,12,780.00
2023-10-23,38,5,465.00
2023-10-23,5,5,425.00
2023-10-23,6,1,140.00
2023-10-23,8,1,135.00
2023-10-22,1,1243,81320.00
2023-10-22,2,358,30870.00
2023-10-22,15,153,16790.00
2023-10-22,17,124,13245.00
2023-10-22,3,80,9500.00
2023-10-22,20,68,7290.00
2023-10-22,16,42,5760.00
2023-10-22,18,38,5250.00
2023-10-22,7,21,2305.00
2023-10-22,37,29,1930.00
2023-10-22,19,10,1410.00
2023-10-22,38,12,1020.00
2023-10-22,4,9,600.00
2023-10-22,39,3,370.00
2023-10-22,5,4,340.00
2023-10-22,8,2,270.00
2023-10-22,6,1,115.00
2023-10-21,1,1373,90130.00
2023-10-21,2,486,41650.00
2023-10-21,15,181,19905.00
2023-10-21,17,149,16095.00
2023-10-21,3,88,10395.00
2023-10-21,16,56,7800.00
2023-10-21,20,69,7370.00
2023-10-21,18,32,4470.00
2023-10-21,19,20,2730.00
2023-10-21,7,23,2490.00
2023-10-21,5,10,970.00
2023-10-21,4,12,795.00
2023-10-21,37,11,730.00
2023-10-21,8,5,675.00
2023-10-21,38,7,595.00
2023-10-21,6,3,345.00
2023-10-21,39,1,115.00
2023-10-20,1,1482,97500.00
2023-10-20,2,573,49525.00
2023-10-20,15,197,21435.00
2023-10-20,17,193,21040.00
2023-10-20,20,95,10075.00
2023-10-20,3,64,7510.00
2023-10-20,18,41,5595.00
2023-10-20,16,33,4665.00
2023-10-20,19,25,3435.00
2023-10-20,7,25,2700.00
2023-10-20,37,25,1625.00
2023-10-20,4,20,1300.00
2023-10-20,5,12,1080.00
2023-10-20,38,10,890.00
2023-10-20,8,4,540.00
2023-10-20,6,2,230.00
2023-10-20,39,1,115.00
2023-10-19,1,958,62765.00
2023-10-19,2,385,33445.00
2023-10-19,15,109,11795.00
2023-10-19,17,104,11170.00
2023-10-19,3,70,8300.00
2023-10-19,16,54,7500.00
2023-10-19,20,62,6585.00
2023-10-19,18,28,3840.00
2023-10-19,5,24,2100.00
2023-10-19,19,14,1920.00
2023-10-19,7,11,1180.00
2023-10-19,38,13,1125.00
2023-10-19,4,16,1040.00
2023-10-19,8,6,810.00
2023-10-19,6,6,690.00
2023-10-19,37,9,585.00
2023-10-18,1,1127,73915.00
2023-10-18,2,381,33165.00
2023-10-18,15,142,15510.00
2023-10-18,17,123,13290.00
2023-10-18,3,60,7075.00
2023-10-18,16,48,6750.00
2023-10-18,20,60,6350.00
2023-10-18,18,25,3435.00
2023-10-18,19,12,1680.00
2023-10-18,37,18,1260.00
2023-10-18,7,11,1180.00
2023-10-18,8,4,570.00
2023-10-18,5,5,445.00
2023-10-18,38,5,425.00
2023-10-18,39,3,370.00
2023-10-18,4,5,325.00
2023-10-18,36,12,300.00
2023-10-18,6,2,230.00
2023-10-17,1,1014,66780.00
2023-10-17,2,333,28685.00
2023-10-17,15,151,16680.00
2023-10-17,17,120,12850.00
2023-10-17,20,67,7060.00
2023-10-17,3,49,5860.00
2023-10-17,16,40,5640.00
2023-10-17,18,35,4755.00
2023-10-17,19,13,1755.00
2023-10-17,37,23,1525.00
2023-10-17,7,9,995.00
2023-10-17,38,7,615.00
2023-10-17,6,4,485.00
2023-10-17,4,7,455.00
2023-10-17,8,2,270.00
2023-10-17,39,1,115.00
2023-10-17,36,4,100.00
2023-10-17,5,1,85.00
2023-10-16,1,801,52395.00
2023-10-16,2,277,23845.00
2023-10-16,15,112,12135.00
2023-10-16,17,77,8385.00
2023-10-16,20,62,6710.00
2023-10-16,3,50,5950.00
2023-10-16,18,29,3975.00
2023-10-16,16,26,3570.00
2023-10-16,37,21,1365.00
2023-10-16,19,9,1245.00
2023-10-16,4,16,1070.00
2023-10-16,38,10,850.00
2023-10-16,8,6,810.00
2023-10-16,7,6,655.00
2023-10-16,39,4,460.00
2023-10-16,6,3,345.00
2023-10-16,5,2,170.00
2023-10-16,36,4,100.00
2023-10-15,1,1250,82060.00
2023-10-15,2,367,31695.00
2023-10-15,15,209,22770.00
2023-10-15,17,149,16020.00
2023-10-15,3,88,10345.00
2023-10-15,20,82,8785.00
2023-10-15,16,43,6045.00
2023-10-15,18,41,5685.00
2023-10-15,4,63,4140.00
2023-10-15,19,18,2490.00
2023-10-15,7,21,2280.00
2023-10-15,37,30,1965.00
2023-10-15,5,19,1655.00
2023-10-15,6,5,600.00
2023-10-15,8,4,540.00
2023-10-15,38,5,425.00
2023-10-15,36,3,75.00
2023-10-14,1,1341,87570.00
2023-10-14,2,461,39905.00
2023-10-14,15,197,21310.00
2023-10-14,17,147,15760.00
2023-10-14,20,100,10675.00
2023-10-14,3,83,9895.00
2023-10-14,16,38,5310.00
2023-10-14,18,36,4920.00
2023-10-14,19,19,2625.00
2023-10-14,37,19,1235.00
2023-10-14,7,10,1175.00
2023-10-14,38,12,1040.00
2023-10-14,4,8,550.00
2023-10-14,5,6,530.00
2023-10-14,6,4,485.00
2023-10-14,8,3,405.00
2023-10-14,39,3,345.00
2023-10-14,36,6,150.00
2023-10-13,1,984,64695.00
2023-10-13,2,374,32370.00
2023-10-13,17,144,15770.00
2023-10-13,15,129,14320.00
2023-10-13,3,67,8130.00
2023-10-13,16,47,6675.00
2023-10-13,20,48,5090.00
2023-10-13,18,35,4815.00
2023-10-13,37,26,1795.00
2023-10-13,7,9,995.00
2023-10-13,8,7,975.00
2023-10-13,38,10,850.00
2023-10-13,5,9,765.00
2023-10-13,19,5,675.00
2023-10-13,6,4,510.00
2023-10-13,4,4,260.00
2023-10-13,39,1,115.00
2023-10-13,36,1,25.00
2023-10-12,1,928,60905.00
2023-10-12,2,377,32325.00
2023-10-12,17,136,14780.00
2023-10-12,15,134,14370.00
2023-10-12,3,69,8235.00
2023-10-12,20,64,6895.00
2023-10-12,16,36,5130.00
2023-10-12,18,21,2895.00
2023-10-12,19,18,2520.00
2023-10-12,7,14,1495.00
2023-10-12,5,10,870.00
2023-10-12,6,7,830.00
2023-10-12,37,7,470.00
2023-10-12,4,6,405.00
2023-10-12,8,3,405.00
2023-10-12,38,4,340.00
2023-10-12,39,1,115.00
2023-10-12,36,2,50.00
2023-10-11,1,738,48600.00
2023-10-11,2,258,22170.00
2023-10-11,15,100,10700.00
2023-10-11,17,88,9415.00
2023-10-11,20,43,4590.00
2023-10-11,16,26,3720.00
2023-10-11,3,31,3615.00
2023-10-11,18,20,2760.00
2023-10-11,19,7,975.00
2023-10-11,38,10,850.00
2023-10-11,7,5,525.00
2023-10-11,37,7,455.00
2023-10-11,6,3,395.00
2023-10-11,5,4,340.00
2023-10-11,4,4,275.00
2023-10-10,1,574,37700.00
2023-10-10,2,190,16530.00
2023-10-10,17,92,9835.00
2023-10-10,15,72,7935.00
2023-10-10,3,50,5875.00
2023-10-10,20,36,3880.00
2023-10-10,16,24,3540.00
2023-10-10,18,21,2955.00
2023-10-10,19,5,675.00
2023-10-10,7,6,630.00
2023-10-10,37,8,535.00
2023-10-10,5,5,425.00
2023-10-10,38,4,340.00
2023-10-10,6,2,255.00
2023-10-10,39,2,230.00
2023-10-10,4,3,195.00
2023-10-10,8,1,135.00
2023-10-10,36,3,75.00
2023-10-09,1,891,58350.00
2023-10-09,2,279,24035.00
2023-10-09,15,112,12185.00
2023-10-09,17,97,10585.00
2023-10-09,20,50,5350.00
2023-10-09,3,44,5185.00
2023-10-09,18,32,4500.00
2023-10-09,16,32,4410.00
2023-10-09,19,11,1545.00
2023-10-09,7,12,1335.00
2023-10-09,37,13,845.00
2023-10-09,39,4,460.00
2023-10-09,4,7,455.00
2023-10-09,5,4,340.00
2023-10-09,8,2,270.00
2023-10-09,38,3,255.00
2023-10-09,6,2,230.00
2023-10-09,36,5,125.00
2023-10-08,1,1481,96835.00
2023-10-08,2,500,43140.00
2023-10-08,15,188,20115.00
2023-10-08,17,169,18145.00
2023-10-08,3,104,12260.00
2023-10-08,20,81,8705.00
2023-10-08,16,54,7500.00
2023-10-08,18,26,3540.00
2023-10-08,19,19,2595.00
2023-10-08,37,21,1365.00
2023-10-08,7,12,1310.00
2023-10-08,38,10,870.00
2023-10-08,4,11,745.00
2023-10-08,39,5,650.00
2023-10-08,5,7,635.00
2023-10-08,8,3,405.00
2023-10-08,6,1,115.00
2023-10-08,36,2,50.00
2023-10-07,1,1088,71395.00
2023-10-07,2,364,31200.00
2023-10-07,15,156,16705.00
2023-10-07,17,144,15370.00
2023-10-07,3,92,10730.00
2023-10-07,20,85,9050.00
2023-10-07,18,34,4680.00
2023-10-07,16,29,4005.00
2023-10-07,19,13,1755.00
2023-10-07,7,16,1730.00
2023-10-07,37,21,1425.00
2023-10-07,38,12,1020.00
2023-10-07,6,8,945.00
2023-10-07,5,10,850.00
2023-10-07,4,7,470.00
2023-10-07,39,4,460.00
2023-10-07,8,3,405.00
2023-10-07,36,14,350.00
2023-10-06,1,1197,78735.00
2023-10-06,2,442,38170.00
2023-10-06,15,163,17665.00
2023-10-06,17,142,15410.00
2023-10-06,20,79,8545.00
2023-10-06,3,71,8340.00
2023-10-06,16,45,6225.00
2023-10-06,18,34,4680.00
2023-10-06,7,10,1100.00
2023-10-06,19,6,810.00
2023-10-06,37,10,665.00
2023-10-06,5,7,595.00
2023-10-06,4,9,585.00
2023-10-06,38,6,510.00
2023-10-06,6,4,460.00
2023-10-06,8,3,405.00
2023-10-06,39,2,230.00
2023-10-06,36,5,125.00
2023-10-05,1,1156,75845.00
2023-10-05,2,364,31380.00
2023-10-05,15,180,19750.00
2023-10-05,17,140,15200.00
2023-10-05,3,80,9400.00
2023-10-05,20,64,6920.00
2023-10-05,16,39,5505.00
2023-10-05,18,34,4710.00
2023-10-05,19,16,2190.00
2023-10-05,7,8,890.00
2023-10-05,37,12,780.00
2023-10-05,38,5,485.00
2023-10-05,4,7,455.00
2023-10-05,5,4,340.00
2023-10-05,8,2,300.00
2023-10-05,6,2,230.00
2023-10-05,39,1,140.00
2023-10-05,36,3,75.00
2023-10-04,1,1095,71940.00
2023-10-04,2,409,35425.00
2023-10-04,15,154,16670.00
2023-10-04,17,145,15575.00
2023-10-04,3,86,10215.00
2023-10-04,20,54,5770.00
2023-10-04,16,39,5295.00
2023-10-04,18,28,3780.00
2023-10-04,19,15,2025.00
2023-10-04,37,15,975.00
2023-10-04,38,10,870.00
2023-10-04,7,8,865.00
2023-10-04,5,10,850.00
2023-10-04,8,5,675.00
2023-10-04,4,9,585.00
2023-10-04,6,3,345.00
2023-10-04,39,3,345.00
2023-10-04,36,4,100.00
2023-10-03,1,1081,70895.00
2023-10-03,2,405,35385.00
2023-10-03,17,144,15570.00
2023-10-03,15,139,15370.00
2023-10-03,20,69,7395.00
2023-10-03,3,62,7355.00
2023-10-03,16,46,6330.00
2023-10-03,18,38,5130.00
2023-10-03,7,21,2330.00
2023-10-03,19,14,1950.00
2023-10-03,37,18,1245.00
2023-10-03,5,12,1040.00
2023-10-03,38,11,955.00
2023-10-03,6,6,715.00
2023-10-03,8,4,570.00
2023-10-03,4,7,470.00
2023-10-03,39,2,230.00
2023-10-03,36,5,125.00
2023-10-02,1,1202,78595.00
2023-10-02,2,349,29965.00
2023-10-02,15,163,17515.00
2023-10-02,17,114,12345.00
2023-10-02,3,58,6745.00
2023-10-02,20,61,6455.00
2023-10-02,16,37,5115.00
2023-10-02,18,29,4005.00
2023-10-02,19,14,1890.00
2023-10-02,7,13,1390.00
2023-10-02,37,15,975.00
2023-10-02,38,11,955.00
2023-10-02,8,4,570.00
2023-10-02,4,7,455.00
2023-10-02,5,4,340.00
2023-10-02,39,2,230.00
2023-10-02,36,4,100.00
2023-10-01,1,1415,92320.00
2023-10-01,2,564,48680.00
2023-10-01,15,215,23275.00
2023-10-01,17,164,17470.00
2023-10-01,3,132,15480.00
2023-10-01,20,105,11125.00
2023-10-01,16,64,8790.00
2023-10-01,18,43,5895.00
2023-10-01,7,18,1940.00
2023-10-01,19,12,1620.00
2023-10-01,37,18,1170.00
2023-10-01,38,11,975.00
2023-10-01,8,5,675.00
2023-10-01,4,9,585.00
2023-10-01,5,6,530.00
2023-10-01,39,2,230.00
2023-10-01,6,1,115.00
2023-10-01,36,3,75.00
2023-09-30,1,1310,85930.00
2023-09-30,2,512,44000.00
2023-09-30,15,208,22440.00
2023-09-30,17,188,20465.00
2023-09-30,3,85,9925.00
2023-09-30,20,87,9285.00
2023-09-30,16,55,7755.00
2023-09-30,18,39,5295.00
2023-09-30,19,18,2460.00
2023-09-30,7,21,2255.00
2023-09-30,38,14,1190.00
2023-09-30,5,12,1020.00
2023-09-30,37,15,1005.00
2023-09-30,4,11,715.00
2023-09-30,6,5,575.00
2023-09-30,8,4,540.00
2023-09-30,39,2,255.00
2023-09-30,36,5,125.00
2023-09-29,1,1176,76980.00
2023-09-29,2,358,30870.00
2023-09-29,15,166,18030.00
2023-09-29,17,148,15915.00
2023-09-29,20,84,9045.00
2023-09-29,3,75,8800.00
2023-09-29,16,41,5835.00
2023-09-29,18,35,4755.00
2023-09-29,19,22,3030.00
2023-09-29,7,15,1625.00
2023-09-29,5,13,1205.00
2023-09-29,37,17,1105.00
2023-09-29,4,13,875.00
2023-09-29,38,8,720.00
2023-09-29,8,2,270.00
2023-09-29,6,1,115.00
2023-09-29,36,4,100.00
2023-09-28,1,933,61485.00
2023-09-28,2,331,28715.00
2023-09-28,15,136,14905.00
2023-09-28,17,129,13795.00
2023-09-28,3,59,7010.00
2023-09-28,18,38,5250.00
2023-09-28,20,48,5215.00
2023-09-28,16,34,4650.00
2023-09-28,19,18,2610.00
2023-09-28,7,12,1285.00
2023-09-28,38,12,1020.00
2023-09-28,8,6,840.00
2023-09-28,37,10,665.00
2023-09-28,39,3,345.00
2023-09-28,4,5,340.00
2023-09-28,5,2,170.00
2023-09-28,36,4,100.00
2023-09-27,1,795,52155.00
2023-09-27,2,319,27735.00
2023-09-27,15,137,14785.00
2023-09-27,17,99,10520.00
2023-09-27,3,58,6845.00
2023-09-27,16,33,4545.00
2023-09-27,20,38,4115.00
2023-09-27,18,20,2760.00
2023-09-27,19,11,1515.00
2023-09-27,37,15,975.00
2023-09-27,7,9,945.00
2023-09-27,5,9,765.00
2023-09-27,6,3,345.00
2023-09-27,38,4,340.00
2023-09-27,4,4,275.00
2023-09-27,8,1,135.00
2023-09-27,39,1,115.00
2023-09-27,36,2,50.00
2023-09-26,1,881,57925.00
2023-09-26,2,294,25330.00
2023-09-26,15,126,14030.00
2023-09-26,17,99,10845.00
2023-09-26,3,58,6770.00
2023-09-26,20,60,6600.00
2023-09-26,16,22,3120.00
2023-09-26,18,21,2985.00
2023-09-26,7,12,1335.00
2023-09-26,19,8,1110.00
2023-09-26,37,16,1040.00
2023-09-26,38,12,1020.00
2023-09-26,4,13,845.00
2023-09-26,8,3,435.00
2023-09-26,6,2,230.00
2023-09-26,5,2,170.00
2023-09-26,36,2,50.00
2023-09-25,1,965,63670.00
2023-09-25,2,359,31075.00
2023-09-25,17,113,12290.00
2023-09-25,15,101,10955.00
2023-09-25,3,56,6715.00
2023-09-25,20,59,6270.00
2023-09-25,16,35,4965.00
2023-09-25,18,32,4440.00
2023-09-25,19,13,1785.00
2023-09-25,7,16,1730.00
2023-09-25,4,11,715.00
2023-09-25,5,8,700.00
2023-09-25,37,10,665.00
2023-09-25,38,5,485.00
2023-09-25,8,2,270.00
2023-09-25,36,5,125.00
2023-09-25,6,1,115.00
2023-09-24,1,1386,90855.00
2023-09-24,2,464,40140.00
2023-09-24,15,139,14920.00
2023-09-24,17,136,14580.00
2023-09-24,3,103,12220.00
2023-09-24,20,77,8210.00
2023-09-24,18,47,6555.00
2023-09-24,16,46,6390.00
2023-09-24,19,11,1515.00
2023-09-24,7,12,1285.00
2023-09-24,5,10,910.00
2023-09-24,37,12,780.00
2023-09-24,4,9,600.00
2023-09-24,39,5,575.00
2023-09-24,8,4,540.00
2023-09-24,38,5,445.00
2023-09-24,6,2,230.00
2023-09-24,36,5,125.00
2023-09-23,1,1253,82360.00
2023-09-23,2,415,35955.00
2023-09-23,15,194,21295.00
2023-09-23,17,157,16960.00
2023-09-23,3,69,8310.00
2023-09-23,20,72,7735.00
2023-09-23,16,29,3975.00
2023-09-23,18,27,3795.00
2023-09-23,19,18,2490.00
2023-09-23,7,13,1365.00
2023-09-23,4,21,1365.00
2023-09-23,37,16,1055.00
2023-09-23,38,8,720.00
2023-09-23,6,6,715.00
2023-09-23,39,4,485.00
2023-09-23,8,2,270.00
2023-09-23,5,3,255.00
2023-09-23,36,4,100.00
2023-09-22,1,1060,69785.00
2023-09-22,2,293,25245.00
2023-09-22,15,127,13910.00
2023-09-22,17,107,11435.00
2023-09-22,3,70,8200.00
2023-09-22,20,56,6055.00
2023-09-22,16,28,3930.00
2023-09-22,18,26,3600.00
2023-09-22,19,17,2295.00
2023-09-22,4,19,1265.00
2023-09-22,5,14,1210.00
2023-09-22,7,10,1050.00
2023-09-22,37,14,910.00
2023-09-22,6,6,690.00
2023-09-22,8,4,570.00
2023-09-22,38,5,425.00
2023-09-22,39,2,230.00
2023-09-22,36,2,50.00
2023-09-21,1,574,37550.00
2023-09-21,2,210,18150.00
2023-09-21,15,99,10845.00
2023-09-21,17,93,10115.00
2023-09-21,3,51,6015.00
2023-09-21,20,34,3595.00
2023-09-21,16,23,3135.00
2023-09-21,18,12,1650.00
2023-09-21,19,10,1380.00
2023-09-21,37,10,650.00
2023-09-21,38,6,510.00
2023-09-21,7,4,420.00
2023-09-21,4,6,390.00
2023-09-21,8,2,270.00
2023-09-21,36,6,150.00
2023-09-21,6,1,115.00
2023-09-21,5,1,85.00
2023-09-20,1,1022,67390.00
2023-09-20,2,378,32770.00
2023-09-20,15,125,13625.00
2023-09-20,17,123,13390.00
2023-09-20,16,51,7065.00
2023-09-20,3,56,6590.00
2023-09-20,20,49,5170.00
2023-09-20,18,32,4530.00
2023-09-20,19,13,1755.00
2023-09-20,7,8,890.00
2023-09-20,37,13,845.00
2023-09-20,4,6,390.00
2023-09-20,6,3,345.00
2023-09-20,5,3,275.00
2023-09-20,8,2,270.00
2023-09-20,39,2,230.00
2023-09-20,38,2,170.00
2023-09-20,36,3,75.00
2023-09-19,1,1042,68885.00
2023-09-19,2,319,27675.00
2023-09-19,15,145,15925.00
2023-09-19,17,135,14500.00
2023-09-19,3,68,8120.00
2023-09-19,16,39,5505.00
2023-09-19,20,51,5455.00
2023-09-19,18,35,4905.00
2023-09-19,19,18,2490.00
2023-09-19,7,14,1470.00
2023-09-19,8,10,1440.00
2023-09-19,4,13,875.00
2023-09-19,37,9,600.00
2023-09-19,38,7,595.00
2023-09-19,5,6,510.00
2023-09-19,6,3,395.00
2023-09-19,39,2,230.00
2023-09-19,36,5,125.00
2023-09-18,1,1196,78910.00
2023-09-18,2,413,35825.00
2023-09-18,15,149,16145.00
2023-09-18,17,109,11870.00
2023-09-18,3,93,11070.00
2023-09-18,16,48,6660.00
2023-09-18,20,62,6610.00
2023-09-18,18,44,6090.00
2023-09-18,19,22,2970.00
2023-09-18,7,15,1600.00
2023-09-18,37,14,925.00
2023-09-18,38,8,680.00
2023-09-18,4,10,650.00
2023-09-18,5,7,615.00
2023-09-18,6,3,345.00
2023-09-18,8,2,300.00
2023-09-18,39,2,230.00
2023-09-18,36,2,50.00
2023-09-17,1,1479,97215.00
2023-09-17,2,500,42840.00
2023-09-17,15,208,22815.00
2023-09-17,17,184,19920.00
2023-09-17,3,112,13155.00
2023-09-17,20,96,10305.00
2023-09-17,16,51,7365.00
2023-09-17,18,46,6300.00
2023-09-17,19,26,3600.00
2023-09-17,7,16,1780.00
2023-09-17,37,18,1185.00
2023-09-17,5,10,850.00
2023-09-17,4,12,780.00
2023-09-17,39,5,625.00
2023-09-17,38,5,425.00
2023-09-17,6,3,370.00
2023-09-17,36,2,50.00
2023-09-16,1,1554,102390.00
2023-09-16,2,570,49190.00
2023-09-16,17,207,23035.00
2023-09-16,15,203,22390.00
2023-09-16,3,132,15705.00
2023-09-16,20,97,10460.00
2023-09-16,16,70,9780.00
2023-09-16,18,49,6675.00
2023-09-16,19,25,3405.00
2023-09-16,7,19,2145.00
2023-09-16,5,16,1380.00
2023-09-16,4,19,1295.00
2023-09-16,38,14,1210.00
2023-09-16,37,18,1170.00
2023-09-16,8,5,705.00
2023-09-16,39,6,690.00
2023-09-16,6,5,575.00
2023-09-16,36,5,125.00
2023-09-15,1,984,64785.00
2023-09-15,2,325,28045.00
2023-09-15,15,144,15720.00
2023-09-15,17,121,13130.00
2023-09-15,3,62,7330.00
2023-09-15,20,65,7025.00
2023-09-15,16,44,6030.00
2023-09-15,18,35,4875.00
2023-09-15,7,15,1575.00
2023-09-15,4,19,1250.00
2023-09-15,19,7,945.00
2023-09-15,37,14,940.00
2023-09-15,6,7,855.00
2023-09-15,38,10,850.00
2023-09-15,8,6,810.00
2023-09-15,5,5,425.00
2023-09-15,39,3,345.00
2023-09-15,36,6,150.00
2023-09-14,1,875,57670.00
2023-09-14,2,297,25645.00
2023-09-14,15,137,15010.00
2023-09-14,17,83,9090.00
2023-09-14,18,41,5715.00
2023-09-14,16,40,5640.00
2023-09-14,3,45,5250.00
2023-09-14,20,30,3200.00
2023-09-14,19,22,3090.00
2023-09-14,7,16,1805.00
2023-09-14,37,12,795.00
2023-09-14,6,4,460.00
2023-09-14,4,7,455.00
2023-09-14,38,2,190.00
2023-09-14,5,2,170.00
2023-09-13,1,739,48665.00
2023-09-13,2,247,21435.00
2023-09-13,15,102,11185.00
2023-09-13,17,79,8670.00
2023-09-13,20,49,5220.00
2023-09-13,3,44,5160.00
2023-09-13,16,34,4680.00
2023-09-13,18,24,3330.00
2023-09-13,19,9,1215.00
2023-09-13,37,9,600.00
2023-09-13,4,7,455.00
2023-09-13,38,5,425.00
2023-09-13,7,3,340.00
2023-09-13,5,3,255.00
2023-09-13,39,2,230.00
2023-09-13,8,1,135.00
2023-09-13,36,3,75.00
2023-09-12,1,854,56005.00
2023-09-12,2,274,23690.00
2023-09-12,15,117,12635.00
2023-09-12,17,83,9065.00
2023-09-12,3,53,6345.00
2023-09-12,16,44,6090.00
2023-09-12,20,47,5010.00
2023-09-12,18,34,4680.00
2023-09-12,19,9,1275.00
2023-09-12,37,18,1215.00
2023-09-12,7,7,735.00
2023-09-12,4,7,500.00
2023-09-12,39,4,460.00
2023-09-12,38,5,425.00
2023-09-12,6,3,345.00
2023-09-12,8,2,270.00
2023-09-12,5,3,255.00
2023-09-12,36,4,100.00
2023-09-11,1,1060,69545.00
2023-09-11,2,404,34820.00
2023-09-11,15,143,15865.00
2023-09-11,17,107,11610.00
2023-09-11,3,64,7535.00
2023-09-11,20,61,6480.00
2023-09-11,16,36,5070.00
2023-09-11,18,27,3705.00
2023-09-11,19,15,2055.00
2023-09-11,7,8,915.00
2023-09-11,37,9,585.00
2023-09-11,4,7,455.00
2023-09-11,38,3,255.00
2023-09-11,5,3,255.00
2023-09-11,39,1,115.00
2023-09-11,36,3,75.00
2023-09-10,1,1311,86370.00
2023-09-10,2,456,39320.00
2023-09-10,15,163,17765.00
2023-09-10,17,151,16655.00
2023-09-10,20,102,11035.00
2023-09-10,3,88,10445.00
2023-09-10,16,44,6090.00
2023-09-10,18,40,5490.00
2023-09-10,19,18,2520.00
2023-09-10,7,12,1385.00
2023-09-10,4,16,1055.00
2023-09-10,38,10,870.00
2023-09-10,5,10,850.00
2023-09-10,37,12,810.00
2023-09-10,8,5,675.00
2023-09-10,39,3,370.00
2023-09-10,6,2,230.00
2023-09-10,36,2,50.00
2023-09-09,1,1450,95195.00
2023-09-09,2,542,46910.00
2023-09-09,15,204,22170.00
2023-09-09,17,168,18190.00
2023-09-09,3,90,10625.00
2023-09-09,20,89,9495.00
2023-09-09,16,48,6750.00
2023-09-09,18,36,5010.00
2023-09-09,7,29,3070.00
2023-09-09,19,19,2565.00
2023-09-09,4,22,1445.00
2023-09-09,37,21,1395.00
2023-09-09,5,11,1015.00
2023-09-09,38,8,680.00
2023-09-09,8,4,540.00
2023-09-09,6,3,395.00
2023-09-09,39,3,345.00
2023-09-09,36,10,250.00
2023-09-08,1,1053,69465.00
2023-09-08,2,380,33000.00
2023-09-08,15,154,16670.00
2023-09-08,17,137,14710.00
2023-09-08,3,77,9130.00
2023-09-08,20,66,6955.00
2023-09-08,16,44,6000.00
2023-09-08,18,36,5010.00
2023-09-08,19,13,1785.00
2023-09-08,7,10,1050.00
2023-09-08,4,11,730.00
2023-09-08,37,11,730.00
2023-09-08,38,7,615.00
2023-09-08,6,5,600.00
2023-09-08,5,5,425.00
2023-09-08,39,2,230.00
2023-09-08,36,6,150.00
2023-09-08,8,1,135.00
2023-09-07,1,1266,83115.00
2023-09-07,2,379,32695.00
2023-09-07,15,170,18725.00
2023-09-07,17,122,13010.00
2023-09-07,3,84,9885.00
2023-09-07,20,77,8260.00
2023-09-07,16,31,4365.00
2023-09-07,18,31,4245.00
2023-09-07,19,18,2430.00
2023-09-07,8,11,1515.00
2023-09-07,37,20,1375.00
2023-09-07,4,13,905.00
2023-09-07,38,10,870.00
2023-09-07,5,10,870.00
2023-09-07,7,6,630.00
2023-09-07,6,4,510.00
2023-09-07,39,2,230.00
2023-09-07,36,2,50.00
2023-09-06,1,1024,67130.00
2023-09-06,2,388,33520.00
2023-09-06,15,123,13490.00
2023-09-06,17,103,11065.00
2023-09-06,16,54,7650.00
2023-09-06,3,61,7240.00
2023-09-06,20,65,6925.00
2023-09-06,18,38,5310.00
2023-09-06,37,27,1770.00
2023-09-06,19,8,1110.00
2023-09-06,7,10,1075.00
2023-09-06,38,5,505.00
2023-09-06,4,7,470.00
2023-09-06,8,3,405.00
2023-09-06,6,3,370.00
2023-09-06,5,2,170.00
2023-09-06,39,1,115.00
2023-09-06,36,1,25.00
2023-09-05,1,1136,74650.00
2023-09-05,2,380,32880.00
2023-09-05,15,155,16925.00
2023-09-05,17,125,13300.00
2023-09-05,3,81,9515.00
2023-09-05,20,65,6950.00
2023-09-05,16,45,6225.00
2023-09-05,18,37,5025.00
2023-09-05,19,19,2565.00
2023-09-05,4,15,1020.00
2023-09-05,7,9,945.00
2023-09-05,37,13,875.00
2023-09-05,5,5,445.00
2023-09-05,38,5,425.00
2023-09-05,8,1,135.00
2023-09-05,36,4,100.00
2023-09-04,1,1158,76110.00
2023-09-04,2,417,35965.00
2023-09-04,15,175,19000.00
2023-09-04,17,143,15340.00
2023-09-04,3,75,8900.00
2023-09-04,20,71,7530.00
2023-09-04,16,40,5700.00
2023-09-04,18,31,4275.00
2023-09-04,19,14,1920.00
2023-09-04,7,12,1310.00
2023-09-04,4,15,1020.00
2023-09-04,8,6,810.00
2023-09-04,37,11,715.00
2023-09-04,6,6,715.00
2023-09-04,38,8,680.00
2023-09-04,5,7,615.00
2023-09-04,39,3,345.00
2023-09-04,36,1,25.00
2023-09-03,1,1797,118065.00
2023-09-03,2,664,57260.00
2023-09-03,15,233,25440.00
2023-09-03,17,210,22775.00
2023-09-03,3,124,14660.00
2023-09-03,20,101,10955.00
2023-09-03,16,63,8685.00
2023-09-03,18,52,7350.00
2023-09-03,19,18,2430.00
2023-09-03,4,27,1800.00
2023-09-03,7,15,1625.00
2023-09-03,37,19,1250.00
2023-09-03,38,12,1020.00
2023-09-03,5,10,890.00
2023-09-03,39,5,575.00
2023-09-03,6,3,345.00
2023-09-03,8,2,270.00
2023-09-03,36,5,125.00
2023-09-02,1,1630,106955.00
2023-09-02,2,465,40145.00
2023-09-02,15,213,23040.00
2023-09-02,17,174,18695.00
2023-09-02,20,101,10830.00
2023-09-02,3,91,10665.00
2023-09-02,16,65,9045.00
2023-09-02,18,42,5850.00
2023-09-02,19,24,3240.00
2023-09-02,7,21,2255.00
2023-09-02,37,24,1560.00
2023-09-02,4,19,1265.00
2023-09-02,5,9,785.00
2023-09-02,38,8,700.00
2023-09-02,39,5,600.00
2023-09-02,8,2,300.00
2023-09-02,36,12,300.00
2023-09-02,6,2,255.00
2023-09-01,1,1427,93220.00
2023-09-01,2,450,38810.00
2023-09-01,15,172,18835.00
2023-09-01,17,169,18220.00
2023-09-01,3,104,12310.00
2023-09-01,20,87,9335.00
2023-09-01,16,48,6660.00
2023-09-01,18,46,6240.00
2023-09-01,19,14,2010.00
2023-09-01,38,14,1210.00
2023-09-01,37,17,1105.00
2023-09-01,7,9,945.00
2023-09-01,4,10,665.00
2023-09-01,5,5,425.00
2023-09-01,6,3,345.00
2023-09-01,8,1,135.00
2023-09-01,39,1,115.00
2023-09-01,36,2,50.00
2023-08-31,1,1317,86850.00
2023-08-31,2,450,39110.00
2023-08-31,15,166,18305.00
2023-08-31,17,150,16200.00
2023-08-31,3,82,9705.00
2023-08-31,20,64,6845.00
2023-08-31,18,38,5220.00
2023-08-31,16,34,4710.00
2023-08-31,19,16,2190.00
2023-08-31,7,10,1075.00
2023-08-31,4,12,840.00
2023-08-31,37,10,710.00
2023-08-31,5,4,340.00
2023-08-31,38,3,255.00
2023-08-31,6,2,230.00
2023-08-31,36,7,175.00
2023-08-31,39,1,115.00
2023-08-30,1,1193,78775.00
2023-08-30,2,417,36165.00
2023-08-30,15,164,17920.00
2023-08-30,17,114,12245.00
2023-08-30,3,65,7600.00
2023-08-30,20,55,5900.00
2023-08-30,16,42,5880.00
2023-08-30,18,33,4485.00
2023-08-30,19,10,1410.00
2023-08-30,7,11,1355.00
2023-08-30,38,14,1210.00
2023-08-30,37,17,1105.00
2023-08-30,4,16,1070.00
2023-08-30,5,7,595.00
2023-08-30,6,5,575.00
2023-08-30,39,2,255.00
2023-08-30,36,2,50.00
2023-08-29,1,1089,71355.00
2023-08-29,2,341,29445.00
2023-08-29,15,131,14455.00
2023-08-29,17,109,11695.00
2023-08-29,3,67,8005.00
2023-08-29,20,70,7375.00
2023-08-29,18,25,3375.00
2023-08-29,16,24,3360.00
2023-08-29,19,14,1950.00
2023-08-29,38,17,1465.00
2023-08-29,37,19,1280.00
2023-08-29,8,8,1080.00
2023-08-29,4,16,1040.00
2023-08-29,5,9,765.00
2023-08-29,7,6,630.00
2023-08-29,6,4,485.00
2023-08-29,39,3,345.00
2023-08-29,36,2,50.00
2023-08-28,1,964,63140.00
2023-08-28,2,293,25165.00
2023-08-28,15,134,14395.00
2023-08-28,17,113,12165.00
2023-08-28,3,56,6665.00
2023-08-28,20,53,5615.00
2023-08-28,16,28,3840.00
2023-08-28,18,26,3570.00
2023-08-28,19,14,1920.00
2023-08-28,7,10,1075.00
2023-08-28,4,13,875.00
2023-08-28,37,13,845.00
2023-08-28,5,9,825.00
2023-08-28,8,6,810.00
2023-08-28,38,6,530.00
2023-08-28,39,2,230.00
2023-08-28,36,7,175.00
2023-08-27,1,1660,108485.00
2023-08-27,2,469,40585.00
2023-08-27,15,193,20940.00
2023-08-27,17,188,20290.00
2023-08-27,20,104,11095.00
2023-08-27,3,84,9885.00
2023-08-27,16,60,8310.00
2023-08-27,18,35,4845.00
2023-08-27,19,18,2490.00
2023-08-27,7,22,2360.00
2023-08-27,37,22,1445.00
2023-08-27,4,21,1380.00
2023-08-27,38,12,1020.00
2023-08-27,8,4,570.00
2023-08-27,5,5,425.00
2023-08-27,6,3,345.00
2023-08-27,39,3,345.00
2023-08-27,36,10,250.00
2023-08-26,1,1341,87915.00
2023-08-26,2,479,41135.00
2023-08-26,15,185,20225.00
2023-08-26,17,183,19815.00
2023-08-26,3,92,10830.00
2023-08-26,20,85,9125.00
2023-08-26,16,43,5895.00
2023-08-26,18,35,4755.00
2023-08-26,19,14,1890.00
2023-08-26,4,19,1250.00
2023-08-26,37,15,975.00
2023-08-26,5,10,850.00
2023-08-26,8,5,705.00
2023-08-26,38,6,510.00
2023-08-26,36,10,250.00
2023-08-26,6,1,115.00
2023-08-26,39,1,115.00
2023-08-26,7,1,105.00
2023-08-25,1,1263,82530.00
2023-08-25,2,354,30770.00
2023-08-25,17,181,19555.00
2023-08-25,15,150,16225.00
2023-08-25,3,95,11400.00
2023-08-25,20,80,8500.00
2023-08-25,16,38,5580.00
2023-08-25,18,38,5190.00
2023-08-25,19,11,1545.00
2023-08-25,37,20,1345.00
2023-08-25,38,14,1190.00
2023-08-25,4,13,860.00
2023-08-25,5,9,765.00
2023-08-25,7,6,655.00
2023-08-25,6,5,600.00
2023-08-25,39,4,460.00
2023-08-25,36,12,300.00
2023-08-24,1,1072,70310.00
2023-08-24,2,353,30445.00
2023-08-24,17,157,17060.00
2023-08-24,15,145,15725.00
2023-08-24,20,71,7630.00
2023-08-24,16,51,7305.00
2023-08-24,3,54,6360.00
2023-08-24,18,35,4785.00
2023-08-24,7,19,2070.00
2023-08-24,19,14,1950.00
2023-08-24,38,20,1720.00
2023-08-24,4,18,1185.00
2023-08-24,37,16,1055.00
2023-08-24,5,10,870.00
2023-08-24,39,4,485.00
2023-08-24,6,2,255.00
2023-08-24,36,4,100.00
2023-08-23,1,938,61465.00
2023-08-23,2,242,20910.00
2023-08-23,15,119,12695.00
2023-08-23,17,96,10280.00
2023-08-23,3,54,6335.00
2023-08-23,20,60,6325.00
2023-08-23,16,41,5625.00
2023-08-23,18,24,3270.00
2023-08-23,19,15,2055.00
2023-08-23,7,12,1260.00
2023-08-23,4,11,730.00
2023-08-23,8,5,675.00
2023-08-23,38,7,615.00
2023-08-23,37,8,520.00
2023-08-23,5,3,255.00
2023-08-23,6,1,115.00
2023-08-23,39,1,115.00
2023-08-23,36,3,75.00
2023-08-22,1,900,59130.00
2023-08-22,2,259,22635.00
2023-08-22,15,106,11555.00
2023-08-22,17,106,11280.00
2023-08-22,20,74,7870.00
2023-08-22,3,47,5555.00
2023-08-22,16,32,4620.00
2023-08-22,18,23,3105.00
2023-08-22,37,21,1395.00
2023-08-22,19,10,1350.00
2023-08-22,7,7,760.00
2023-08-22,4,7,455.00
2023-08-22,38,3,255.00
2023-08-22,5,2,190.00
2023-08-22,6,1,140.00
2023-08-22,36,2,50.00
2023-08-21,1,915,59820.00
2023-08-21,2,279,24255.00
2023-08-21,15,134,14395.00
2023-08-21,17,120,13025.00
2023-08-21,3,74,8610.00
2023-08-21,20,62,6660.00
2023-08-21,16,40,5670.00
2023-08-21,18,25,3375.00
2023-08-21,19,16,2160.00
2023-08-21,37,14,985.00
2023-08-21,7,7,735.00
2023-08-21,4,10,650.00
2023-08-21,38,7,595.00
2023-08-21,5,5,425.00
2023-08-21,36,11,275.00
2023-08-21,6,2,230.00
2023-08-21,39,1,115.00
2023-08-20,1,1607,105250.00
2023-08-20,2,570,49450.00
2023-08-20,15,270,29200.00
2023-08-20,17,196,21180.00
2023-08-20,20,134,14345.00
2023-08-20,3,99,11585.00
2023-08-20,16,71,9765.00
2023-08-20,18,50,6930.00
2023-08-20,19,24,3240.00
2023-08-20,4,22,1460.00
2023-08-20,7,13,1390.00
2023-08-20,38,11,955.00
2023-08-20,37,13,845.00
2023-08-20,6,4,460.00
2023-08-20,5,5,425.00
2023-08-20,39,2,255.00
2023-08-20,8,1,135.00
2023-08-20,36,2,50.00
2023-08-19,1,1237,81050.00
2023-08-19,2,426,36750.00
2023-08-19,15,188,20740.00
2023-08-19,17,179,19045.00
2023-08-19,16,73,10335.00
2023-08-19,20,81,8705.00
2023-08-19,3,69,8060.00
2023-08-19,18,49,6885.00
2023-08-19,19,18,2520.00
2023-08-19,7,14,1520.00
2023-08-19,37,19,1235.00
2023-08-19,38,13,1105.00
2023-08-19,5,10,910.00
2023-08-19,39,6,690.00
2023-08-19,4,10,650.00
2023-08-19,6,5,625.00
2023-08-19,8,2,270.00
2023-08-19,36,6,150.00
2023-08-18,1,1129,74075.00
2023-08-18,2,405,35025.00
2023-08-18,15,152,16510.00
2023-08-18,17,111,11880.00
2023-08-18,3,78,9070.00
2023-08-18,20,72,7585.00
2023-08-18,16,41,5955.00
2023-08-18,18,43,5925.00
2023-08-18,19,10,1380.00
2023-08-18,7,10,1075.00
2023-08-18,37,16,1040.00
2023-08-18,38,11,935.00
2023-08-18,8,6,840.00
2023-08-18,5,9,765.00
2023-08-18,4,9,585.00
2023-08-18,39,3,370.00
2023-08-18,6,2,255.00
2023-08-18,36,5,125.00
2023-08-17,1,1140,75000.00
2023-08-17,2,439,37795.00
2023-08-17,15,163,17640.00
2023-08-17,17,162,17585.00
2023-08-17,20,63,6715.00
2023-08-17,3,57,6705.00
2023-08-17,16,32,4530.00
2023-08-17,18,26,3540.00
2023-08-17,19,10,1350.00
2023-08-17,7,7,735.00
2023-08-17,37,9,630.00
2023-08-17,38,7,615.00
2023-08-17,8,4,540.00
2023-08-17,5,6,530.00
2023-08-17,4,7,455.00
2023-08-17,39,2,230.00
2023-08-17,6,1,115.00
2023-08-16,1,1009,66065.00
2023-08-16,2,356,30760.00
2023-08-16,17,144,15695.00
2023-08-16,15,137,15035.00
2023-08-16,3,73,8520.00
2023-08-16,20,71,7605.00
2023-08-16,16,31,4365.00
2023-08-16,18,22,3000.00
2023-08-16,7,13,1365.00
2023-08-16,4,15,1020.00
2023-08-16,37,14,910.00
2023-08-16,19,5,675.00
2023-08-16,38,7,615.00
2023-08-16,5,5,425.00
2023-08-16,39,3,345.00
2023-08-16,8,2,270.00
2023-08-16,36,1,25.00
2023-08-15,1,922,60245.00
2023-08-15,2,322,27710.00
2023-08-15,15,105,11400.00
2023-08-15,17,101,10930.00
2023-08-15,3,62,7205.00
2023-08-15,20,59,6370.00
2023-08-15,18,25,3435.00
2023-08-15,16,17,2325.00
2023-08-15,7,20,2150.00
2023-08-15,19,9,1245.00
2023-08-15,4,15,990.00
2023-08-15,37,15,975.00
2023-08-15,5,9,765.00
2023-08-15,6,6,690.00
2023-08-15,38,8,680.00
2023-08-15,36,1,25.00
2023-08-14,1,1091,71485.00
2023-08-14,2,332,28840.00
2023-08-14,15,129,13920.00
2023-08-14,17,100,10725.00
2023-08-14,3,57,6655.00
2023-08-14,20,54,5845.00
2023-08-14,16,28,3840.00
2023-08-14,18,22,2970.00
2023-08-14,7,20,2100.00
2023-08-14,19,13,1815.00
2023-08-14,37,17,1135.00
2023-08-14,4,16,1055.00
2023-08-14,8,4,540.00
2023-08-14,38,5,425.00
2023-08-14,6,2,230.00
2023-08-14,39,1,115.00
2023-08-14,5,1,85.00
2023-08-14,36,3,75.00
2023-08-13,1,1335,87255.00
2023-08-13,2,453,39125.00
2023-08-13,17,155,16575.00
2023-08-13,15,149,16120.00
2023-08-13,3,103,12245.00
2023-08-13,20,82,8910.00
2023-08-13,16,47,6555.00
2023-08-13,18,29,3975.00
2023-08-13,19,15,2145.00
2023-08-13,37,31,2030.00
2023-08-13,7,14,1495.00
2023-08-13,38,10,870.00
2023-08-13,4,13,845.00
2023-08-13,5,6,510.00
2023-08-13,39,4,460.00
2023-08-13,8,2,270.00
2023-08-13,36,3,75.00
2023-08-12,1,1109,72670.00
2023-08-12,2,347,29975.00
2023-08-12,15,156,16880.00
2023-08-12,17,142,15635.00
2023-08-12,20,70,7500.00
2023-08-12,16,50,7140.00
2023-08-12,3,53,6220.00
2023-08-12,18,31,4245.00
2023-08-12,19,21,2835.00
2023-08-12,37,20,1315.00
2023-08-12,7,12,1285.00
2023-08-12,38,7,615.00
2023-08-12,4,8,520.00
2023-08-12,6,4,460.00
2023-08-12,5,5,445.00
2023-08-12,39,2,255.00
2023-08-12,36,10,250.00
2023-08-12,8,1,135.00
2023-08-11,1,1114,73295.00
2023-08-11,2,315,27315.00
2023-08-11,17,148,15990.00
2023-08-11,15,143,15340.00
2023-08-11,3,69,8160.00
2023-08-11,20,69,7470.00
2023-08-11,18,33,4545.00
2023-08-11,16,32,4380.00
2023-08-11,19,15,2025.00
2023-08-11,38,15,1295.00
2023-08-11,7,12,1260.00
2023-08-11,4,17,1135.00
2023-08-11,37,11,715.00
2023-08-11,5,5,425.00
2023-08-11,6,3,370.00
2023-08-11,8,1,165.00
2023-08-11,36,6,150.00
2023-08-11,39,1,115.00
2023-08-10,1,1059,69300.00
2023-08-10,2,329,28365.00
2023-08-10,15,148,16090.00
2023-08-10,17,130,14225.00
2023-08-10,3,62,7330.00
2023-08-10,20,68,7240.00
2023-08-10,16,37,5235.00
2023-08-10,18,32,4500.00
2023-08-10,19,13,1815.00
2023-08-10,7,12,1335.00
2023-08-10,38,12,1040.00
2023-08-10,4,9,585.00
2023-08-10,37,8,535.00
2023-08-10,8,3,405.00
2023-08-10,5,4,360.00
2023-08-10,39,2,230.00
2023-08-10,36,1,25.00
2023-08-09,1,1364,89575.00
2023-08-09,2,443,38295.00
2023-08-09,15,159,17320.00
2023-08-09,17,159,17220.00
2023-08-09,3,106,12540.00
2023-08-09,20,77,8335.00
2023-08-09,16,46,6450.00
2023-08-09,18,28,3930.00
2023-08-09,19,18,2460.00
2023-08-09,7,13,1465.00
2023-08-09,37,22,1445.00
2023-08-09,4,20,1405.00
2023-08-09,38,10,850.00
2023-08-09,5,10,850.00
2023-08-09,36,9,225.00
2023-08-09,8,1,165.00
2023-08-09,39,1,115.00
2023-08-09,6,1,115.00
2023-08-08,1,1498,99080.00
2023-08-08,2,502,43810.00
2023-08-08,15,232,25535.00
2023-08-08,17,171,18380.00
2023-08-08,3,130,15375.00
2023-08-08,20,100,10875.00
2023-08-08,16,62,8580.00
2023-08-08,18,36,4890.00
2023-08-08,7,22,2410.00
2023-08-08,19,17,2355.00
2023-08-08,37,33,2145.00
2023-08-08,4,20,1330.00
2023-08-08,38,9,765.00
2023-08-08,5,8,720.00
2023-08-08,8,5,675.00
2023-08-08,6,1,140.00
2023-08-08,36,1,25.00
2023-08-07,1,1475,96820.00
2023-08-07,2,567,49235.00
2023-08-07,15,240,26275.00
2023-08-07,17,192,21160.00
2023-08-07,3,112,13280.00
2023-08-07,20,112,11960.00
2023-08-07,16,66,9210.00
2023-08-07,18,50,6870.00
2023-08-07,19,19,2565.00
2023-08-07,7,22,2460.00
2023-08-07,5,20,1760.00
2023-08-07,38,15,1275.00
2023-08-07,4,15,990.00
2023-08-07,37,15,975.00
2023-08-07,6,5,600.00
2023-08-07,39,4,460.00
2023-08-07,8,3,435.00
2023-08-07,36,10,250.00
2023-08-06,1,1693,110885.00
2023-08-06,2,540,46960.00
2023-08-06,15,261,28480.00
2023-08-06,17,221,24130.00
2023-08-06,3,120,14050.00
2023-08-06,20,129,13695.00
2023-08-06,16,51,7125.00
2023-08-06,18,46,6330.00
2023-08-06,19,27,3645.00
2023-08-06,7,17,1935.00
2023-08-06,4,22,1445.00
2023-08-06,37,21,1380.00
2023-08-06,8,6,810.00
2023-08-06,5,9,765.00
2023-08-06,38,9,765.00
2023-08-06,6,4,460.00
2023-08-06,39,2,255.00
2023-08-06,36,2,50.00
2023-08-05,1,1749,114975.00
2023-08-05,2,615,53115.00
2023-08-05,15,214,23720.00
2023-08-05,17,162,17485.00
2023-08-05,3,98,11545.00
2023-08-05,20,89,9620.00
2023-08-05,16,58,8280.00
2023-08-05,18,58,8070.00
2023-08-05,19,25,3465.00
2023-08-05,7,19,2045.00
2023-08-05,4,29,1915.00
2023-08-05,5,15,1295.00
2023-08-05,37,17,1120.00
2023-08-05,38,10,870.00
2023-08-05,6,7,855.00
2023-08-05,8,5,705.00
2023-08-05,39,3,395.00
2023-08-05,36,14,350.00
2023-08-04,1,1432,93740.00
2023-08-04,2,458,39910.00
2023-08-04,15,221,23980.00
2023-08-04,17,183,19740.00
2023-08-04,3,96,11440.00
2023-08-04,20,79,8495.00
2023-08-04,16,56,7740.00
2023-08-04,18,40,5490.00
2023-08-04,19,18,2430.00
2023-08-04,7,14,1570.00
2023-08-04,4,18,1170.00
2023-08-04,5,9,785.00
2023-08-04,8,4,570.00
2023-08-04,38,6,550.00
2023-08-04,37,8,535.00
2023-08-04,39,4,460.00
2023-08-04,6,3,345.00
2023-08-04,36,1,25.00
2023-08-03,1,1318,87005.00
2023-08-03,2,460,40080.00
2023-08-03,15,210,22725.00
2023-08-03,17,178,19040.00
2023-08-03,20,103,11040.00
2023-08-03,3,94,10935.00
2023-08-03,16,37,5085.00
2023-08-03,18,35,4785.00
2023-08-03,37,30,2025.00
2023-08-03,19,14,1920.00
2023-08-03,7,13,1490.00
2023-08-03,5,10,910.00
2023-08-03,38,7,635.00
2023-08-03,6,5,625.00
2023-08-03,8,3,405.00
2023-08-03,4,4,260.00
2023-08-03,36,5,125.00
2023-08-03,39,1,115.00
2023-08-02,1,1240,81350.00
2023-08-02,2,471,41075.00
2023-08-02,15,186,19930.00
2023-08-02,17,145,15525.00
2023-08-02,3,94,11135.00
2023-08-02,20,76,8055.00
2023-08-02,16,39,5385.00
2023-08-02,18,34,4860.00
2023-08-02,37,23,1510.00
2023-08-02,19,11,1485.00
2023-08-02,7,14,1470.00
2023-08-02,4,17,1105.00
2023-08-02,5,8,680.00
2023-08-02,38,7,595.00
2023-08-02,8,4,540.00
2023-08-02,6,1,140.00
2023-08-02,36,2,50.00
2023-08-01,1,1381,90620.00
2023-08-01,2,517,44785.00
2023-08-01,15,197,21860.00
2023-08-01,17,166,18005.00
2023-08-01,20,110,11950.00
2023-08-01,3,80,9475.00
2023-08-01,16,44,5970.00
2023-08-01,18,27,3705.00
2023-08-01,19,18,2460.00
2023-08-01,37,26,1720.00
2023-08-01,7,12,1260.00
2023-08-01,38,12,1020.00
2023-08-01,4,13,890.00
2023-08-01,39,4,460.00
2023-08-01,5,4,360.00
2023-08-01,8,2,300.00
2023-08-01,36,4,100.00
2023-07-31,1,1380,90480.00
2023-07-31,2,428,37080.00
2023-07-31,15,171,18705.00
2023-07-31,17,155,16650.00
2023-07-31,3,99,11510.00
2023-07-31,20,100,10575.00
2023-07-31,18,38,5130.00
2023-07-31,16,29,4065.00
2023-07-31,19,27,3675.00
2023-07-31,7,11,1230.00
2023-07-31,4,16,1055.00
2023-07-31,38,11,935.00
2023-07-31,37,13,860.00
2023-07-31,5,8,700.00
2023-07-31,39,6,690.00
2023-07-31,8,2,270.00
2023-07-31,6,2,230.00
2023-07-31,36,3,75.00
2023-07-30,1,1518,99705.00
2023-07-30,2,515,44415.00
2023-07-30,15,222,24560.00
2023-07-30,17,203,21815.00
2023-07-30,3,108,12795.00
2023-07-30,20,98,10515.00
2023-07-30,16,54,7710.00
2023-07-30,18,48,6660.00
2023-07-30,19,18,2490.00
2023-07-30,7,15,1600.00
2023-07-30,37,22,1445.00
2023-07-30,38,16,1380.00
2023-07-30,4,16,1040.00
2023-07-30,5,9,825.00
2023-07-30,6,5,575.00
2023-07-30,8,4,540.00
2023-07-30,39,3,345.00
2023-07-30,36,6,150.00
2023-07-29,1,1086,71160.00
2023-07-29,2,396,34720.00
2023-07-29,15,170,18225.00
2023-07-29,17,128,13715.00
2023-07-29,3,74,8660.00
2023-07-29,20,78,8340.00
2023-07-29,16,47,6465.00
2023-07-29,18,28,3840.00
2023-07-29,7,19,2070.00
2023-07-29,38,17,1465.00
2023-07-29,19,9,1245.00
2023-07-29,5,11,935.00
2023-07-29,4,10,650.00
2023-07-29,37,9,585.00
2023-07-29,8,4,570.00
2023-07-29,6,2,230.00
2023-07-29,39,2,230.00
2023-07-28,1,1284,84150.00
2023-07-28,2,406,35030.00
2023-07-28,15,169,18395.00
2023-07-28,17,153,16490.00
2023-07-28,20,98,10415.00
2023-07-28,3,77,9005.00
2023-07-28,16,50,6900.00
2023-07-28,18,31,4305.00
2023-07-28,19,20,2730.00
2023-07-28,7,12,1310.00
2023-07-28,4,14,910.00
2023-07-28,37,13,845.00
2023-07-28,5,9,785.00
2023-07-28,38,9,765.00
2023-07-28,8,4,540.00
2023-07-28,6,2,230.00
2023-07-28,39,1,140.00
2023-07-28,36,1,25.00
2023-07-27,1,1118,73615.00
2023-07-27,2,391,33735.00
2023-07-27,15,153,16615.00
2023-07-27,17,136,14555.00
2023-07-27,20,96,10255.00
2023-07-27,3,80,9350.00
2023-07-27,16,37,5235.00
2023-07-27,18,32,4410.00
2023-07-27,19,16,2250.00
2023-07-27,7,20,2200.00
2023-07-27,38,19,1675.00
2023-07-27,37,20,1315.00
2023-07-27,4,11,715.00
2023-07-27,8,5,705.00
2023-07-27,5,7,635.00
2023-07-27,6,5,600.00
2023-07-27,39,1,140.00
2023-07-27,36,2,50.00
2023-07-26,1,1021,66695.00
2023-07-26,2,345,29685.00
2023-07-26,17,160,17275.00
2023-07-26,15,143,15665.00
2023-07-26,3,67,7905.00
2023-07-26,20,55,5850.00
2023-07-26,16,42,5760.00
2023-07-26,18,30,4110.00
2023-07-26,19,15,2025.00
2023-07-26,7,13,1415.00
2023-07-26,4,13,860.00
2023-07-26,37,10,650.00
2023-07-26,5,7,595.00
2023-07-26,38,6,510.00
2023-07-26,8,3,405.00
2023-07-26,39,3,345.00
2023-07-26,6,3,345.00
2023-07-25,1,980,64180.00
2023-07-25,2,326,28170.00
2023-07-25,15,145,15850.00
2023-07-25,17,124,13395.00
2023-07-25,3,70,8350.00
2023-07-25,20,61,6430.00
2023-07-25,16,35,4815.00
2023-07-25,18,30,4200.00
2023-07-25,7,16,1705.00
2023-07-25,19,10,1350.00
2023-07-25,37,13,845.00
2023-07-25,4,9,585.00
2023-07-25,8,4,540.00
2023-07-25,5,3,255.00
2023-07-25,38,3,255.00
2023-07-25,6,1,140.00
2023-07-25,36,4,100.00
2023-07-24,1,871,57320.00
2023-07-24,2,266,22910.00
2023-07-24,15,137,14860.00
2023-07-24,17,108,11640.00
2023-07-24,3,62,7255.00
2023-07-24,20,53,5715.00
2023-07-24,16,37,5055.00
2023-07-24,18,20,2730.00
2023-07-24,37,17,1105.00
2023-07-24,19,8,1080.00
2023-07-24,39,4,485.00
2023-07-24,38,5,425.00
2023-07-24,7,4,420.00
2023-07-24,4,5,340.00
2023-07-24,8,2,300.00
2023-07-24,5,2,170.00
2023-07-24,6,1,140.00
2023-07-24,36,1,25.00
2023-07-23,1,816,53670.00
2023-07-23,2,289,24905.00
2023-07-23,15,116,12705.00
2023-07-23,17,83,8765.00
2023-07-23,3,67,7880.00
2023-07-23,20,60,6350.00
2023-07-23,16,39,5385.00
2023-07-23,18,24,3360.00
2023-07-23,19,11,1515.00
2023-07-23,7,8,915.00
2023-07-23,37,14,910.00
2023-07-23,4,10,680.00
2023-07-23,5,7,595.00
2023-07-23,8,4,540.00
2023-07-23,38,5,425.00
2023-07-23,39,3,345.00
2023-07-23,6,2,230.00
2023-07-23,36,1,25.00
2023-07-22,1,1162,76355.00
2023-07-22,2,421,36265.00
2023-07-22,17,165,17775.00
2023-07-22,15,163,17590.00
2023-07-22,3,84,9760.00
2023-07-22,20,72,7635.00
2023-07-22,16,39,5385.00
2023-07-22,18,39,5355.00
2023-07-22,19,17,2445.00
2023-07-22,37,18,1170.00
2023-07-22,7,10,1050.00
2023-07-22,5,10,850.00
2023-07-22,38,6,510.00
2023-07-22,4,7,470.00
2023-07-22,39,3,345.00
2023-07-22,6,1,140.00
2023-07-22,8,1,135.00
2023-07-22,36,2,50.00
2023-07-21,1,1062,69435.00
2023-07-21,2,366,31550.00
2023-07-21,15,155,16600.00
2023-07-21,17,122,13160.00
2023-07-21,3,76,8815.00
2023-07-21,16,39,5415.00
2023-07-21,20,51,5355.00
2023-07-21,18,36,5040.00
2023-07-21,19,20,2790.00
2023-07-21,7,8,890.00
2023-07-21,8,5,705.00
2023-07-21,4,10,665.00
2023-07-21,37,8,520.00
2023-07-21,38,5,445.00
2023-07-21,5,4,360.00
2023-07-21,6,2,230.00
2023-07-21,39,1,115.00
2023-07-21,36,1,25.00
2023-07-20,1,1128,74205.00
2023-07-20,2,369,31825.00
2023-07-20,15,169,18495.00
2023-07-20,17,118,12690.00
2023-07-20,3,80,9425.00
2023-07-20,20,53,5665.00
2023-07-20,16,34,4740.00
2023-07-20,18,23,3165.00
2023-07-20,19,13,1845.00
2023-07-20,37,24,1560.00
2023-07-20,7,11,1155.00
2023-07-20,38,11,955.00
2023-07-20,4,10,650.00
2023-07-20,5,7,615.00
2023-07-20,8,1,135.00
2023-07-20,36,1,25.00
2023-07-19,1,717,47160.00
2023-07-19,2,233,20245.00
2023-07-19,15,121,13180.00
2023-07-19,17,81,8730.00
2023-07-19,3,38,4470.00
2023-07-19,20,41,4380.00
2023-07-19,16,27,3735.00
2023-07-19,18,17,2295.00
2023-07-19,19,9,1275.00
2023-07-19,7,11,1180.00
2023-07-19,37,15,975.00
2023-07-19,5,8,700.00
2023-07-19,4,9,630.00
2023-07-19,39,4,485.00
2023-07-19,8,3,405.00
2023-07-19,38,4,340.00
2023-07-19,6,1,115.00
2023-07-19,36,1,25.00
2023-07-18,1,1312,85850.00
2023-07-18,2,441,37825.00
2023-07-18,15,165,18100.00
2023-07-18,17,137,14660.00
2023-07-18,20,96,10205.00
2023-07-18,3,84,9860.00
2023-07-18,16,42,5790.00
2023-07-18,18,33,4545.00
2023-07-18,19,20,2700.00
2023-07-18,7,15,1650.00
2023-07-18,37,17,1105.00
2023-07-18,8,6,810.00
2023-07-18,4,11,715.00
2023-07-18,38,6,510.00
2023-07-18,5,5,445.00
2023-07-18,39,3,345.00
2023-07-18,6,3,345.00
2023-07-18,36,5,125.00
2023-07-17,1,1244,81610.00
2023-07-17,2,417,35885.00
2023-07-17,15,177,19185.00
2023-07-17,17,156,16705.00
2023-07-17,3,84,9860.00
2023-07-17,20,92,9685.00
2023-07-17,16,47,6585.00
2023-07-17,18,39,5325.00
2023-07-17,19,22,3030.00
2023-07-17,7,10,1100.00
2023-07-17,4,15,975.00
2023-07-17,37,14,910.00
2023-07-17,38,8,680.00
2023-07-17,6,3,395.00
2023-07-17,8,2,270.00
2023-07-17,5,3,255.00
2023-07-17,39,2,230.00
2023-07-17,36,5,125.00
2023-07-16,1,1511,99415.00
2023-07-16,2,466,40310.00
2023-07-16,15,185,20250.00
2023-07-16,17,184,19645.00
2023-07-16,3,112,13055.00
2023-07-16,20,75,8000.00
2023-07-16,16,56,7710.00
2023-07-16,18,52,7110.00
2023-07-16,19,22,3030.00
2023-07-16,7,12,1260.00
2023-07-16,37,16,1100.00
2023-07-16,4,15,1005.00
2023-07-16,38,11,935.00
2023-07-16,5,10,890.00
2023-07-16,6,2,230.00
2023-07-16,39,1,115.00
2023-07-16,36,3,75.00
2023-07-15,1,1183,77675.00
2023-07-15,2,395,34135.00
2023-07-15,15,157,17010.00
2023-07-15,17,142,15135.00
2023-07-15,3,75,8875.00
2023-07-15,20,76,8030.00
2023-07-15,18,47,6495.00
2023-07-15,16,41,5685.00
2023-07-15,19,14,1920.00
2023-07-15,7,16,1755.00
2023-07-15,4,18,1170.00
2023-07-15,37,14,940.00
2023-07-15,38,9,785.00
2023-07-15,8,5,675.00
2023-07-15,5,7,615.00
2023-07-15,36,1,25.00
2023-07-14,1,1313,85855.00
2023-07-14,2,389,33585.00
2023-07-14,15,192,20935.00
2023-07-14,17,185,19925.00
2023-07-14,20,112,11960.00
2023-07-14,3,68,7920.00
2023-07-14,16,56,7710.00
2023-07-14,18,39,5385.00
2023-07-14,19,31,4215.00
2023-07-14,7,21,2280.00
2023-07-14,37,21,1380.00
2023-07-14,38,9,765.00
2023-07-14,5,8,680.00
2023-07-14,4,10,650.00
2023-07-14,39,4,460.00
2023-07-14,8,2,270.00
2023-07-14,36,2,50.00
2023-07-13,1,1007,65995.00
2023-07-13,2,399,34875.00
2023-07-13,15,164,17545.00
2023-07-13,17,118,12715.00
2023-07-13,3,76,8965.00
2023-07-13,20,63,6715.00
2023-07-13,16,38,5280.00
2023-07-13,18,34,4650.00
2023-07-13,19,19,2625.00
2023-07-13,7,11,1205.00
2023-07-13,37,16,1070.00
2023-07-13,5,4,360.00
2023-07-13,39,3,345.00
2023-07-13,6,3,345.00
2023-07-13,38,3,255.00
2023-07-13,4,3,195.00
2023-07-13,8,1,165.00
2023-07-13,36,2,50.00
2023-07-12,1,1109,72805.00
2023-07-12,2,364,31580.00
2023-07-12,17,169,18245.00
2023-07-12,15,138,14840.00
2023-07-12,3,78,9070.00
2023-07-12,20,77,8310.00
2023-07-12,16,51,7095.00
2023-07-12,18,34,4680.00
2023-07-12,19,12,1620.00
2023-07-12,7,12,1310.00
2023-07-12,4,18,1170.00
2023-07-12,8,6,840.00
2023-07-12,5,8,700.00
2023-07-12,37,10,680.00
2023-07-12,38,8,680.00
2023-07-12,39,3,345.00
2023-07-12,6,2,230.00
2023-07-11,1,1384,90695.00
2023-07-11,2,465,40025.00
2023-07-11,15,214,23345.00
2023-07-11,17,154,16545.00
2023-07-11,20,109,11620.00
2023-07-11,3,89,10535.00
2023-07-11,16,46,6390.00
2023-07-11,18,42,5760.00
2023-07-11,19,30,4050.00
2023-07-11,37,36,2340.00
2023-07-11,7,15,1675.00
2023-07-11,4,11,730.00
2023-07-11,6,5,600.00
2023-07-11,38,7,595.00
2023-07-11,39,4,460.00
2023-07-11,5,5,425.00
2023-07-11,8,2,270.00
2023-07-11,36,3,75.00
2023-07-10,1,1108,72635.00
2023-07-10,2,319,27595.00
2023-07-10,15,163,17740.00
2023-07-10,17,129,13645.00
2023-07-10,20,82,8635.00
2023-07-10,3,74,8560.00
2023-07-10,16,45,6255.00
2023-07-10,18,31,4215.00
2023-07-10,19,13,1785.00
2023-07-10,7,15,1675.00
2023-07-10,4,17,1105.00
2023-07-10,38,10,890.00
2023-07-10,37,13,845.00
2023-07-10,5,6,510.00
2023-07-10,6,4,485.00
2023-07-10,39,3,370.00
2023-07-10,8,1,135.00
2023-07-10,36,4,100.00
2023-07-09,1,1369,89675.00
2023-07-09,2,401,34465.00
2023-07-09,15,167,17860.00
2023-07-09,17,131,14005.00
2023-07-09,3,82,9555.00
2023-07-09,20,83,8815.00
2023-07-09,16,45,6135.00
2023-07-09,18,32,4350.00
2023-07-09,19,22,3030.00
2023-07-09,37,30,1980.00
2023-07-09,7,10,1100.00
2023-07-09,38,12,1020.00
2023-07-09,4,15,975.00
2023-07-09,5,4,360.00
2023-07-09,8,2,270.00
2023-07-09,6,1,115.00
2023-07-09,36,2,50.00
2023-07-08,1,1304,85255.00
2023-07-08,2,429,36785.00
2023-07-08,15,172,18510.00
2023-07-08,17,152,16310.00
2023-07-08,3,71,8215.00
2023-07-08,20,74,7820.00
2023-07-08,18,55,7515.00
2023-07-08,16,51,7065.00
2023-07-08,7,22,2360.00
2023-07-08,37,26,1690.00
2023-07-08,19,12,1620.00
2023-07-08,38,17,1445.00
2023-07-08,4,15,990.00
2023-07-08,5,7,595.00
2023-07-08,39,4,460.00
2023-07-08,8,2,270.00
2023-07-08,6,1,115.00
2023-07-08,36,2,50.00
2023-07-07,1,1369,89825.00
2023-07-07,2,501,43385.00
2023-07-07,15,212,22835.00
2023-07-07,17,177,19235.00
2023-07-07,20,105,11275.00
2023-07-07,3,76,8865.00
2023-07-07,16,51,7215.00
2023-07-07,18,33,4545.00
2023-07-07,19,22,3120.00
2023-07-07,7,14,1545.00
2023-07-07,4,14,955.00
2023-07-07,37,12,795.00
2023-07-07,5,9,785.00
2023-07-07,38,7,635.00
2023-07-07,8,3,405.00
2023-07-07,6,2,230.00
2023-07-07,39,1,115.00
2023-07-06,1,1064,69670.00
2023-07-06,2,358,31030.00
2023-07-06,15,144,15445.00
2023-07-06,17,135,14450.00
2023-07-06,3,71,8365.00
2023-07-06,16,47,6465.00
2023-07-06,20,52,5585.00
2023-07-06,18,36,4920.00
2023-07-06,19,22,3060.00
2023-07-06,7,24,2620.00
2023-07-06,37,22,1460.00
2023-07-06,38,9,765.00
2023-07-06,4,10,665.00
2023-07-06,5,3,255.00
2023-07-06,39,1,140.00
2023-07-06,6,1,115.00
2023-07-06,36,2,50.00
2023-07-05,1,815,53410.00
2023-07-05,2,296,25440.00
2023-07-05,15,109,11845.00
2023-07-05,17,106,11455.00
2023-07-05,3,72,8555.00
2023-07-05,20,66,7080.00
2023-07-05,16,41,5655.00
2023-07-05,18,28,3810.00
2023-07-05,19,15,2055.00
2023-07-05,7,13,1415.00
2023-07-05,4,21,1380.00
2023-07-05,37,10,650.00
2023-07-05,38,7,615.00
2023-07-05,5,5,445.00
2023-07-05,39,3,345.00
2023-07-05,8,2,270.00
2023-07-05,6,1,115.00
2023-07-04,1,986,64660.00
2023-07-04,2,344,29880.00
2023-07-04,15,159,17020.00
2023-07-04,17,109,11720.00
2023-07-04,3,70,8225.00
2023-07-04,20,75,8025.00
2023-07-04,16,35,4965.00
2023-07-04,18,32,4410.00
2023-07-04,7,13,1390.00
2023-07-04,19,10,1350.00
2023-07-04,37,15,975.00
2023-07-04,38,8,680.00
2023-07-04,4,10,665.00
2023-07-04,39,4,510.00
2023-07-04,5,6,510.00
2023-07-04,6,4,485.00
2023-07-04,8,2,270.00
2023-07-04,36,2,50.00
2023-07-03,1,750,49245.00
2023-07-03,2,246,21030.00
2023-07-03,15,109,11970.00
2023-07-03,17,93,10015.00
2023-07-03,3,48,5595.00
2023-07-03,20,46,4880.00
2023-07-03,18,25,3495.00
2023-07-03,16,23,3225.00
2023-07-03,4,17,1120.00
2023-07-03,37,16,1040.00
2023-07-03,19,7,945.00
2023-07-03,7,6,655.00
2023-07-03,8,4,630.00
2023-07-03,5,7,595.00
2023-07-03,38,3,255.00
2023-07-03,39,2,230.00
2023-07-02,1,1296,84945.00
2023-07-02,2,493,42725.00
2023-07-02,17,179,19170.00
2023-07-02,15,164,18070.00
2023-07-02,3,113,13620.00
2023-07-02,20,85,9125.00
2023-07-02,16,55,7725.00
2023-07-02,18,43,5895.00
2023-07-02,19,16,2190.00
2023-07-02,37,19,1250.00
2023-07-02,38,12,1020.00
2023-07-02,4,11,730.00
2023-07-02,7,5,550.00
2023-07-02,39,3,345.00
2023-07-02,8,2,270.00
2023-07-02,5,3,255.00
2023-07-02,6,2,230.00
2023-07-02,36,4,100.00
2023-07-01,1,1451,95170.00
2023-07-01,2,460,39700.00
2023-07-01,15,212,22760.00
2023-07-01,17,182,19710.00
2023-07-01,3,93,10795.00
2023-07-01,20,86,9180.00
2023-07-01,16,57,7815.00
2023-07-01,18,44,6000.00
2023-07-01,7,23,2465.00
2023-07-01,19,18,2460.00
2023-07-01,37,23,1510.00
2023-07-01,38,13,1105.00
2023-07-01,4,15,975.00
2023-07-01,6,5,625.00
2023-07-01,39,5,600.00
2023-07-01,5,5,445.00
2023-07-01,8,2,270.00
2023-07-01,36,4,100.00
2023-06-30,1,978,64410.00
2023-06-30,2,372,32340.00
2023-06-30,15,155,17050.00
2023-06-30,17,141,15355.00
2023-06-30,20,61,6455.00
2023-06-30,18,44,6120.00
2023-06-30,3,49,5785.00
2023-06-30,16,36,5160.00
2023-06-30,19,21,2895.00
2023-06-30,7,14,1545.00
2023-06-30,37,17,1135.00
2023-06-30,4,10,680.00
2023-06-30,8,4,570.00
2023-06-30,5,4,340.00
2023-06-30,38,3,255.00
2023-06-30,39,2,230.00
2023-06-30,6,1,115.00
2023-06-30,36,3,75.00
2023-06-29,1,1044,68580.00
2023-06-29,2,390,33530.00
2023-06-29,15,152,16485.00
2023-06-29,17,100,10675.00
2023-06-29,3,67,7880.00
2023-06-29,20,64,6845.00
2023-06-29,18,41,5715.00
2023-06-29,16,39,5535.00
2023-06-29,7,16,1680.00
2023-06-29,19,9,1245.00
2023-06-29,4,15,990.00
2023-06-29,38,8,700.00
2023-06-29,37,8,535.00
2023-06-29,8,3,405.00
2023-06-29,6,2,280.00
2023-06-29,5,3,275.00
2023-06-29,39,2,230.00
2023-06-29,36,8,200.00
2023-06-28,1,1004,65935.00
2023-06-28,2,355,30515.00
2023-06-28,15,169,18170.00
2023-06-28,17,149,15845.00
2023-06-28,3,82,9580.00
2023-06-28,20,72,7585.00
2023-06-28,18,35,4875.00
2023-06-28,16,34,4800.00
2023-06-28,5,15,1275.00
2023-06-28,7,12,1260.00
2023-06-28,19,8,1080.00
2023-06-28,37,12,795.00
2023-06-28,38,8,680.00
2023-06-28,4,10,650.00
2023-06-28,6,3,395.00
2023-06-28,8,1,135.00
2023-06-27,1,949,62240.00
2023-06-27,2,285,24605.00
2023-06-27,15,152,16485.00
2023-06-27,17,140,14950.00
2023-06-27,3,74,8860.00
2023-06-27,20,72,7760.00
2023-06-27,18,42,5790.00
2023-06-27,16,40,5610.00
2023-06-27,19,19,2565.00
2023-06-27,7,11,1155.00
2023-06-27,38,12,1020.00
2023-06-27,6,8,945.00
2023-06-27,4,13,860.00
2023-06-27,37,10,650.00
2023-06-27,5,4,360.00
2023-06-27,8,2,270.00
2023-06-26,1,848,55465.00
2023-06-26,2,315,27355.00
2023-06-26,15,126,13730.00
2023-06-26,17,104,11170.00
2023-06-26,3,54,6360.00
2023-06-26,20,59,6295.00
2023-06-26,16,42,5820.00
2023-06-26,18,33,4485.00
2023-06-26,19,15,2025.00
2023-06-26,7,12,1285.00
2023-06-26,37,13,845.00
2023-06-26,38,8,680.00
2023-06-26,4,6,390.00
2023-06-26,5,4,340.00
2023-06-26,39,2,230.00
2023-06-26,6,1,115.00
2023-06-25,1,1070,70015.00
2023-06-25,2,367,31975.00
2023-06-25,15,187,20085.00
2023-06-25,17,119,12770.00
2023-06-25,3,73,8570.00
2023-06-25,20,68,7290.00
2023-06-25,16,46,6420.00
2023-06-25,18,37,5025.00
2023-06-25,19,18,2490.00
2023-06-25,7,16,1730.00
2023-06-25,37,17,1105.00
2023-06-25,38,12,1040.00
2023-06-25,4,11,745.00
2023-06-25,5,8,680.00
2023-06-25,8,2,300.00
2023-06-25,39,2,280.00
2023-06-25,6,2,255.00
2023-06-24,1,906,59355.00
2023-06-24,2,305,26445.00
2023-06-24,15,158,17190.00
2023-06-24,17,115,12225.00
2023-06-24,20,80,8525.00
2023-06-24,3,63,7395.00
2023-06-24,16,34,4740.00
2023-06-24,18,30,4080.00
2023-06-24,19,13,1785.00
2023-06-24,7,15,1600.00
2023-06-24,37,17,1105.00
2023-06-24,6,8,995.00
2023-06-24,4,11,730.00
2023-06-24,39,6,690.00
2023-06-24,38,7,595.00
2023-06-24,5,4,340.00
2023-06-24,8,1,135.00
2023-06-23,1,1187,77500.00
2023-06-23,2,407,35055.00
2023-06-23,15,187,20685.00
2023-06-23,17,147,15985.00
2023-06-23,20,90,9675.00
2023-06-23,3,69,8060.00
2023-06-23,16,50,6840.00
2023-06-23,18,36,4890.00
2023-06-23,7,16,1705.00
2023-06-23,19,11,1545.00
2023-06-23,37,19,1340.00
2023-06-23,38,9,765.00
2023-06-23,4,10,725.00
2023-06-23,5,4,340.00
2023-06-23,6,1,140.00
2023-06-23,8,1,135.00
2023-06-23,39,1,115.00
2023-06-22,1,626,41260.00
2023-06-22,2,196,17160.00
2023-06-22,15,112,11935.00
2023-06-22,17,70,7525.00
2023-06-22,3,42,4930.00
2023-06-22,20,37,3935.00
2023-06-22,16,24,3330.00
2023-06-22,18,14,1980.00
2023-06-22,19,10,1410.00
2023-06-22,7,11,1155.00
2023-06-22,37,14,910.00
2023-06-22,4,12,810.00
2023-06-22,38,8,680.00
2023-06-22,8,4,540.00
2023-06-22,5,5,425.00
2023-06-22,6,2,230.00
2023-06-22,39,2,230.00
2023-06-21,1,1110,73140.00
2023-06-21,2,408,35340.00
2023-06-21,15,164,18520.00
2023-06-21,17,159,17070.00
2023-06-21,3,82,9630.00
2023-06-21,20,76,8180.00
2023-06-21,18,51,7005.00
2023-06-21,16,31,4365.00
2023-06-21,19,17,2325.00
2023-06-21,37,31,2060.00
2023-06-21,7,11,1180.00
2023-06-21,38,10,870.00
2023-06-21,4,11,715.00
2023-06-21,39,3,345.00
2023-06-21,8,2,270.00
2023-06-21,5,2,170.00
2023-06-20,1,1145,75160.00
2023-06-20,2,422,36530.00
2023-06-20,17,167,17985.00
2023-06-20,15,138,15165.00
2023-06-20,20,94,10145.00
2023-06-20,3,66,7715.00
2023-06-20,16,41,5775.00
2023-06-20,18,41,5595.00
2023-06-20,19,20,2700.00
2023-06-20,38,20,1720.00
2023-06-20,4,21,1410.00
2023-06-20,5,9,805.00
2023-06-20,37,12,795.00
2023-06-20,6,6,690.00
2023-06-20,7,6,630.00
2023-06-20,39,3,345.00
2023-06-19,1,1014,66525.00
2023-06-19,2,377,32505.00
2023-06-19,15,133,14315.00
2023-06-19,17,130,13925.00
2023-06-19,3,76,9040.00
2023-06-19,20,64,6870.00
2023-06-19,16,38,5490.00
2023-06-19,18,38,5340.00
2023-06-19,19,13,1755.00
2023-06-19,7,12,1285.00
2023-06-19,5,10,850.00
2023-06-19,4,13,845.00
2023-06-19,38,9,785.00
2023-06-19,37,11,715.00
2023-06-19,8,3,405.00
2023-06-19,6,2,230.00
2023-06-19,39,2,230.00
2023-06-18,1,1447,94910.00
2023-06-18,2,440,38280.00
2023-06-18,15,193,21240.00
2023-06-18,17,174,18795.00
2023-06-18,20,108,11515.00
2023-06-18,3,73,8695.00
2023-06-18,16,46,6570.00
2023-06-18,18,33,4545.00
2023-06-18,19,21,2835.00
2023-06-18,37,22,1460.00
2023-06-18,4,18,1200.00
2023-06-18,38,13,1105.00
2023-06-18,7,7,735.00
2023-06-18,5,7,595.00
2023-06-18,8,4,570.00
2023-06-18,6,4,510.00
2023-06-18,39,4,460.00
2023-06-17,1,1745,114970.00
2023-06-17,2,597,51565.00
2023-06-17,17,272,29235.00
2023-06-17,15,238,25790.00
2023-06-17,20,128,13765.00
2023-06-17,3,114,13335.00
2023-06-17,16,66,9120.00
2023-06-17,18,49,6735.00
2023-06-17,19,25,3405.00
2023-06-17,37,32,2080.00
2023-06-17,7,14,1545.00
2023-06-17,38,15,1295.00
2023-06-17,4,19,1235.00
2023-06-17,5,14,1190.00
2023-06-17,6,5,600.00
2023-06-17,8,3,405.00
2023-06-17,39,3,345.00
2023-06-16,1,1225,80300.00
2023-06-16,2,454,39350.00
2023-06-16,15,225,24200.00
2023-06-16,17,165,17625.00
2023-06-16,3,102,12030.00
2023-06-16,20,77,8085.00
2023-06-16,16,52,7200.00
2023-06-16,18,46,6300.00
2023-06-16,19,22,3030.00
2023-06-16,7,18,1915.00
2023-06-16,4,25,1640.00
2023-06-16,37,17,1120.00
2023-06-16,5,10,890.00
2023-06-16,38,9,765.00
2023-06-16,6,2,230.00
2023-06-16,8,1,135.00
2023-06-16,36,1,25.00
2023-06-15,1,1126,73880.00
2023-06-15,2,412,35620.00
2023-06-15,15,175,19075.00
2023-06-15,17,142,15335.00
2023-06-15,3,87,10305.00
2023-06-15,20,70,7500.00
2023-06-15,16,52,7170.00
2023-06-15,18,48,6660.00
2023-06-15,7,19,2095.00
2023-06-15,19,14,1920.00
2023-06-15,37,15,1020.00
2023-06-15,4,15,975.00
2023-06-15,39,6,715.00
2023-06-15,38,7,615.00
2023-06-15,5,5,425.00
2023-06-15,8,2,270.00
2023-06-15,6,2,230.00
2023-06-15,36,1,25.00
2023-06-14,1,1137,75135.00
2023-06-14,2,505,43525.00
2023-06-14,15,199,21645.00
2023-06-14,17,171,18430.00
2023-06-14,3,91,10790.00
2023-06-14,20,72,7710.00
2023-06-14,16,51,7065.00
2023-06-14,18,30,4140.00
2023-06-14,19,21,2925.00
2023-06-14,7,16,1780.00
2023-06-14,37,19,1235.00
2023-06-14,4,13,890.00
2023-06-14,38,8,680.00
2023-06-14,5,5,425.00
2023-06-14,39,3,345.00
2023-06-14,6,2,255.00
2023-06-14,8,1,165.00
2023-06-14,36,2,50.00
2023-06-13,1,1287,84525.00
2023-06-13,2,440,37900.00
2023-06-13,15,220,24175.00
2023-06-13,17,201,21455.00
2023-06-13,20,109,11770.00
2023-06-13,3,78,9070.00
2023-06-13,16,52,7290.00
2023-06-13,18,49,6705.00
2023-06-13,19,25,3405.00
2023-06-13,37,28,1850.00
2023-06-13,4,24,1605.00
2023-06-13,7,9,1020.00
2023-06-13,8,6,900.00
2023-06-13,5,10,870.00
2023-06-13,38,7,595.00
2023-06-13,6,5,575.00
2023-06-13,39,3,370.00
2023-06-13,36,5,125.00
2023-06-12,1,1445,95170.00
2023-06-12,2,500,43340.00
2023-06-12,15,214,23645.00
2023-06-12,17,166,17780.00
2023-06-12,3,94,11185.00
2023-06-12,20,75,7950.00
2023-06-12,16,50,7080.00
2023-06-12,18,50,6930.00
2023-06-12,19,23,3165.00
2023-06-12,37,34,2255.00
2023-06-12,4,26,1720.00
2023-06-12,7,11,1180.00
2023-06-12,38,10,870.00
2023-06-12,5,10,850.00
2023-06-12,39,5,575.00
2023-06-12,8,2,270.00
2023-06-12,36,6,150.00
2023-06-12,6,1,115.00
2023-06-11,1,1604,105400.00
2023-06-11,2,525,45765.00
2023-06-11,15,238,26165.00
2023-06-11,17,212,22785.00
2023-06-11,3,131,15565.00
2023-06-11,20,110,11800.00
2023-06-11,18,60,8340.00
2023-06-11,16,40,5520.00
2023-06-11,19,28,3810.00
2023-06-11,38,22,1890.00
2023-06-11,7,16,1705.00
2023-06-11,4,25,1655.00
2023-06-11,37,24,1560.00
2023-06-11,5,16,1400.00
2023-06-11,39,5,600.00
2023-06-11,8,3,435.00
2023-06-11,6,3,345.00
2023-06-11,36,7,175.00
2023-06-10,1,1574,103735.00
2023-06-10,2,621,53885.00
2023-06-10,15,278,30215.00
2023-06-10,17,180,19400.00
2023-06-10,3,119,14285.00
2023-06-10,16,67,9345.00
2023-06-10,20,84,9095.00
2023-06-10,18,58,8070.00
2023-06-10,19,20,2760.00
2023-06-10,7,21,2305.00
2023-06-10,37,24,1590.00
2023-06-10,4,18,1215.00
2023-06-10,5,11,935.00
2023-06-10,38,9,765.00
2023-06-10,39,4,460.00
2023-06-10,36,5,125.00
2023-06-09,1,1291,84620.00
2023-06-09,2,494,42650.00
2023-06-09,15,196,21405.00
2023-06-09,17,137,14860.00
2023-06-09,3,93,11045.00
2023-06-09,16,69,9825.00
2023-06-09,20,83,8865.00
2023-06-09,18,41,5715.00
2023-06-09,19,14,1890.00
2023-06-09,7,17,1835.00
2023-06-09,38,21,1805.00
2023-06-09,37,14,910.00
2023-06-09,5,9,785.00
2023-06-09,4,10,665.00
2023-06-09,6,4,485.00
2023-06-09,39,3,345.00
2023-06-09,36,4,100.00
2023-06-08,1,1408,92720.00
2023-06-08,2,510,44110.00
2023-06-08,15,216,23780.00
2023-06-08,17,180,19275.00
2023-06-08,20,115,12375.00
2023-06-08,3,99,11685.00
2023-06-08,18,48,6630.00
2023-06-08,16,47,6525.00
2023-06-08,37,31,2030.00
2023-06-08,7,19,1995.00
2023-06-08,19,12,1710.00
2023-06-08,4,18,1170.00
2023-06-08,38,13,1165.00
2023-06-08,39,6,690.00
2023-06-08,5,7,635.00
2023-06-08,6,4,460.00
2023-06-08,8,2,270.00
2023-06-08,36,6,150.00
2023-06-07,1,974,64000.00
2023-06-07,2,356,30880.00
2023-06-07,15,202,22210.00
2023-06-07,17,161,17405.00
2023-06-07,3,85,10050.00
2023-06-07,20,74,7920.00
2023-06-07,16,54,7410.00
2023-06-07,18,31,4275.00
2023-06-07,19,12,1620.00
2023-06-07,37,19,1250.00
2023-06-07,7,11,1180.00
2023-06-07,4,17,1120.00
2023-06-07,38,9,765.00
2023-06-07,5,6,510.00
2023-06-07,39,4,460.00
2023-06-07,8,3,405.00
2023-06-07,6,3,370.00
2023-06-07,36,4,100.00
2023-06-06,1,1128,74430.00
2023-06-06,2,423,36755.00
2023-06-06,15,166,18155.00
2023-06-06,17,153,16765.00
2023-06-06,20,93,9840.00
2023-06-06,3,66,7815.00
2023-06-06,16,47,6585.00
2023-06-06,18,39,5385.00
2023-06-06,7,15,1650.00
2023-06-06,19,11,1545.00
2023-06-06,4,15,1035.00
2023-06-06,37,10,650.00
2023-06-06,5,6,510.00
2023-06-06,38,4,340.00
2023-06-06,39,2,230.00
2023-06-06,8,1,135.00
2023-06-05,1,1073,70480.00
2023-06-05,2,403,34735.00
2023-06-05,15,157,17110.00
2023-06-05,17,147,15810.00
2023-06-05,3,81,9440.00
2023-06-05,20,84,8845.00
2023-06-05,16,41,5775.00
2023-06-05,18,36,4980.00
2023-06-05,19,15,2205.00
2023-06-05,37,26,1690.00
2023-06-05,7,11,1180.00
2023-06-05,38,10,850.00
2023-06-05,4,13,845.00
2023-06-05,5,8,680.00
2023-06-05,39,3,345.00
2023-06-05,6,2,255.00
2023-06-05,8,1,135.00
2023-06-05,36,3,75.00
2023-06-04,1,1233,81285.00
2023-06-04,2,371,32215.00
2023-06-04,17,178,19040.00
2023-06-04,15,155,16800.00
2023-06-04,20,87,9260.00
2023-06-04,3,77,9055.00
2023-06-04,16,45,6315.00
2023-06-04,18,36,4920.00
2023-06-04,37,34,2210.00
2023-06-04,19,14,1920.00
2023-06-04,38,11,935.00
2023-06-04,4,14,910.00
2023-06-04,5,10,850.00
2023-06-04,7,8,840.00
2023-06-04,8,4,570.00
2023-06-04,6,3,345.00
2023-06-04,39,2,230.00
2023-06-03,1,1615,106100.00
2023-06-03,2,589,51125.00
2023-06-03,15,261,28480.00
2023-06-03,17,199,21370.00
2023-06-03,3,113,13270.00
2023-06-03,20,91,9780.00
2023-06-03,16,67,9465.00
2023-06-03,18,49,6705.00
2023-06-03,7,21,2205.00
2023-06-03,19,15,2025.00
2023-06-03,5,21,1805.00
2023-06-03,4,24,1575.00
2023-06-03,37,23,1495.00
2023-06-03,8,9,1245.00
2023-06-03,38,13,1105.00
2023-06-03,6,3,345.00
2023-06-03,39,1,115.00
2023-06-03,36,2,50.00
2023-06-02,1,1360,89645.00
2023-06-02,2,428,36940.00
2023-06-02,15,220,23625.00
2023-06-02,17,207,22210.00
2023-06-02,3,91,10665.00
2023-06-02,20,93,9940.00
2023-06-02,16,59,8145.00
2023-06-02,18,43,5895.00
2023-06-02,19,20,2700.00
2023-06-02,37,31,2015.00
2023-06-02,7,12,1335.00
2023-06-02,38,13,1105.00
2023-06-02,4,16,1070.00
2023-06-02,8,4,540.00
2023-06-02,39,3,345.00
2023-06-02,5,4,340.00
2023-06-02,6,2,255.00
2023-06-02,36,2,50.00
2023-06-01,1,943,62120.00
2023-06-01,2,290,25210.00
2023-06-01,15,169,18670.00
2023-06-01,17,113,12715.00
2023-06-01,20,85,9325.00
2023-06-01,16,49,6945.00
2023-06-01,3,57,6605.00
2023-06-01,18,32,4350.00
2023-06-01,19,18,2490.00
2023-06-01,7,15,1675.00
2023-06-01,5,10,870.00
2023-06-01,6,7,805.00
2023-06-01,37,12,780.00
2023-06-01,38,9,765.00
2023-06-01,4,10,665.00
2023-06-01,8,4,600.00
2023-06-01,39,1,115.00
2023-06-01,36,1,25.00
2023-05-31,1,1135,74375.00
2023-05-31,2,376,32720.00
2023-05-31,15,171,18755.00
2023-05-31,17,136,14530.00
2023-05-31,3,74,8660.00
2023-05-31,16,54,7560.00
2023-05-31,20,66,7130.00
2023-05-31,18,41,5595.00
2023-05-31,19,18,2490.00
2023-05-31,38,17,1445.00
2023-05-31,7,12,1260.00
2023-05-31,37,19,1235.00
2023-05-31,4,6,390.00
2023-05-31,6,3,345.00
2023-05-31,5,3,255.00
2023-05-31,8,1,135.00
2023-05-31,39,1,115.00
2023-05-31,36,1,25.00
2023-05-30,1,1089,71445.00
2023-05-30,2,450,39110.00
2023-05-30,15,157,17260.00
2023-05-30,17,118,12815.00
2023-05-30,20,88,9565.00
2023-05-30,3,79,9360.00
2023-05-30,16,62,8550.00
2023-05-30,18,57,7755.00
2023-05-30,19,15,2085.00
2023-05-30,37,29,1885.00
2023-05-30,7,12,1310.00
2023-05-30,5,11,935.00
2023-05-30,4,13,860.00
2023-05-30,38,10,850.00
2023-05-30,39,4,460.00
2023-05-30,8,3,405.00
2023-05-30,6,3,370.00
2023-05-29,1,1313,86110.00
2023-05-29,2,544,47340.00
2023-05-29,15,187,20110.00
2023-05-29,17,157,16860.00
2023-05-29,3,87,10330.00
2023-05-29,16,63,8565.00
2023-05-29,20,80,8475.00
2023-05-29,18,38,5220.00
2023-05-29,19,17,2325.00
2023-05-29,5,16,1380.00
2023-05-29,4,20,1330.00
2023-05-29,38,15,1275.00
2023-05-29,37,16,1040.00
2023-05-29,7,9,970.00
2023-05-29,6,3,370.00
2023-05-29,8,2,270.00
2023-05-29,36,3,75.00
2023-05-28,1,1434,94095.00
2023-05-28,2,459,39475.00
2023-05-28,15,182,19710.00
2023-05-28,17,159,17045.00
2023-05-28,3,105,12475.00
2023-05-28,20,78,8440.00
2023-05-28,16,50,6990.00
2023-05-28,18,50,6870.00
2023-05-28,37,28,1820.00
2023-05-28,19,9,1215.00
2023-05-28,38,13,1105.00
2023-05-28,5,8,680.00
2023-05-28,4,9,600.00
2023-05-28,7,5,525.00
2023-05-28,8,3,435.00
2023-05-28,6,3,345.00
2023-05-28,39,1,115.00
2023-05-28,36,1,25.00
2023-05-27,1,1211,79030.00
2023-05-27,2,389,33385.00
2023-05-27,15,161,17505.00
2023-05-27,17,129,13795.00
2023-05-27,3,69,8135.00
2023-05-27,16,53,7425.00
2023-05-27,20,55,5825.00
2023-05-27,18,30,4110.00
2023-05-27,19,14,1950.00
2023-05-27,7,17,1935.00
2023-05-27,38,21,1785.00
2023-05-27,37,21,1365.00
2023-05-27,4,17,1105.00
2023-05-27,5,8,680.00
2023-05-27,6,5,575.00
2023-05-27,8,1,135.00
2023-05-27,39,1,115.00
2023-05-27,36,1,25.00
2023-05-26,1,1191,78645.00
2023-05-26,2,425,36845.00
2023-05-26,15,166,18180.00
2023-05-26,17,112,12210.00
2023-05-26,16,65,8985.00
2023-05-26,20,73,8040.00
2023-05-26,3,68,7945.00
2023-05-26,18,41,5595.00
2023-05-26,19,19,2625.00
2023-05-26,7,18,2015.00
2023-05-26,37,19,1235.00
2023-05-26,38,10,850.00
2023-05-26,39,5,575.00
2023-05-26,5,6,510.00
2023-05-26,4,7,485.00
2023-05-26,6,3,345.00
2023-05-26,8,2,330.00
2023-05-26,36,2,50.00
2023-05-25,1,1077,70485.00
2023-05-25,2,397,34225.00
2023-05-25,15,180,19425.00
2023-05-25,17,134,14120.00
2023-05-25,3,88,10320.00
2023-05-25,20,68,7290.00
2023-05-25,16,46,6450.00
2023-05-25,18,35,4755.00
2023-05-25,19,20,2700.00
2023-05-25,37,23,1495.00
2023-05-25,8,6,840.00
2023-05-25,38,8,680.00
2023-05-25,7,6,655.00
2023-05-25,6,3,345.00
2023-05-25,39,2,230.00
2023-05-25,4,2,130.00
2023-05-25,5,1,85.00
2023-05-24,1,1189,78170.00
2023-05-24,2,464,40200.00
2023-05-24,15,200,22250.00
2023-05-24,17,168,18090.00
2023-05-24,20,83,9165.00
2023-05-24,3,69,8185.00
2023-05-24,18,49,6765.00
2023-05-24,16,46,6630.00
2023-05-24,19,19,2565.00
2023-05-24,5,15,1355.00
2023-05-24,7,11,1155.00
2023-05-24,37,16,1040.00
2023-05-24,38,11,935.00
2023-05-24,4,11,715.00
2023-05-24,8,2,270.00
2023-05-23,1,1119,73620.00
2023-05-23,2,450,38950.00
2023-05-23,15,205,22250.00
2023-05-23,17,132,14360.00
2023-05-23,3,97,11580.00
2023-05-23,20,67,7310.00
2023-05-23,16,41,5805.00
2023-05-23,18,35,4815.00
2023-05-23,19,15,2085.00
2023-05-23,38,23,1955.00
2023-05-23,7,10,1075.00
2023-05-23,4,16,1070.00
2023-05-23,37,12,780.00
2023-05-23,5,8,760.00
2023-05-23,6,5,575.00
2023-05-23,8,3,405.00
2023-05-23,39,3,345.00
2023-05-22,1,1091,71875.00
2023-05-22,2,440,37940.00
2023-05-22,15,142,15535.00
2023-05-22,17,136,14880.00
2023-05-22,3,77,9105.00
2023-05-22,20,67,7335.00
2023-05-22,16,44,6270.00
2023-05-22,18,40,5490.00
2023-05-22,19,16,2160.00
2023-05-22,38,13,1105.00
2023-05-22,37,15,975.00
2023-05-22,7,6,630.00
2023-05-22,5,7,595.00
2023-05-22,8,2,300.00
2023-05-22,4,4,275.00
2023-05-22,6,2,230.00
2023-05-21,1,1077,71070.00
2023-05-21,2,361,31445.00
2023-05-21,15,139,15120.00
2023-05-21,17,130,14050.00
2023-05-21,3,79,9360.00
2023-05-21,20,74,8070.00
2023-05-21,18,54,7290.00
2023-05-21,16,48,6780.00
2023-05-21,19,17,2445.00
2023-05-21,7,13,1415.00
2023-05-21,37,15,975.00
2023-05-21,6,5,600.00
2023-05-21,38,7,595.00
2023-05-21,8,3,405.00
2023-05-21,4,4,260.00
2023-05-21,39,1,115.00
2023-05-21,5,1,85.00
2023-05-20,1,1322,86830.00
2023-05-20,2,444,38380.00
2023-05-20,15,202,21785.00
2023-05-20,17,194,21045.00
2023-05-20,20,106,11355.00
2023-05-20,3,90,10700.00
2023-05-20,16,51,7305.00
2023-05-20,18,35,4815.00
2023-05-20,19,31,4275.00
2023-05-20,7,19,2045.00
2023-05-20,37,18,1170.00
2023-05-20,38,13,1105.00
2023-05-20,39,4,460.00
2023-05-20,8,3,435.00
2023-05-20,4,6,405.00
2023-05-20,5,4,340.00
2023-05-20,6,1,115.00
2023-05-19,1,1002,65610.00
2023-05-19,2,425,36785.00
2023-05-19,15,155,17150.00
2023-05-19,17,147,15735.00
2023-05-19,3,82,9655.00
2023-05-19,20,88,9515.00
2023-05-19,18,49,6735.00
2023-05-19,16,42,5820.00
2023-05-19,19,20,2760.00
2023-05-19,37,24,1560.00
2023-05-19,38,14,1190.00
2023-05-19,4,11,745.00
2023-05-19,7,5,525.00
2023-05-19,5,5,445.00
2023-05-19,8,2,300.00
2023-05-19,6,1,140.00
2023-05-18,1,1035,67875.00
2023-05-18,2,445,38565.00
2023-05-18,15,205,22500.00
2023-05-18,17,193,20865.00
2023-05-18,3,91,10640.00
2023-05-18,20,74,8070.00
2023-05-18,16,45,6285.00
2023-05-18,18,29,3915.00
2023-05-18,19,14,2040.00
2023-05-18,7,12,1360.00
2023-05-18,37,18,1170.00
2023-05-18,4,14,910.00
2023-05-18,38,6,510.00
2023-05-18,6,4,460.00
2023-05-18,5,4,360.00
2023-05-18,39,3,345.00
2023-05-18,8,1,135.00
2023-05-17,1,1125,73995.00
2023-05-17,2,420,36200.00
2023-05-17,15,181,19805.00
2023-05-17,17,137,15060.00
2023-05-17,3,89,10510.00
2023-05-17,20,68,7390.00
2023-05-17,16,42,5760.00
2023-05-17,18,38,5190.00
2023-05-17,19,20,2790.00
2023-05-17,37,23,1495.00
2023-05-17,7,13,1415.00
2023-05-17,5,9,825.00
2023-05-17,38,9,765.00
2023-05-17,4,10,650.00
2023-05-17,8,2,270.00
2023-05-17,6,2,230.00
2023-05-17,39,1,115.00
2023-05-16,1,1066,70415.00
2023-05-16,2,439,37935.00
2023-05-16,15,199,22095.00
2023-05-16,17,154,16570.00
2023-05-16,3,88,10395.00
2023-05-16,20,90,9650.00
2023-05-16,16,56,7740.00
2023-05-16,18,36,4920.00
2023-05-16,19,20,2730.00
2023-05-16,37,30,1950.00
2023-05-16,7,15,1675.00
2023-05-16,38,15,1275.00
2023-05-16,4,9,615.00
2023-05-16,39,3,345.00
2023-05-16,5,3,255.00
2023-05-16,6,2,230.00
2023-05-16,8,1,135.00
2023-05-15,1,998,65815.00
2023-05-15,2,359,31035.00
2023-05-15,15,157,17210.00
2023-05-15,17,115,12175.00
2023-05-15,3,73,8420.00
2023-05-15,20,72,7710.00
2023-05-15,16,44,6360.00
2023-05-15,18,42,5700.00
2023-05-15,19,23,3195.00
2023-05-15,37,19,1235.00
2023-05-15,38,12,1020.00
2023-05-15,7,9,995.00
2023-05-15,4,10,650.00
2023-05-15,8,4,540.00
2023-05-15,5,5,425.00
2023-05-15,39,3,345.00
2023-05-15,6,1,115.00
2023-05-14,1,1488,97680.00
2023-05-14,2,515,44875.00
2023-05-14,17,189,20295.00
2023-05-14,15,182,20185.00
2023-05-14,3,110,12950.00
2023-05-14,20,115,12350.00
2023-05-14,18,54,7530.00
2023-05-14,16,48,6810.00
2023-05-14,19,17,2325.00
2023-05-14,7,20,2150.00
2023-05-14,37,33,2145.00
2023-05-14,38,16,1360.00
2023-05-14,4,18,1200.00
2023-05-14,5,13,1165.00
2023-05-14,8,5,735.00
2023-05-14,39,5,575.00
2023-05-14,6,2,230.00
2023-05-13,1,1405,92615.00
2023-05-13,2,546,47610.00
2023-05-13,15,200,21675.00
2023-05-13,17,182,19310.00
2023-05-13,3,97,11380.00
2023-05-13,20,100,10850.00
2023-05-13,16,66,9270.00
2023-05-13,18,54,7440.00
2023-05-13,37,31,2015.00
2023-05-13,19,14,1890.00
2023-05-13,7,15,1725.00
2023-05-13,4,22,1475.00
2023-05-13,38,11,935.00
2023-05-13,8,4,600.00
2023-05-13,5,7,595.00
2023-05-13,6,4,510.00
2023-05-13,39,3,345.00
2023-05-12,1,1111,73025.00
2023-05-12,2,453,39625.00
2023-05-12,15,174,19320.00
2023-05-12,17,139,14920.00
2023-05-12,3,79,9435.00
2023-05-12,16,64,8970.00
2023-05-12,20,72,7760.00
2023-05-12,18,39,5385.00
2023-05-12,4,22,1445.00
2023-05-12,7,12,1385.00
2023-05-12,19,9,1245.00
2023-05-12,5,11,1015.00
2023-05-12,37,14,910.00
2023-05-12,38,9,765.00
2023-05-12,8,4,600.00
2023-05-12,6,3,345.00
2023-05-12,39,1,115.00
2023-05-11,1,884,58165.00
2023-05-11,2,363,31355.00
2023-05-11,15,139,15195.00
2023-05-11,17,110,11775.00
2023-05-11,20,65,6975.00
2023-05-11,3,56,6640.00
2023-05-11,16,40,5610.00
2023-05-11,18,33,4515.00
2023-05-11,19,12,1680.00
2023-05-11,37,24,1560.00
2023-05-11,5,14,1230.00
2023-05-11,38,9,765.00
2023-05-11,4,11,730.00
2023-05-11,7,6,680.00
2023-05-11,39,4,460.00
2023-05-11,36,1,25.00
2023-05-10,1,1217,79825.00
2023-05-10,2,480,42060.00
2023-05-10,15,174,19245.00
2023-05-10,17,147,16160.00
2023-05-10,20,102,11060.00
2023-05-10,3,89,10360.00
2023-05-10,16,54,7440.00
2023-05-10,18,36,5010.00
2023-05-10,37,28,1820.00
2023-05-10,7,11,1305.00
2023-05-10,19,9,1215.00
2023-05-10,4,17,1150.00
2023-05-10,8,7,975.00
2023-05-10,39,5,600.00
2023-05-10,38,6,530.00
2023-05-10,6,4,485.00
2023-05-10,5,3,255.00
2023-05-10,36,1,25.00
2023-05-09,1,1050,69480.00
2023-05-09,2,425,36905.00
2023-05-09,15,168,18640.00
2023-05-09,17,158,16965.00
2023-05-09,3,79,9285.00
2023-05-09,20,71,7630.00
2023-05-09,16,44,6330.00
2023-05-09,18,36,5010.00
2023-05-09,19,10,1380.00
2023-05-09,38,10,850.00
2023-05-09,7,6,630.00
2023-05-09,37,8,520.00
2023-05-09,5,6,510.00
2023-05-09,4,5,355.00
2023-05-09,39,2,230.00
2023-05-09,6,2,230.00
2023-05-09,8,1,135.00
2023-05-09,36,3,75.00
2023-05-08,1,947,62290.00
2023-05-08,2,346,30130.00
2023-05-08,17,145,15750.00
2023-05-08,15,115,12450.00
2023-05-08,3,79,9360.00
2023-05-08,16,48,6840.00
2023-05-08,20,61,6530.00
2023-05-08,18,35,4935.00
2023-05-08,19,18,2460.00
2023-05-08,37,20,1300.00
2023-05-08,4,14,940.00
2023-05-08,7,8,890.00
2023-05-08,38,10,850.00
2023-05-08,5,8,800.00
2023-05-08,6,4,510.00
2023-05-08,39,4,460.00
2023-05-08,8,2,330.00
2023-05-07,1,1308,86100.00
2023-05-07,2,474,41370.00
2023-05-07,15,262,29135.00
2023-05-07,17,229,24820.00
2023-05-07,3,113,13420.00
2023-05-07,20,93,9990.00
2023-05-07,18,65,8895.00
2023-05-07,16,49,6915.00
2023-05-07,19,16,2250.00
2023-05-07,38,13,1105.00
2023-05-07,37,17,1105.00
2023-05-07,7,9,995.00
2023-05-07,4,12,780.00
2023-05-07,8,4,540.00
2023-05-07,5,6,530.00
2023-05-07,6,4,510.00
2023-05-07,39,2,230.00
2023-05-06,1,1254,82230.00
2023-05-06,2,441,38065.00
2023-05-06,15,222,24585.00
2023-05-06,17,221,23780.00
2023-05-06,20,110,11700.00
2023-05-06,16,77,10905.00
2023-05-06,3,71,8390.00
2023-05-06,18,43,5865.00
2023-05-06,37,33,2145.00
2023-05-06,19,15,2085.00
2023-05-06,38,18,1530.00
2023-05-06,7,12,1360.00
2023-05-06,4,11,790.00
2023-05-06,5,5,425.00
2023-05-06,6,2,255.00
2023-05-06,39,2,230.00
2023-05-06,8,1,165.00
2023-05-06,36,4,100.00
2023-05-05,1,1071,70305.00
2023-05-05,2,359,31475.00
2023-05-05,15,175,19125.00
2023-05-05,17,137,14810.00
2023-05-05,16,61,8535.00
2023-05-05,3,71,8265.00
2023-05-05,20,65,7050.00
2023-05-05,18,27,3645.00
2023-05-05,19,16,2190.00
2023-05-05,37,24,1560.00
2023-05-05,7,7,785.00
2023-05-05,5,9,765.00
2023-05-05,38,9,765.00
2023-05-05,4,9,615.00
2023-05-05,6,1,140.00
2023-05-05,39,1,115.00
2023-05-05,36,2,50.00
2023-05-04,1,790,52010.00
2023-05-04,2,252,22120.00
2023-05-04,15,140,15275.00
2023-05-04,17,108,11815.00
2023-05-04,3,50,5850.00
2023-05-04,20,51,5555.00
2023-05-04,16,34,4770.00
2023-05-04,18,28,3870.00
2023-05-04,19,9,1245.00
2023-05-04,4,15,1020.00
2023-05-04,7,6,655.00
2023-05-04,37,8,520.00
2023-05-04,38,6,510.00
2023-05-04,5,3,255.00
2023-05-04,39,2,230.00
2023-05-04,36,1,25.00
2023-05-03,1,515,34015.00
2023-05-03,2,190,16870.00
2023-05-03,15,87,9635.00
2023-05-03,17,71,7655.00
2023-05-03,3,45,5325.00
2023-05-03,16,28,3930.00
2023-05-03,20,33,3515.00
2023-05-03,18,15,2055.00
2023-05-03,19,11,1515.00
2023-05-03,37,16,1040.00
2023-05-03,7,6,630.00
2023-05-03,4,8,565.00
2023-05-03,5,5,485.00
2023-05-03,39,3,345.00
2023-05-03,38,3,255.00
2023-05-03,6,1,140.00
2023-05-03,36,1,25.00
2023-05-02,1,475,31145.00
2023-05-02,2,212,18240.00
2023-05-02,17,85,9175.00
2023-05-02,15,68,7340.00
2023-05-02,20,39,4195.00
2023-05-02,3,29,3535.00
2023-05-02,16,20,2730.00
2023-05-02,18,16,2190.00
2023-05-02,19,12,1650.00
2023-05-02,37,12,780.00
2023-05-02,38,7,595.00
2023-05-02,7,5,575.00
2023-05-02,8,2,330.00
2023-05-02,4,4,260.00
2023-05-02,5,2,170.00
2023-05-02,36,3,75.00
2023-05-01,1,1120,73895.00
2023-05-01,2,386,33550.00
2023-05-01,15,149,16520.00
2023-05-01,17,132,14285.00
2023-05-01,3,92,10855.00
2023-05-01,20,85,9300.00
2023-05-01,18,48,6690.00
2023-05-01,16,37,5235.00
2023-05-01,19,20,2790.00
2023-05-01,37,36,2340.00
2023-05-01,7,11,1255.00
2023-05-01,38,11,935.00
2023-05-01,5,9,765.00
2023-05-01,4,7,455.00
2023-05-01,6,1,140.00
2023-05-01,8,1,135.00
2023-05-01,39,1,115.00
2023-05-01,36,1,25.00
2023-04-30,1,712,46625.00
2023-04-30,2,282,24570.00
2023-04-30,15,100,10725.00
2023-04-30,17,75,8250.00
2023-04-30,3,69,8110.00
2023-04-30,16,37,5295.00
2023-04-30,20,45,4850.00
2023-04-30,18,12,1620.00
2023-04-30,38,12,1020.00
2023-04-30,19,5,735.00
2023-04-30,5,5,425.00
2023-04-30,7,3,340.00
2023-04-30,37,4,260.00
2023-04-30,4,3,210.00
2023-04-30,8,1,165.00
2023-04-30,39,1,115.00
2023-04-30,6,1,115.00
2023-04-30,36,1,25.00
2023-04-29,1,750,49320.00
2023-04-29,2,304,26320.00
2023-04-29,15,126,13580.00
2023-04-29,17,95,10200.00
2023-04-29,20,73,7740.00
2023-04-29,3,58,6870.00
2023-04-29,18,37,5055.00
2023-04-29,16,32,4530.00
2023-04-29,19,15,2085.00
2023-04-29,7,10,1200.00
2023-04-29,37,17,1105.00
2023-04-29,4,16,1040.00
2023-04-29,5,7,595.00
2023-04-29,38,6,510.00
2023-04-29,39,4,460.00
2023-04-29,8,2,300.00
2023-04-29,6,1,115.00
2023-04-29,36,3,75.00
2023-04-28,1,1005,66015.00
2023-04-28,2,387,33635.00
2023-04-28,15,179,19795.00
2023-04-28,17,146,15655.00
2023-04-28,3,97,11505.00
2023-04-28,20,78,8340.00
2023-04-28,16,39,5595.00
2023-04-28,18,37,5025.00
2023-04-28,19,16,2190.00
2023-04-28,37,29,1885.00
2023-04-28,38,17,1445.00
2023-04-28,4,14,925.00
2023-04-28,7,6,705.00
2023-04-28,8,4,570.00
2023-04-28,5,6,530.00
2023-04-28,39,2,230.00
2023-04-28,6,1,115.00
2023-04-27,1,819,53820.00
2023-04-27,2,278,24370.00
2023-04-27,15,133,14465.00
2023-04-27,17,103,11090.00
2023-04-27,20,62,6610.00
2023-04-27,3,48,5695.00
2023-04-27,18,32,4380.00
2023-04-27,16,31,4305.00
2023-04-27,19,14,1920.00
2023-04-27,4,10,680.00
2023-04-27,37,9,585.00
2023-04-27,5,4,340.00
2023-04-27,8,2,270.00
2023-04-27,38,3,255.00
2023-04-27,6,2,230.00
2023-04-27,7,2,210.00
2023-04-27,36,3,75.00
2023-04-26,1,919,60500.00
2023-04-26,2,390,33610.00
2023-04-26,17,174,18745.00
2023-04-26,15,154,16695.00
2023-04-26,3,76,8890.00
2023-04-26,20,75,8050.00
2023-04-26,16,45,6225.00
2023-04-26,18,42,5760.00
2023-04-26,19,16,2250.00
2023-04-26,4,20,1360.00
2023-04-26,37,17,1105.00
2023-04-26,38,8,680.00
2023-04-26,7,6,630.00
2023-04-26,8,4,540.00
2023-04-26,5,5,425.00
2023-04-26,6,1,115.00
2023-04-25,1,753,49650.00
2023-04-25,2,318,27310.00
2023-04-25,15,153,16540.00
2023-04-25,17,103,11040.00
2023-04-25,20,66,7055.00
2023-04-25,3,41,4815.00
2023-04-25,16,32,4470.00
2023-04-25,18,28,3780.00
2023-04-25,19,20,2790.00
2023-04-25,5,16,1400.00
2023-04-25,37,13,845.00
2023-04-25,7,6,655.00
2023-04-25,4,8,550.00
2023-04-25,38,6,510.00
2023-04-25,8,1,135.00
2023-04-25,6,1,115.00
2023-04-25,39,1,115.00
2023-04-25,36,2,50.00
2023-04-24,1,947,62530.00
2023-04-24,2,336,29020.00
2023-04-24,15,164,17820.00
2023-04-24,17,157,16835.00
2023-04-24,3,62,7280.00
2023-04-24,20,66,7055.00
2023-04-24,16,32,4440.00
2023-04-24,18,26,3600.00
2023-04-24,19,18,2430.00
2023-04-24,7,10,1150.00
2023-04-24,5,5,425.00
2023-04-24,8,3,405.00
2023-04-24,4,4,260.00
2023-04-24,6,1,115.00
2023-04-23,1,1059,69960.00
2023-04-23,2,418,36510.00
2023-04-23,15,176,19155.00
2023-04-23,17,162,17635.00
2023-04-23,3,96,11515.00
2023-04-23,20,72,7835.00
2023-04-23,18,53,7395.00
2023-04-23,16,46,6600.00
2023-04-23,19,20,2730.00
2023-04-23,7,11,1230.00
2023-04-23,4,9,660.00
2023-04-23,5,6,570.00
2023-04-23,6,4,510.00
2023-04-23,8,3,405.00
2023-04-22,1,1175,79150.00
2023-04-22,2,536,47320.00
2023-04-22,15,276,30580.00
2023-04-22,17,202,21885.00
2023-04-22,20,124,13420.00
2023-04-22,3,108,13120.00
2023-04-22,16,77,11265.00
2023-04-22,18,67,9405.00
2023-04-22,19,26,3540.00
2023-04-22,7,19,2245.00
2023-04-22,4,20,1420.00
2023-04-22,8,3,405.00
2023-04-22,5,3,275.00
2023-04-22,6,1,140.00
2023-04-22,36,2,50.00
2023-04-21,1,1003,66320.00
2023-04-21,2,409,35605.00
2023-04-21,15,221,24155.00
2023-04-21,17,176,19030.00
2023-04-21,20,97,10410.00
2023-04-21,3,69,8235.00
2023-04-21,16,54,7560.00
2023-04-21,18,40,5490.00
2023-04-21,19,15,2145.00
2023-04-21,7,11,1330.00
2023-04-21,4,16,1055.00
2023-04-21,5,10,850.00
2023-04-21,6,1,115.00
2023-04-21,36,2,50.00
2023-04-20,1,726,47955.00
2023-04-20,2,277,24365.00
2023-04-20,15,139,15245.00
2023-04-20,17,125,13350.00
2023-04-20,20,56,6030.00
2023-04-20,3,43,5120.00
2023-04-20,16,33,4755.00
2023-04-20,18,34,4620.00
2023-04-20,19,9,1305.00
2023-04-20,7,8,990.00
2023-04-20,4,9,600.00
2023-04-20,8,3,405.00
2023-04-20,5,4,340.00
2023-04-20,6,2,230.00
2023-04-20,36,1,25.00
2023-04-19,1,769,51260.00
2023-04-19,2,316,27720.00
2023-04-19,15,171,19105.00
2023-04-19,17,116,12630.00
2023-04-19,3,88,10570.00
2023-04-19,20,56,6005.00
2023-04-19,16,43,5985.00
2023-04-19,18,35,4905.00
2023-04-19,19,17,2385.00
2023-04-19,7,7,810.00
2023-04-19,6,4,460.00
2023-04-19,4,6,435.00
2023-04-19,8,3,405.00
2023-04-19,5,4,340.00
2023-04-19,36,1,25.00
2023-04-18,1,664,43820.00
2023-04-18,2,271,23735.00
2023-04-18,15,109,12045.00
2023-04-18,17,94,10220.00
2023-04-18,3,40,4775.00
2023-04-18,20,43,4640.00
2023-04-18,16,29,4185.00
2023-04-18,18,19,2625.00
2023-04-18,19,11,1545.00
2023-04-18,5,5,425.00
2023-04-18,4,5,325.00
2023-04-18,6,1,115.00
2023-04-18,7,1,105.00
2023-04-18,36,1,25.00
2023-04-17,1,662,43870.00
2023-04-17,2,235,20635.00
2023-04-17,15,115,12700.00
2023-04-17,17,92,10160.00
2023-04-17,3,56,6690.00
2023-04-17,16,42,5910.00
2023-04-17,20,51,5455.00
2023-04-17,18,26,3690.00
2023-04-17,19,5,705.00
2023-04-17,4,6,405.00
2023-04-17,7,3,365.00
2023-04-17,5,3,255.00
2023-04-17,6,2,230.00
2023-04-17,36,2,50.00
2023-04-16,1,898,59435.00
2023-04-16,2,363,31615.00
2023-04-16,15,176,19480.00
2023-04-16,17,132,14710.00
2023-04-16,20,74,7970.00
2023-04-16,3,65,7875.00
2023-04-16,16,46,6420.00
2023-04-16,18,43,5925.00
2023-04-16,19,17,2475.00
2023-04-16,7,10,1200.00
2023-04-16,4,12,795.00
2023-04-16,5,9,785.00
2023-04-16,8,2,300.00
2023-04-16,6,1,115.00
2023-04-15,1,901,59780.00
2023-04-15,2,346,30370.00
2023-04-15,17,165,18000.00
2023-04-15,15,157,17160.00
2023-04-15,3,66,7965.00
2023-04-15,20,70,7550.00
2023-04-15,18,42,5760.00
2023-04-15,16,32,4440.00
2023-04-15,19,20,2700.00
2023-04-15,5,17,1525.00
2023-04-15,7,9,1020.00
2023-04-15,4,12,780.00
2023-04-15,6,2,230.00
2023-04-15,36,4,100.00
2023-04-14,1,830,55255.00
2023-04-14,2,263,22855.00
2023-04-14,15,157,17460.00
2023-04-14,17,124,13395.00
2023-04-14,3,48,5745.00
2023-04-14,20,43,4690.00
2023-04-14,16,31,4515.00
2023-04-14,18,23,3165.00
2023-04-14,19,15,2085.00
2023-04-14,4,12,780.00
2023-04-14,7,4,420.00
2023-04-14,6,3,370.00
2023-04-14,8,1,135.00
2023-04-14,5,1,105.00
2023-04-14,36,2,50.00
2023-04-13,1,379,25100.00
2023-04-13,2,164,14160.00
2023-04-13,15,83,8915.00
2023-04-13,17,57,6085.00
2023-04-13,20,33,3590.00
2023-04-13,3,25,3075.00
2023-04-13,18,15,2025.00
2023-04-13,16,13,1875.00
2023-04-13,19,9,1245.00
2023-04-13,7,5,525.00
2023-04-13,4,8,520.00
2023-04-13,5,6,510.00
2023-04-13,8,1,135.00
2023-04-13,6,1,115.00
2023-04-12,1,315,20790.00
2023-04-12,2,135,11675.00
2023-04-12,17,77,8460.00
2023-04-12,15,71,7755.00
2023-04-12,20,42,4510.00
2023-04-12,18,16,2220.00
2023-04-12,16,13,1845.00
2023-04-12,3,15,1725.00
2023-04-12,19,5,735.00
2023-04-12,7,4,420.00
2023-04-12,4,5,340.00
2023-04-12,6,1,115.00
2023-04-12,5,1,85.00
2023-04-12,36,1,25.00
2023-04-11,1,303,19815.00
2023-04-11,2,104,9140.00
2023-04-11,15,58,6415.00
2023-04-11,17,50,5375.00
2023-04-11,3,19,2210.00
2023-04-11,18,13,1905.00
2023-04-11,16,11,1605.00
2023-04-11,20,15,1600.00
2023-04-11,19,5,675.00
2023-04-11,4,6,390.00
2023-04-11,8,2,270.00
2023-04-11,7,2,210.00
2023-04-11,6,1,140.00
2023-04-10,1,357,23385.00
2023-04-10,2,170,14650.00
2023-04-10,15,75,8175.00
2023-04-10,17,64,6945.00
2023-04-10,3,25,3100.00
2023-04-10,20,25,2625.00
2023-04-10,18,18,2580.00
2023-04-10,16,16,2190.00
2023-04-10,19,5,675.00
2023-04-10,7,5,600.00
2023-04-10,4,8,535.00
2023-04-10,5,4,360.00
2023-04-10,8,1,135.00
2023-04-10,36,1,25.00
2023-04-09,1,310,20585.00
2023-04-09,2,129,11185.00
2023-04-09,15,74,8070.00
2023-04-09,17,51,5655.00
2023-04-09,20,33,3615.00
2023-04-09,16,19,2625.00
2023-04-09,3,22,2605.00
2023-04-09,18,14,1980.00
2023-04-09,19,10,1410.00
2023-04-09,4,7,455.00
2023-04-09,7,4,445.00
2023-04-09,8,2,270.00
2023-04-09,5,2,170.00
2023-04-08,1,276,18240.00
2023-04-08,2,74,6410.00
2023-04-08,15,46,4980.00
2023-04-08,17,44,4695.00
2023-04-08,20,25,2850.00
2023-04-08,3,24,2835.00
2023-04-08,16,18,2610.00
2023-04-08,18,16,2280.00
2023-04-08,5,2,190.00
2023-04-08,7,1,105.00
2023-04-05,1,537,35295.00
2023-04-05,2,215,18775.00
2023-04-05,15,127,13735.00
2023-04-05,17,102,10910.00
2023-04-05,20,63,6790.00
2023-04-05,3,42,4830.00
2023-04-05,16,30,4170.00
2023-04-05,18,14,1920.00
2023-04-05,19,12,1620.00
2023-04-05,7,7,785.00
2023-04-05,5,4,360.00
2023-04-05,6,2,255.00
2023-04-05,4,3,195.00
2023-04-04,1,371,24370.00
2023-04-04,2,165,14325.00
2023-04-04,15,68,7315.00
2023-04-04,17,51,5455.00
2023-04-04,20,27,2910.00
2023-04-04,3,23,2820.00
2023-04-04,16,17,2355.00
2023-04-04,19,8,1080.00
2023-04-04,18,6,810.00
2023-04-04,7,2,235.00
2023-04-04,4,3,195.00
2023-04-04,5,2,170.00
2023-04-04,6,1,115.00
2023-04-04,36,1,25.00
2023-04-03,1,354,23250.00
2023-04-03,2,178,15550.00
2023-04-03,17,72,7710.00
2023-04-03,15,60,6500.00
2023-04-03,16,26,3660.00
2023-04-03,20,32,3385.00
2023-04-03,3,24,2860.00
2023-04-03,18,16,2310.00
2023-04-03,19,10,1410.00
2023-04-03,7,6,655.00
2023-04-03,5,2,170.00
2023-04-03,8,1,165.00
2023-04-03,4,2,130.00
2023-04-03,6,1,115.00
2023-04-02,1,534,35220.00
2023-04-02,2,184,15920.00
2023-04-02,15,123,13115.00
2023-04-02,17,81,8830.00
2023-04-02,3,47,5630.00
2023-04-02,20,48,5090.00
2023-04-02,16,33,4695.00
2023-04-02,19,22,2970.00
2023-04-02,18,21,2835.00
2023-04-02,7,10,1150.00
2023-04-02,4,17,1150.00
2023-04-02,5,8,680.00
2023-04-02,36,2,50.00
2023-04-01,1,408,26940.00
2023-04-01,2,177,15265.00
2023-04-01,15,84,9070.00
2023-04-01,17,68,7290.00
2023-04-01,20,42,4535.00
2023-04-01,16,27,3855.00
2023-04-01,3,33,3845.00
2023-04-01,18,13,1815.00
2023-04-01,4,6,390.00
2023-04-01,19,2,270.00
2023-04-01,6,2,255.00
2023-04-01,5,3,255.00
2023-04-01,8,1,135.00
2023-04-01,7,1,105.00
2023-04-01,36,1,25.00
2023-03-31,1,317,21055.00
2023-03-31,2,123,10695.00
2023-03-31,15,77,8585.00
2023-03-31,17,58,6340.00
2023-03-31,16,23,3405.00
2023-03-31,20,29,3270.00
2023-03-31,3,21,2440.00
2023-03-31,18,12,1650.00
2023-03-31,5,6,510.00
2023-03-31,7,3,365.00
2023-03-31,19,2,330.00
2023-03-31,4,3,210.00
2023-03-31,8,1,135.00
2023-03-30,1,316,20975.00
2023-03-30,2,170,14810.00
2023-03-30,15,115,12975.00
2023-03-30,17,69,7545.00
2023-03-30,20,42,4535.00
2023-03-30,3,27,3230.00
2023-03-30,16,22,3210.00
2023-03-30,18,16,2280.00
2023-03-30,4,15,975.00
2023-03-30,19,7,975.00
2023-03-30,7,5,525.00
2023-03-30,6,3,345.00
2023-03-30,8,1,135.00
2023-03-30,5,1,85.00
2023-03-29,1,254,16795.00
2023-03-29,2,103,8855.00
2023-03-29,15,67,7485.00
2023-03-29,17,38,4115.00
2023-03-29,20,21,2280.00
2023-03-29,16,16,2190.00
2023-03-29,3,13,1545.00
2023-03-29,18,10,1350.00
2023-03-29,19,3,435.00
2023-03-29,4,5,355.00
2023-03-29,5,2,170.00
2023-03-29,8,1,165.00
2023-03-29,7,1,130.00
2023-03-28,1,286,18815.00
2023-03-28,2,146,12550.00
2023-03-28,15,78,8615.00
2023-03-28,17,61,6580.00
2023-03-28,20,31,3255.00
2023-03-28,16,15,2085.00
2023-03-28,3,16,1840.00
2023-03-28,18,13,1785.00
2023-03-28,5,7,615.00
2023-03-28,19,4,540.00
2023-03-28,7,4,445.00
2023-03-28,4,4,275.00
2023-03-28,8,1,135.00
2023-03-28,36,5,125.00
2023-03-28,6,1,115.00
2023-03-27,1,254,16780.00
2023-03-27,2,89,7745.00
2023-03-27,15,63,6890.00
2023-03-27,17,42,4535.00
2023-03-27,16,25,3555.00
2023-03-27,3,23,2670.00
2023-03-27,20,24,2595.00
2023-03-27,18,10,1350.00
2023-03-27,19,7,975.00
2023-03-27,4,11,715.00
2023-03-27,8,1,135.00
2023-03-27,6,1,115.00
2023-03-27,7,1,105.00
2023-03-27,5,1,85.00
2023-03-26,1,190,12485.00
2023-03-26,2,70,5970.00
2023-03-26,15,44,4820.00
2023-03-26,20,32,3535.00
2023-03-26,17,28,2990.00
2023-03-26,3,20,2300.00
2023-03-26,16,11,1515.00
2023-03-26,18,10,1350.00
2023-03-26,19,2,270.00
2023-03-26,5,3,255.00
2023-03-26,6,1,115.00
2023-03-26,4,1,65.00
2023-03-25,1,217,14105.00
2023-03-25,2,81,6945.00
2023-03-25,15,30,3225.00
2023-03-25,17,30,3150.00
2023-03-25,20,19,1995.00
2023-03-25,16,9,1215.00
2023-03-25,18,8,1080.00
2023-03-25,3,8,920.00
2023-03-25,19,4,570.00
2023-03-25,7,2,210.00
2023-03-25,5,2,170.00
2023-03-25,4,2,130.00
2023-03-24,1,127,8330.00
2023-03-24,2,45,3885.00
2023-03-24,15,23,2440.00
2023-03-24,20,19,2070.00
2023-03-24,17,16,1730.00
2023-03-24,3,13,1495.00
2023-03-24,16,6,840.00
2023-03-24,4,9,585.00
2023-03-24,18,3,405.00
2023-03-24,6,2,230.00
2023-03-24,19,1,135.00
2023-03-24,7,1,105.00
2023-03-23,1,80,5230.00
2023-03-23,2,32,2760.00
2023-03-23,20,13,1415.00
2023-03-23,3,10,1175.00
2023-03-23,15,11,1155.00
2023-03-23,17,10,1075.00
2023-03-23,16,7,945.00
2023-03-23,4,5,325.00
2023-03-23,19,2,270.00
2023-03-22,1,122,7930.00
2023-03-22,2,44,3740.00
2023-03-22,15,21,2205.00
2023-03-22,17,17,1785.00
2023-03-22,18,9,1215.00
2023-03-22,20,7,735.00
2023-03-22,3,6,690.00
2023-03-22,16,5,675.00
2023-03-22,4,10,650.00
2023-03-22,5,5,425.00
2023-03-22,19,1,135.00
2023-03-21,1,129,8490.00
2023-03-21,2,38,3290.00
2023-03-21,15,28,3115.00
2023-03-21,17,16,1755.00
2023-03-21,20,8,865.00
2023-03-21,18,6,840.00
2023-03-21,3,7,830.00
2023-03-21,19,6,810.00
2023-03-21,4,3,195.00
2023-03-21,16,1,135.00
2023-03-21,5,1,85.00
2023-03-20,1,138,8225.00
2023-03-20,2,38,2975.00
2023-03-20,15,25,2470.00
2023-03-20,17,25,2415.00
2023-03-20,20,11,1050.00
2023-03-20,16,5,675.00
2023-03-20,3,4,460.00
2023-03-20,19,3,270.00
2023-03-20,5,2,170.00
2023-03-20,8,1,135.00
2023-03-20,18,1,135.00
2023-03-20,7,1,105.00
